x1,x2,x3,x4,x5,x6,x7,x8,x9,x10,x11,x12,x13,x14,x15,x16,x17,x18,x19,x20,x21,x22,x23,x24,x25,x26,x27,x28,x29,x30,x31,x32,x33,x34,x35,x36,x37,x38,x39,x40,x41,x42,x43,x44,x45,x46,x47,x48,x49,x50,x51,x52,x53,x54,x55,x56,x57,x58,x59,x60,x61,x62,x63
Iya,Jakarta,Rumah,4,Sejuk,> 2200 VA,Tidak,lebih dari 20,Tidak ada,Tidak ada,1,Tidak ada,1,Tidak ada,Tidak ada,Tidak ada,Tidak ada,3,1,1,4,Tidak ada,lebih dari 5,1,4.0,5.0,7.0,3.0,9.0,8.0,2.0,6.0,10.0,1.0,2 - 4 jam,4 - 8 jam,> 8 jam,> 12 jam,2 - 4 jam,8 - 12 jam,> 4 Kali,> 4 kali,Ya,Ya,Tidak,Tidak,Tidak,Ya,Ya,9-12 Jam,> 12 Jam,3-8 Jam,3-8 Jam,3-8 Jam,9-12 Jam,TIdak,Tidak mempunyai kendaraan listrik,Rp. 1.000.001 - Rp 1.500.000,Naik Turun ( Tiap Bulan Naik 100.000 atau Turun 100.000),"Januari, Juni, Juli, Desember",Malam (19:00 - 04:59),3.0,mengurangi penggunaan alat elektronik untuk menurunkan biaya listrik
Iya,Bandung,Rumah,4,Sejuk,> 2200 VA,Ya,lebih dari 20,2,1,1,1,Tidak ada,Tidak ada,2,3,2,2,2,2,4,Tidak ada,2,2,2.0,4.0,3.0,5.0,8.0,7.0,6.0,9.0,10.0,1.0,4 - 8 jam,4 - 8 jam,4 - 8 jam,8 - 12 jam,8 - 12 jam,4 - 8 jam,2 kali,2 kali,Ya,Ya,Ya,Tidak,Ya,Ya,Tidak,> 12 Jam,3-8 Jam,9-12 Jam,9-12 Jam,3-8 Jam,9-12 Jam,Ya,Tidak mempunyai kendaraan listrik,Rp. 1.500.001 - Rp 2.000.000,Stabil ( Tiap Bulan Beda 100.000),Tidak Ada perbedaan signifikan,Sore (16:00 - 18:59),2.0,-
Iya,Bandung,Kos,1,Sejuk,900 VA,Ya,1-5,1,Tidak ada,Tidak ada,1,Tidak ada,Tidak ada,1,1,1,Tidak ada,1,1,1,Tidak ada,Tidak ada,Tidak ada,1.0,2.0,3.0,4.0,6.0,8.0,5.0,9.0,10.0,7.0,Tidak punya TV,Tidak punya TV,4 - 8 jam,8 - 12 jam,4 - 8 jam,8 - 12 jam,Tidak punya mesin cuci,Tidak punya setrika,Tidak,Tidak,Tidak,Tidak,Tidak,Tidak,Tidak,9-12 Jam,<2 Jam,<2 Jam,<2 Jam,<2 Jam,<2 Jam,TIdak,Tidak mempunyai kendaraan listrik,< Rp. 500.000,Stabil ( Tiap Bulan Beda 100.000),"November, Desember",Malam (19:00 - 04:59),4.0,tidak menyalakan alat yg tidak sering dipakai
Iya,Jakarta,Rumah,> 5,Panas,> 2200 VA,Ya,lebih dari 20,1,1,1,1,1,Tidak ada,Tidak ada,Tidak ada,Tidak ada,1,2,1,4,Tidak ada,2,1,5.0,7.0,4.0,8.0,9.0,10.0,2.0,3.0,6.0,1.0,< 2 jam,< 2 jam,> 8 jam,> 12 jam,Tidak punya komputer,Tidak punya komputer,3 kali,1 kali,Ya,Ya,Tidak,Tidak,Tidak,Tidak,Tidak,9-12 Jam,<2 Jam,<2 Jam,<2 Jam,3-8 Jam,9-12 Jam,Ya,Tidak mempunyai kendaraan listrik,> Rp 2.000.000,Naik Turun ( Tiap Bulan Naik 100.000 atau Turun 100.000),Tidak Ada perbedaan signifikan,Malam (19:00 - 04:59),3.0,pergi
Iya,Jakarta,Rumah,5,Panas,900 VA,Ya,lebih dari 20,1,Tidak ada,1,Tidak ada,Tidak ada,2,1,Tidak ada,Tidak ada,lebih dari 5,Tidak ada,2,lebih dari 5,Tidak ada,2,Tidak ada,1.0,2.0,3.0,4.0,5.0,6.0,7.0,8.0,9.0,10.0,< 2 jam,< 2 jam,4 - 8 jam,4 - 8 jam,4 - 8 jam,4 - 8 jam,Tidak punya mesin cuci,Tidak punya setrika,Tidak,Ya,Tidak,Tidak,Tidak,Tidak,Tidak,3-8 Jam,<2 Jam,3-8 Jam,3-8 Jam,<2 Jam,9-12 Jam,TIdak,Tidak mempunyai kendaraan listrik,Rp. 1.500.001 - Rp 2.000.000,Stabil ( Tiap Bulan Beda 100.000),September,Malam (19:00 - 04:59),3.0,Menghemat pengunaan listrik
Iya,Jakarta,Rumah,> 5,Panas,> 2200 VA,Ya,lebih dari 20,2,Tidak ada,1,1,Tidak ada,Tidak ada,3,1,1,3,2,2,4,Tidak ada,3,2,10.0,9.0,8.0,7.0,6.0,5.0,4.0,3.0,2.0,1.0,< 2 jam,< 2 jam,> 8 jam,8 - 12 jam,8 - 12 jam,8 - 12 jam,> 4 Kali,> 4 kali,Tidak,Tidak,Tidak,Tidak,Tidak,Tidak,Ya,3-8 Jam,> 12 Jam,<2 Jam,<2 Jam,9-12 Jam,<2 Jam,TIdak,Tidak mempunyai kendaraan listrik,> Rp 2.000.000,Stabil ( Tiap Bulan Beda 100.000),Tidak Ada perbedaan signifikan,Malam (19:00 - 04:59),4.0,off button
Iya,Medan,Rumah,3,Sejuk,> 2200 VA,Tidak,10-15,1,Tidak ada,1,1,Tidak ada,Tidak ada,Tidak ada,Tidak ada,Tidak ada,1,1,1,2,Tidak ada,3,2,10.0,9.0,3.0,8.0,7.0,6.0,2.0,5.0,4.0,1.0,< 2 jam,< 2 jam,> 8 jam,8 - 12 jam,Tidak punya komputer,Tidak punya komputer,> 4 Kali,> 4 kali,Tidak,Ya,Ya,nan,nan,nan,Ya,<2 Jam,> 12 Jam,> 12 Jam,> 12 Jam,> 12 Jam,> 12 Jam,Ya,Tidak mempunyai kendaraan listrik,Rp. 1.500.001 - Rp 2.000.000,Terus Mengalami Kenaikan ( Hampir Tiap Bulan Naik 100.000),"Januari, Februari, Maret, April, Mei, Juni, Juli, Agustus, September, Oktober, November, Desember, Tidak Ada perbedaan signifikan",Siang (11:00 - 15:59),1.0,tidak digunakan jika tidak diperlukan
Iya,Jakarta,Rumah,5,Sejuk,> 2200 VA,Ya,lebih dari 20,1,1,1,Tidak ada,1,Tidak ada,Tidak ada,Tidak ada,Tidak ada,1,Tidak ada,1,1,Tidak ada,1,1,8.0,7.0,2.0,10.0,9.0,6.0,5.0,3.0,4.0,1.0,< 2 jam,2 - 4 jam,> 8 jam,> 12 jam,Tidak punya komputer,Tidak punya komputer,> 4 Kali,> 4 kali,Tidak,Ya,Tidak,Tidak,Tidak,Tidak,Tidak,9-12 Jam,<2 Jam,9-12 Jam,9-12 Jam,9-12 Jam,3-8 Jam,Ya,Tidak mempunyai kendaraan listrik,Rp. 1.500.001 - Rp 2.000.000,Stabil ( Tiap Bulan Beda 100.000),Tidak Ada perbedaan signifikan,Malam (19:00 - 04:59),4.0,Dengan tidak menggunakan listrik
Iya,Jakarta,Rumah,4,Panas,1300 VA,Ya,10-15,1,1,1,1,1,Tidak ada,1,1,1,2,2,1,2,1,Tidak ada,1,4.0,6.0,2.0,8.0,10.0,5.0,1.0,9.0,7.0,3.0,2 - 4 jam,< 2 jam,> 8 jam,8 - 12 jam,8 - 12 jam,4 - 8 jam,2 kali,2 kali,Tidak,Tidak,Tidak,Ya,Ya,Tidak,Ya,> 12 Jam,3-8 Jam,3-8 Jam,9-12 Jam,> 12 Jam,<2 Jam,Ya,1-2 Jam,Rp. 1.000.001 - Rp 1.500.000,Stabil ( Tiap Bulan Beda 100.000),Tidak Ada perbedaan signifikan,Sore (16:00 - 18:59),3.0,"Jika tidak digunakan, jangan dinyalakan"
Iya,Bandung,Kos,1,Sejuk,2200 VA,Ya,1-5,Tidak ada,Tidak ada,Tidak ada,Tidak ada,Tidak ada,Tidak ada,Tidak ada,Tidak ada,Tidak ada,1,Tidak ada,1,1,Tidak ada,Tidak ada,Tidak ada,2.0,1.0,5.0,6.0,8.0,9.0,4.0,7.0,10.0,3.0,< 2 jam,< 2 jam,4 - 8 jam,4 - 8 jam,Tidak punya komputer,Tidak punya komputer,Tidak punya mesin cuci,Tidak punya setrika,Tidak,Ya,Tidak,Tidak,Tidak,Tidak,Tidak,9-12 Jam,<2 Jam,9-12 Jam,9-12 Jam,3-8 Jam,9-12 Jam,TIdak,Tidak mempunyai kendaraan listrik,< Rp. 500.000,Stabil ( Tiap Bulan Beda 100.000),Tidak Ada perbedaan signifikan,Malam (19:00 - 04:59),2.0,Hemat listrik
Iya,Depok,Rumah,4,Sejuk,> 2200 VA,Ya,10-15,2,1,2,1,1,Tidak ada,1,1,1,3,1,2,3,Tidak ada,3,1,4.0,7.0,3.0,2.0,10.0,9.0,6.0,8.0,5.0,1.0,4 - 8 jam,8 - 12 jam,> 8 jam,> 12 jam,4 - 8 jam,8 - 12 jam,> 4 Kali,4 kali,Ya,Tidak,Tidak,Ya,Ya,Ya,Tidak,9-12 Jam,<2 Jam,3-8 Jam,3-8 Jam,3-8 Jam,3-8 Jam,TIdak,Tidak mempunyai kendaraan listrik,Rp. 1.500.001 - Rp 2.000.000,Naik Turun ( Tiap Bulan Naik 100.000 atau Turun 100.000),Tidak Ada perbedaan signifikan,Malam (19:00 - 04:59),2.0,matiin lebih banyak alat elektronik saat tidak digunakan (terutama saat pagi/siang dimana jarang orang dirumah) 
Iya,Tokyo,Kos,1,Panas,2200 VA,Ya,1-5,1,1,Tidak ada,Tidak ada,Tidak ada,Tidak ada,1,Tidak ada,1,Tidak ada,Tidak ada,1,1,Tidak ada,Tidak ada,1,3.0,7.0,4.0,5.0,6.0,8.0,2.0,9.0,10.0,1.0,Tidak punya TV,Tidak punya TV,4 - 8 jam,8 - 12 jam,4 - 8 jam,4 - 8 jam,1 kali,Tidak punya setrika,Tidak,Tidak,Tidak,Tidak,Tidak,Tidak,Tidak,3-8 Jam,<2 Jam,<2 Jam,<2 Jam,<2 Jam,<2 Jam,TIdak,Tidak mempunyai kendaraan listrik,< Rp. 500.000,Naik Turun ( Tiap Bulan Naik 100.000 atau Turun 100.000),"Juli, Agustus, September",Malam (19:00 - 04:59),3.0,"Mematikan AC jika tidak perlu / kedinginan, Mematikan lampu saat keluar, mematikan stopkontak saat keluar rumah"
Iya,Jakarta,Rumah,3,Sejuk,2200 VA,Ya,6-10,1,1,Tidak ada,Tidak ada,Tidak ada,1,1,1,Tidak ada,1,2,1,2,Tidak ada,3,1,3.0,4.0,6.0,8.0,2.0,9.0,7.0,10.0,5.0,1.0,4 - 8 jam,2 - 4 jam,> 8 jam,8 - 12 jam,> 12 jam,> 12 jam,3 kali,3 kali,Tidak,Ya,nan,Ya,nan,nan,Ya,> 12 Jam,> 12 Jam,3-8 Jam,3-8 Jam,3-8 Jam,3-8 Jam,TIdak,Tidak mempunyai kendaraan listrik,Rp. 1.500.001 - Rp 2.000.000,Stabil ( Tiap Bulan Beda 100.000),Tidak Ada perbedaan signifikan,Malam (19:00 - 04:59),1.0,doa
Iya,Jakarta,Rumah,1,Sejuk,> 2200 VA,Ya,lebih dari 20,1,1,1,1,1,Tidak ada,1,1,Tidak ada,3,1,2,4,Tidak ada,2,1,3.0,4.0,5.0,6.0,7.0,9.0,2.0,10.0,8.0,1.0,4 - 8 jam,2 - 4 jam,> 8 jam,4 - 8 jam,8 - 12 jam,4 - 8 jam,> 4 Kali,> 4 kali,Tidak,Ya,Tidak,Tidak,Tidak,Tidak,Ya,9-12 Jam,3-8 Jam,3-8 Jam,3-8 Jam,3-8 Jam,9-12 Jam,Ya,Tidak mempunyai kendaraan listrik,Rp. 1.000.001 - Rp 1.500.000,Naik Turun ( Tiap Bulan Naik 100.000 atau Turun 100.000),Tidak Ada perbedaan signifikan,Malam (19:00 - 04:59),3.0,Mematikan listrik untuk barang yang tidak dipakai.
Iya,Depok,Rumah,2,Panas,2200 VA,Tidak,6-10,1,Tidak ada,1,Tidak ada,Tidak ada,Tidak ada,1,1,Tidak ada,1,1,1,1,Tidak ada,1,1,2.0,7.0,3.0,8.0,10.0,5.0,6.0,4.0,9.0,1.0,2 - 4 jam,2 - 4 jam,> 8 jam,8 - 12 jam,8 - 12 jam,4 - 8 jam,3 kali,2 kali,Tidak,Ya,Tidak,Tidak,Ya,Tidak,Ya,9-12 Jam,3-8 Jam,3-8 Jam,3-8 Jam,9-12 Jam,9-12 Jam,Ya,Tidak mempunyai kendaraan listrik,< Rp. 500.000,Stabil ( Tiap Bulan Beda 100.000),Tidak Ada perbedaan signifikan,Malam (19:00 - 04:59),3.0,Mematikan/ mencabut saat tidak dipakai
Iya,Banda Aceh,Rumah,4,Panas,2200 VA,Tidak,lebih dari 20,Tidak ada,Tidak ada,1,Tidak ada,Tidak ada,Tidak ada,1,Tidak ada,Tidak ada,1,Tidak ada,1,3,Tidak ada,1,1,7.0,8.0,5.0,3.0,10.0,9.0,2.0,4.0,6.0,1.0,4 - 8 jam,4 - 8 jam,> 8 jam,8 - 12 jam,< 2 jam,2 - 4 jam,4 kali,4 kali,Ya,Ya,Ya,Ya,Tidak,Ya,Ya,9-12 Jam,9-12 Jam,9-12 Jam,9-12 Jam,9-12 Jam,9-12 Jam,Ya,Tidak mempunyai kendaraan listrik,Rp. 1.500.001 - Rp 2.000.000,Stabil ( Tiap Bulan Beda 100.000),Juni,Siang (11:00 - 15:59),4.0,Tidak menggunakan alat listrik jika tidak  dieprlukan sekali
Iya,Banda Aceh,Rumah,4,Sejuk,1300 VA,Tidak,6-10,1,1,1,Tidak ada,1,Tidak ada,Tidak ada,1,1,1,Tidak ada,1,Tidak ada,Tidak ada,1,1,4.0,10.0,5.0,8.0,9.0,7.0,6.0,2.0,3.0,1.0,< 2 jam,2 - 4 jam,4 - 8 jam,8 - 12 jam,Tidak punya komputer,Tidak punya komputer,3 kali,2 kali,Tidak,Ya,Tidak,Tidak,Tidak,Tidak,Tidak,> 12 Jam,<2 Jam,3-8 Jam,9-12 Jam,<2 Jam,3-8 Jam,Ya,Tidak mempunyai kendaraan listrik,Rp. 1.500.001 - Rp 2.000.000,Stabil ( Tiap Bulan Beda 100.000),Tidak Ada perbedaan signifikan,Malam (19:00 - 04:59),4.0,"Dengan tidak sering menggunakan AC, mencabut charger setelah selesai dll"
Iya,Bekasi,Rumah,3,Panas,> 2200 VA,Ya,lebih dari 20,1,1,1,1,1,Tidak ada,1,1,1,1,Tidak ada,1,1,Tidak ada,1,1,8.0,7.0,9.0,4.0,10.0,5.0,6.0,2.0,3.0,1.0,4 - 8 jam,8 - 12 jam,4 - 8 jam,2 - 4 jam,2 - 4 jam,2 - 4 jam,3 kali,> 4 kali,Tidak,Ya,Tidak,Tidak,Tidak,Tidak,Tidak,3-8 Jam,<2 Jam,<2 Jam,3-8 Jam,3-8 Jam,9-12 Jam,TIdak,Tidak mempunyai kendaraan listrik,> Rp 2.000.000,Stabil ( Tiap Bulan Beda 100.000),Tidak Ada perbedaan signifikan,Malam (19:00 - 04:59),4.0,Menggunakan listrik sesuai kebutuhan.
Iya,Bogor,Rumah,4,Sejuk,2200 VA,Tidak,1-5,1,Tidak ada,1,Tidak ada,1,Tidak ada,1,1,Tidak ada,1,Tidak ada,1,Tidak ada,Tidak ada,1,Tidak ada,7.0,9.0,5.0,4.0,1.0,2.0,6.0,8.0,3.0,10.0,< 2 jam,2 - 4 jam,4 - 8 jam,8 - 12 jam,2 - 4 jam,< 2 jam,Tidak punya mesin cuci,1 kali,Tidak,Ya,Tidak,Tidak,Tidak,Tidak,Tidak,<2 Jam,<2 Jam,<2 Jam,3-8 Jam,3-8 Jam,3-8 Jam,TIdak,Tidak mempunyai kendaraan listrik,< Rp. 500.000,Stabil ( Tiap Bulan Beda 100.000),Tidak Ada perbedaan signifikan,Malam (19:00 - 04:59),4.0,Gunakan AC/listrik hanya saat dibutuhkan
Iya,Ciamis,Rumah,4,Sejuk,1300 VA,Tidak,6-10,1,Tidak ada,Tidak ada,Tidak ada,Tidak ada,Tidak ada,Tidak ada,1,Tidak ada,1,Tidak ada,1,Tidak ada,Tidak ada,1,1,3.0,9.0,8.0,7.0,6.0,5.0,4.0,2.0,10.0,1.0,< 2 jam,< 2 jam,< 2 jam,< 2 jam,Tidak punya komputer,Tidak punya komputer,3 kali,1 kali,Tidak,Ya,Ya,Tidak,Ya,Ya,Ya,3-8 Jam,3-8 Jam,3-8 Jam,<2 Jam,3-8 Jam,<2 Jam,Ya,Tidak mempunyai kendaraan listrik,< Rp. 500.000,Stabil ( Tiap Bulan Beda 100.000),Juli,Siang (11:00 - 15:59),4.0,Kurangi penggunaan lampu
Iya,Aceh Besar,Rumah,4,Sejuk,1300 VA,Tidak,6-10,1,Tidak ada,1,Tidak ada,Tidak ada,Tidak ada,1,Tidak ada,Tidak ada,1,Tidak ada,1,Tidak ada,Tidak ada,1,1,10.0,9.0,8.0,7.0,6.0,5.0,4.0,3.0,2.0,1.0,< 2 jam,< 2 jam,> 8 jam,8 - 12 jam,2 - 4 jam,< 2 jam,> 4 Kali,3 kali,Tidak,Ya,nan,nan,nan,nan,nan,3-8 Jam,3-8 Jam,<2 Jam,9-12 Jam,9-12 Jam,9-12 Jam,Ya,Tidak mempunyai kendaraan listrik,< Rp. 500.000,Stabil ( Tiap Bulan Beda 100.000),Tidak Ada perbedaan signifikan,Sore (16:00 - 18:59),4.0,Dengan selalu mematikan lampu
Iya,Pekanbaru,Rumah,3,Panas,2200 VA,Tidak,6-10,1,Tidak ada,1,Tidak ada,Tidak ada,Tidak ada,Tidak ada,Tidak ada,Tidak ada,1,Tidak ada,3,2,Tidak ada,1,1,2.0,3.0,7.0,5.0,10.0,6.0,8.0,4.0,9.0,1.0,2 - 4 jam,4 - 8 jam,> 8 jam,8 - 12 jam,< 2 jam,< 2 jam,2 kali,2 kali,Tidak,Ya,Tidak,Tidak,Tidak,Tidak,Ya,3-8 Jam,3-8 Jam,<2 Jam,<2 Jam,<2 Jam,9-12 Jam,Ya,Tidak mempunyai kendaraan listrik,Rp. 500.000 - Rp. 1.000.000,Naik Turun ( Tiap Bulan Naik 100.000 atau Turun 100.000),Tidak Ada perbedaan signifikan,Malam (19:00 - 04:59),4.0,bila tidak perlu segera dimatikan lampu dan alat elektronik
Iya,Tangerang Selatan,Rumah,5,Sejuk,> 2200 VA,Ya,lebih dari 20,1,1,1,1,Tidak ada,Tidak ada,3,1,Tidak ada,2,Tidak ada,1,5,1,1,1,5.0,6.0,9.0,8.0,10.0,7.0,3.0,1.0,2.0,4.0,4 - 8 jam,> 12 jam,> 8 jam,> 12 jam,< 2 jam,< 2 jam,> 4 Kali,> 4 kali,Tidak,Ya,Tidak,Tidak,Ya,Ya,Ya,9-12 Jam,> 12 Jam,<2 Jam,9-12 Jam,3-8 Jam,> 12 Jam,TIdak,>4 Jam,Rp. 1.500.001 - Rp 2.000.000,Stabil ( Tiap Bulan Beda 100.000),Tidak Ada perbedaan signifikan,Malam (19:00 - 04:59),3.0,Mematikan lampu yg tidak digunakan
Iya,Aceh Besar,Rumah,4,Sejuk,450 VA,Tidak,6-10,1,1,1,Tidak ada,Tidak ada,Tidak ada,1,1,Tidak ada,1,1,1,Tidak ada,Tidak ada,1,1,6.0,7.0,4.0,5.0,10.0,9.0,8.0,2.0,3.0,1.0,2 - 4 jam,4 - 8 jam,4 - 8 jam,8 - 12 jam,4 - 8 jam,4 - 8 jam,3 kali,3 kali,Tidak,Ya,Tidak,Ya,Tidak,Tidak,Tidak,<2 Jam,<2 Jam,<2 Jam,<2 Jam,3-8 Jam,9-12 Jam,Ya,Tidak mempunyai kendaraan listrik,< Rp. 500.000,Stabil ( Tiap Bulan Beda 100.000),Tidak Ada perbedaan signifikan,Malam (19:00 - 04:59),2.0,Mematikan perangkat elektronik ketika tidak digunakan
Iya,Blangpidie,Kontrakan,3,Panas,1300 VA,Tidak,10-15,1,Tidak ada,1,1,Tidak ada,Tidak ada,Tidak ada,Tidak ada,Tidak ada,1,Tidak ada,1,Tidak ada,Tidak ada,1,Tidak ada,6.0,4.0,7.0,8.0,10.0,9.0,3.0,2.0,5.0,1.0,< 2 jam,2 - 4 jam,> 8 jam,8 - 12 jam,Tidak punya komputer,Tidak punya komputer,Tidak punya mesin cuci,3 kali,Tidak,Ya,Ya,nan,nan,nan,nan,9-12 Jam,<2 Jam,3-8 Jam,3-8 Jam,3-8 Jam,9-12 Jam,Ya,Tidak mempunyai kendaraan listrik,< Rp. 500.000,Stabil ( Tiap Bulan Beda 100.000),Tidak Ada perbedaan signifikan,Malam (19:00 - 04:59),4.0,Mematikan lampu dan mencabut colokan listrik jika tidak digunakan
Iya,Pidie Jaya,Rumah,1,Panas,1300 VA,Tidak,6-10,1,Tidak ada,1,Tidak ada,Tidak ada,Tidak ada,1,Tidak ada,Tidak ada,Tidak ada,Tidak ada,1,1,Tidak ada,1,Tidak ada,4.0,5.0,3.0,8.0,9.0,7.0,2.0,6.0,10.0,1.0,Tidak punya TV,Tidak punya TV,> 8 jam,> 12 jam,8 - 12 jam,> 12 jam,Tidak punya mesin cuci,1 kali,Ya,Tidak,Tidak,Tidak,Tidak,Ya,Ya,9-12 Jam,<2 Jam,<2 Jam,<2 Jam,3-8 Jam,<2 Jam,TIdak,Tidak mempunyai kendaraan listrik,< Rp. 500.000,Stabil ( Tiap Bulan Beda 100.000),Tidak Ada perbedaan signifikan,Malam (19:00 - 04:59),2.0,"Tidak selalu menyalakan AC, mengganti lampu dengan hemat energi, mematikan lampu yang tidak dibutuhkan seperti lampu kamar mandi/dapur/ruang tamu"
Iya,Sabang,Rumah,3,Sejuk,1300 VA,Tidak,6-10,1,Tidak ada,1,Tidak ada,Tidak ada,Tidak ada,Tidak ada,1,Tidak ada,1,Tidak ada,1,1,Tidak ada,1,1,4.0,3.0,6.0,7.0,10.0,8.0,5.0,2.0,9.0,1.0,< 2 jam,2 - 4 jam,4 - 8 jam,4 - 8 jam,Tidak punya komputer,Tidak punya komputer,3 kali,3 kali,Tidak,Ya,Ya,Tidak,Tidak,Tidak,Tidak,3-8 Jam,3-8 Jam,3-8 Jam,3-8 Jam,3-8 Jam,9-12 Jam,Ya,Tidak mempunyai kendaraan listrik,Rp. 500.000 - Rp. 1.000.000,Stabil ( Tiap Bulan Beda 100.000),Tidak Ada perbedaan signifikan,Malam (19:00 - 04:59),4.0,Mematikan alat listrik jika tidak di gunakan. Gunakan lampu seperlunya. 
Iya,Banda Aceh,Rumah,3,Panas,450 VA,Tidak,6-10,1,1,1,1,Tidak ada,Tidak ada,1,Tidak ada,Tidak ada,1,Tidak ada,1,1,Tidak ada,2,Tidak ada,2.0,1.0,3.0,4.0,9.0,5.0,6.0,7.0,10.0,8.0,2 - 4 jam,4 - 8 jam,4 - 8 jam,4 - 8 jam,2 - 4 jam,2 - 4 jam,Tidak punya mesin cuci,1 kali,Tidak,Ya,Tidak,Ya,Tidak,Tidak,Tidak,3-8 Jam,<2 Jam,<2 Jam,9-12 Jam,<2 Jam,> 12 Jam,Ya,Tidak mempunyai kendaraan listrik,< Rp. 500.000,Stabil ( Tiap Bulan Beda 100.000),Mei,Malam (19:00 - 04:59),4.0,Jaga penggunaan yg tidak perlu
Iya,Jakarta,Rumah,4,Sejuk,1300 VA,Tidak,10-15,1,1,Tidak ada,Tidak ada,Tidak ada,Tidak ada,Tidak ada,Tidak ada,Tidak ada,Tidak ada,Tidak ada,1,1,Tidak ada,3,Tidak ada,6.0,1.0,2.0,9.0,10.0,8.0,3.0,4.0,7.0,5.0,Tidak punya TV,Tidak punya TV,> 8 jam,> 12 jam,Tidak punya komputer,Tidak punya komputer,Tidak punya mesin cuci,3 kali,Ya,Ya,Tidak,Tidak,Tidak,Ya,Tidak,> 12 Jam,3-8 Jam,<2 Jam,<2 Jam,<2 Jam,9-12 Jam,TIdak,Tidak mempunyai kendaraan listrik,Rp. 500.000 - Rp. 1.000.000,Stabil ( Tiap Bulan Beda 100.000),Tidak Ada perbedaan signifikan,Malam (19:00 - 04:59),2.0,-
Iya,Banda Aceh,Rumah,3,Panas,900 VA,Tidak,6-10,1,Tidak ada,1,Tidak ada,Tidak ada,Tidak ada,1,Tidak ada,Tidak ada,1,Tidak ada,1,2,Tidak ada,2,Tidak ada,4.0,2.0,6.0,7.0,10.0,8.0,3.0,5.0,9.0,1.0,2 - 4 jam,2 - 4 jam,> 8 jam,8 - 12 jam,< 2 jam,< 2 jam,Tidak punya mesin cuci,1 kali,Tidak,Ya,Tidak,Tidak,Tidak,Tidak,Ya,3-8 Jam,9-12 Jam,<2 Jam,3-8 Jam,3-8 Jam,9-12 Jam,Ya,Tidak mempunyai kendaraan listrik,< Rp. 500.000,Naik Turun ( Tiap Bulan Naik 100.000 atau Turun 100.000),Tidak Ada perbedaan signifikan,Malam (19:00 - 04:59),4.0,menghemat penggunaan
Iya,Banda Aceh,Rumah,> 5,Sejuk,1300 VA,Tidak,16-20,1,1,1,Tidak ada,Tidak ada,Tidak ada,Tidak ada,1,Tidak ada,2,Tidak ada,2,2,Tidak ada,2,1,6.0,5.0,4.0,7.0,10.0,8.0,9.0,3.0,2.0,1.0,< 2 jam,2 - 4 jam,4 - 8 jam,4 - 8 jam,4 - 8 jam,< 2 jam,> 4 Kali,3 kali,Tidak,Ya,Tidak,Tidak,Tidak,Tidak,Ya,3-8 Jam,3-8 Jam,3-8 Jam,3-8 Jam,3-8 Jam,3-8 Jam,Ya,Tidak mempunyai kendaraan listrik,Rp. 1.500.001 - Rp 2.000.000,Stabil ( Tiap Bulan Beda 100.000),Tidak Ada perbedaan signifikan,Malam (19:00 - 04:59),4.0,Setel waktu ac
Iya,Banda Aceh,Rumah,> 5,Panas,1300 VA,Tidak,lebih dari 20,1,Tidak ada,1,Tidak ada,Tidak ada,Tidak ada,Tidak ada,1,Tidak ada,1,Tidak ada,1,2,Tidak ada,2,1,4.0,7.0,5.0,8.0,9.0,6.0,10.0,2.0,3.0,1.0,< 2 jam,< 2 jam,4 - 8 jam,4 - 8 jam,Tidak punya komputer,Tidak punya komputer,> 4 Kali,3 kali,Tidak,Ya,Tidak,Tidak,Tidak,Tidak,Tidak,3-8 Jam,3-8 Jam,<2 Jam,3-8 Jam,3-8 Jam,3-8 Jam,TIdak,Tidak mempunyai kendaraan listrik,Rp. 1.000.001 - Rp 1.500.000,Stabil ( Tiap Bulan Beda 100.000),Tidak Ada perbedaan signifikan,Malam (19:00 - 04:59),4.0,Mematikan lampu dan alat elektronik saat tidak digunakan
Iya,Bandung,Rumah,3,Sejuk,1300 VA,Tidak,6-10,1,Tidak ada,1,Tidak ada,Tidak ada,Tidak ada,2,Tidak ada,1,Tidak ada,Tidak ada,1,1,Tidak ada,3,1,9.0,8.0,1.0,5.0,7.0,10.0,6.0,4.0,3.0,2.0,Tidak punya TV,Tidak punya TV,4 - 8 jam,8 - 12 jam,> 12 jam,> 12 jam,3 kali,4 kali,Tidak,Ya,Tidak,Tidak,Ya,Tidak,Ya,3-8 Jam,> 12 Jam,3-8 Jam,3-8 Jam,3-8 Jam,3-8 Jam,TIdak,Tidak mempunyai kendaraan listrik,< Rp. 500.000,Stabil ( Tiap Bulan Beda 100.000),Tidak Ada perbedaan signifikan,Siang (11:00 - 15:59),3.0,Dipakai saat butuh
Iya,Semarang,Kos,1,Panas,900 VA,Tidak,1-5,1,Tidak ada,Tidak ada,Tidak ada,Tidak ada,1,Tidak ada,1,Tidak ada,Tidak ada,Tidak ada,Tidak ada,1,Tidak ada,1,Tidak ada,6.0,4.0,1.0,7.0,5.0,9.0,8.0,3.0,10.0,2.0,Tidak punya TV,Tidak punya TV,4 - 8 jam,4 - 8 jam,Tidak punya komputer,Tidak punya komputer,Tidak punya mesin cuci,1 kali,Tidak,Tidak,Tidak,Tidak,Tidak,Tidak,Tidak,9-12 Jam,<2 Jam,<2 Jam,<2 Jam,<2 Jam,<2 Jam,Ya,Tidak mempunyai kendaraan listrik,< Rp. 500.000,Stabil ( Tiap Bulan Beda 100.000),Tidak Ada perbedaan signifikan,Malam (19:00 - 04:59),3.0,"mencabut semua kabel perangkat listrik yang sudah tidak dipakai, tidak menyalakan lampu jika sedang tidak dipakai"
Iya,Lombok,Rumah,> 5,Panas,> 2200 VA,Ya,lebih dari 20,2,1,2,1,1,Tidak ada,2,1,Tidak ada,2,1,3,3,Tidak ada,3,2,9.0,10.0,8.0,7.0,6.0,5.0,4.0,2.0,3.0,1.0,> 8 jam,8 - 12 jam,> 8 jam,> 12 jam,4 - 8 jam,4 - 8 jam,> 4 Kali,> 4 kali,Ya,Ya,Ya,Ya,Tidak,Tidak,Ya,> 12 Jam,> 12 Jam,> 12 Jam,> 12 Jam,> 12 Jam,> 12 Jam,Ya,Tidak mempunyai kendaraan listrik,> Rp 2.000.000,Naik Turun ( Tiap Bulan Naik 100.000 atau Turun 100.000),Desember,Malam (19:00 - 04:59),3.0,Mematikan alat 2 elektronik yg tidak terpakai 
Iya,Tegal,Rumah,3,Sejuk,1300 VA,Tidak,6-10,1,Tidak ada,1,1,Tidak ada,Tidak ada,Tidak ada,Tidak ada,Tidak ada,1,Tidak ada,1,4,Tidak ada,1,1,8.0,9.0,7.0,4.0,5.0,10.0,3.0,2.0,6.0,1.0,< 2 jam,2 - 4 jam,2 - 4 jam,4 - 8 jam,< 2 jam,2 - 4 jam,1 kali,1 kali,Tidak,Ya,Tidak,Tidak,Tidak,Ya,Tidak,3-8 Jam,<2 Jam,<2 Jam,<2 Jam,<2 Jam,3-8 Jam,Ya,Tidak mempunyai kendaraan listrik,Rp. 500.000 - Rp. 1.000.000,Stabil ( Tiap Bulan Beda 100.000),"Mei, Desember",Siang (11:00 - 15:59),4.0,"hemat energi, hemat biaya"
Iya,Banda Aceh,Rumah,3,Sejuk,1300 VA,Tidak,6-10,1,Tidak ada,1,Tidak ada,Tidak ada,Tidak ada,2,Tidak ada,Tidak ada,Tidak ada,Tidak ada,1,1,Tidak ada,1,1,3.0,6.0,1.0,10.0,9.0,8.0,2.0,4.0,7.0,5.0,Tidak punya TV,Tidak punya TV,> 8 jam,8 - 12 jam,8 - 12 jam,< 2 jam,4 kali,2 kali,Tidak,Tidak,Tidak,Tidak,Tidak,Ya,Ya,3-8 Jam,<2 Jam,3-8 Jam,3-8 Jam,<2 Jam,3-8 Jam,Ya,Tidak mempunyai kendaraan listrik,< Rp. 500.000,Naik Turun ( Tiap Bulan Naik 100.000 atau Turun 100.000),Tidak Ada perbedaan signifikan,Siang (11:00 - 15:59),4.0,"Mematikan listrik saat tidak digunakan, menggunakan listri seperlu nya saja "
Iya,Banda Aceh,Rumah,5,Sejuk,2200 VA,Tidak,lebih dari 20,1,Tidak ada,1,Tidak ada,Tidak ada,Tidak ada,3,1,Tidak ada,3,3,1,3,Tidak ada,1,1,6.0,5.0,7.0,8.0,10.0,9.0,2.0,4.0,3.0,1.0,4 - 8 jam,8 - 12 jam,> 8 jam,8 - 12 jam,4 - 8 jam,4 - 8 jam,4 kali,4 kali,Tidak,Tidak,Tidak,Ya,Tidak,Ya,Tidak,9-12 Jam,<2 Jam,3-8 Jam,9-12 Jam,3-8 Jam,9-12 Jam,Ya,Tidak mempunyai kendaraan listrik,Rp. 1.500.001 - Rp 2.000.000,Naik Turun ( Tiap Bulan Naik 100.000 atau Turun 100.000),Tidak Ada perbedaan signifikan,Malam (19:00 - 04:59),3.0,Berhemat penggunaan listrik di malam hari dan siang hari
Iya,Yogyakarta,Rumah,2,Sejuk,1300 VA,Tidak,10-15,1,Tidak ada,1,1,Tidak ada,Tidak ada,Tidak ada,Tidak ada,Tidak ada,2,Tidak ada,2,1,Tidak ada,2,1,3.0,4.0,10.0,5.0,9.0,6.0,2.0,7.0,8.0,1.0,2 - 4 jam,2 - 4 jam,< 2 jam,4 - 8 jam,Tidak punya komputer,Tidak punya komputer,2 kali,3 kali,Tidak,Ya,Tidak,Tidak,Tidak,Tidak,Ya,3-8 Jam,9-12 Jam,3-8 Jam,3-8 Jam,3-8 Jam,9-12 Jam,Ya,Tidak mempunyai kendaraan listrik,< Rp. 500.000,Stabil ( Tiap Bulan Beda 100.000),Tidak Ada perbedaan signifikan,Sore (16:00 - 18:59),4.0,"pake lampu LED, ventilasi yg cukup, cabut perangkat elektronik yg sdh tidak digunakan, gunakan peralatan listrik sesuai kapasitasnya untuk mengurangi konsumsi daya yang tidak perlu"
Iya,Jakarta,Rumah,> 5,Panas,> 2200 VA,Tidak,16-20,3,1,1,1,Tidak ada,Tidak ada,1,1,Tidak ada,2,1,1,4,Tidak ada,3,1,5.0,7.0,8.0,6.0,9.0,10.0,3.0,4.0,2.0,1.0,4 - 8 jam,8 - 12 jam,4 - 8 jam,> 12 jam,2 - 4 jam,2 - 4 jam,3 kali,4 kali,Ya,Ya,Tidak,Tidak,Tidak,Ya,Tidak,3-8 Jam,<2 Jam,<2 Jam,> 12 Jam,> 12 Jam,9-12 Jam,Ya,Tidak mempunyai kendaraan listrik,> Rp 2.000.000,Stabil ( Tiap Bulan Beda 100.000),Tidak Ada perbedaan signifikan,Malam (19:00 - 04:59),3.0,"Hanya menyalakan lampu di malam hari, tidak pakai ac saat siang kecuali diatas jam 10 Siang"
Iya,Bogor,Rumah,3,Sejuk,2200 VA,Tidak,6-10,1,Tidak ada,1,Tidak ada,Tidak ada,Tidak ada,Tidak ada,Tidak ada,Tidak ada,1,Tidak ada,1,2,Tidak ada,1,Tidak ada,5.0,2.0,7.0,4.0,10.0,3.0,6.0,8.0,9.0,1.0,4 - 8 jam,4 - 8 jam,4 - 8 jam,4 - 8 jam,8 - 12 jam,4 - 8 jam,Tidak punya mesin cuci,2 kali,Tidak,Ya,Ya,Tidak,Tidak,Tidak,Tidak,3-8 Jam,<2 Jam,3-8 Jam,3-8 Jam,3-8 Jam,9-12 Jam,Ya,Tidak mempunyai kendaraan listrik,< Rp. 500.000,Stabil ( Tiap Bulan Beda 100.000),Agustus,Malam (19:00 - 04:59),4.0,mengurangi pemakaian yang tidak terlalu penting
Iya,Tangerang Selatan,Rumah,> 5,Panas,> 2200 VA,Ya,lebih dari 20,1,2,Tidak ada,1,Tidak ada,Tidak ada,1,2,Tidak ada,1,Tidak ada,1,1,Tidak ada,1,1,4.0,5.0,6.0,7.0,10.0,8.0,9.0,2.0,3.0,1.0,4 - 8 jam,8 - 12 jam,> 8 jam,8 - 12 jam,Tidak punya komputer,Tidak punya komputer,> 4 Kali,> 4 kali,Ya,Ya,Tidak,Tidak,Ya,Ya,Tidak,3-8 Jam,3-8 Jam,9-12 Jam,3-8 Jam,9-12 Jam,9-12 Jam,TIdak,Tidak mempunyai kendaraan listrik,> Rp 2.000.000,Stabil ( Tiap Bulan Beda 100.000),Tidak Ada perbedaan signifikan,Malam (19:00 - 04:59),4.0,Mematikan yang tidak digunakan
Iya,Aceh Besar,Rumah,3,Panas,900 VA,Tidak,6-10,1,Tidak ada,1,Tidak ada,Tidak ada,Tidak ada,Tidak ada,1,Tidak ada,1,Tidak ada,1,1,Tidak ada,2,Tidak ada,4.0,1.0,6.0,8.0,9.0,10.0,7.0,2.0,5.0,3.0,4 - 8 jam,4 - 8 jam,> 8 jam,8 - 12 jam,Tidak punya komputer,Tidak punya komputer,Tidak punya mesin cuci,2 kali,Tidak,Ya,Tidak,Tidak,Ya,Tidak,Tidak,3-8 Jam,<2 Jam,<2 Jam,3-8 Jam,3-8 Jam,3-8 Jam,Ya,Tidak mempunyai kendaraan listrik,< Rp. 500.000,Stabil ( Tiap Bulan Beda 100.000),Tidak Ada perbedaan signifikan,Sore (16:00 - 18:59),4.0,Membatasi penggunaan elektronik jika tidak diperlukan
Iya,Banda Aceh,Rumah,5,Panas,2200 VA,Tidak,6-10,1,Tidak ada,1,Tidak ada,Tidak ada,Tidak ada,Tidak ada,Tidak ada,Tidak ada,1,Tidak ada,1,2,Tidak ada,2,1,4.0,5.0,6.0,8.0,10.0,7.0,2.0,3.0,9.0,1.0,< 2 jam,< 2 jam,4 - 8 jam,8 - 12 jam,Tidak punya komputer,Tidak punya komputer,2 kali,1 kali,Tidak,Ya,Tidak,Tidak,Tidak,Tidak,Tidak,3-8 Jam,3-8 Jam,<2 Jam,<2 Jam,3-8 Jam,9-12 Jam,Ya,Tidak mempunyai kendaraan listrik,Rp. 500.000 - Rp. 1.000.000,Stabil ( Tiap Bulan Beda 100.000),Tidak Ada perbedaan signifikan,Malam (19:00 - 04:59),4.0,Dengan mematikan lampu yg tidak di perlukan
Iya,Banda Aceh,Rumah,2,Panas,2200 VA,Tidak,6-10,2,Tidak ada,1,Tidak ada,Tidak ada,Tidak ada,2,1,Tidak ada,1,2,Tidak ada,1,Tidak ada,2,1,3.0,4.0,2.0,5.0,6.0,7.0,8.0,9.0,10.0,1.0,< 2 jam,2 - 4 jam,> 8 jam,> 12 jam,8 - 12 jam,2 - 4 jam,2 kali,2 kali,Tidak,Ya,Tidak,Ya,Tidak,Ya,Ya,9-12 Jam,3-8 Jam,<2 Jam,9-12 Jam,3-8 Jam,9-12 Jam,Ya,Tidak mempunyai kendaraan listrik,< Rp. 500.000,Stabil ( Tiap Bulan Beda 100.000),Tidak Ada perbedaan signifikan,Malam (19:00 - 04:59),4.0,Pemakaian listrik sesuai kebutuhan
Iya,Langsa,Rumah,4,Sejuk,2200 VA,Ya,6-10,1,1,1,1,Tidak ada,Tidak ada,Tidak ada,1,Tidak ada,1,Tidak ada,1,1,Tidak ada,Tidak ada,1,5.0,4.0,2.0,3.0,7.0,6.0,8.0,1.0,10.0,9.0,< 2 jam,< 2 jam,4 - 8 jam,8 - 12 jam,< 2 jam,< 2 jam,3 kali,3 kali,Ya,Ya,Tidak,Tidak,Ya,Ya,Tidak,> 12 Jam,3-8 Jam,3-8 Jam,3-8 Jam,9-12 Jam,9-12 Jam,Ya,Tidak mempunyai kendaraan listrik,Rp. 500.000 - Rp. 1.000.000,Naik Turun ( Tiap Bulan Naik 100.000 atau Turun 100.000),Tidak Ada perbedaan signifikan,Malam (19:00 - 04:59),4.0,Menggunakan elektronik seperlunya 
Iya,Jakarta,Rumah,4,Panas,2200 VA,Ya,16-20,1,1,1,1,1,1,1,2,1,2,Tidak ada,1,2,Tidak ada,2,1,3.0,6.0,4.0,9.0,10.0,8.0,7.0,2.0,5.0,1.0,4 - 8 jam,8 - 12 jam,4 - 8 jam,4 - 8 jam,2 - 4 jam,2 - 4 jam,4 kali,4 kali,Tidak,Ya,Tidak,Tidak,Tidak,Ya,Ya,3-8 Jam,9-12 Jam,3-8 Jam,3-8 Jam,3-8 Jam,3-8 Jam,Ya,Tidak mempunyai kendaraan listrik,Rp. 1.000.001 - Rp 1.500.000,Naik Turun ( Tiap Bulan Naik 100.000 atau Turun 100.000),Tidak Ada perbedaan signifikan,Malam (19:00 - 04:59),4.0,Mematikan yg tdk perlu
Iya,Tapaktuan,Rumah,4,Panas,2200 VA,Tidak,6-10,1,Tidak ada,1,Tidak ada,Tidak ada,Tidak ada,Tidak ada,Tidak ada,Tidak ada,1,Tidak ada,2,3,Tidak ada,3,Tidak ada,7.0,1.0,5.0,6.0,8.0,9.0,4.0,3.0,10.0,2.0,< 2 jam,< 2 jam,4 - 8 jam,4 - 8 jam,Tidak punya komputer,Tidak punya komputer,Tidak punya mesin cuci,1 kali,Tidak,Ya,Tidak,Tidak,Tidak,Ya,Tidak,3-8 Jam,<2 Jam,<2 Jam,<2 Jam,<2 Jam,3-8 Jam,Ya,Tidak mempunyai kendaraan listrik,Rp. 500.000 - Rp. 1.000.000,Stabil ( Tiap Bulan Beda 100.000),Tidak Ada perbedaan signifikan,Malam (19:00 - 04:59),4.0,Mengurangi pemakaian peralatan listrik yang tidak perlu 
Iya,Bekasi,Rumah,> 5,Panas,2200 VA,Tidak,10-15,1,Tidak ada,1,Tidak ada,1,Tidak ada,3,1,Tidak ada,1,Tidak ada,2,3,Tidak ada,5,2,5.0,7.0,3.0,6.0,8.0,9.0,4.0,2.0,1.0,10.0,4 - 8 jam,8 - 12 jam,4 - 8 jam,> 12 jam,4 - 8 jam,< 2 jam,> 4 Kali,> 4 kali,Ya,Ya,Ya,Tidak,Ya,Tidak,Ya,> 12 Jam,> 12 Jam,9-12 Jam,3-8 Jam,> 12 Jam,9-12 Jam,TIdak,Tidak mempunyai kendaraan listrik,Rp. 1.000.001 - Rp 1.500.000,Stabil ( Tiap Bulan Beda 100.000),Tidak Ada perbedaan signifikan,Malam (19:00 - 04:59),4.0,memtikan listrik ketika tidak digunakan
Iya,Banda Aceh,Rumah,1,Sejuk,2200 VA,Tidak,6-10,1,Tidak ada,1,Tidak ada,Tidak ada,Tidak ada,Tidak ada,1,Tidak ada,Tidak ada,Tidak ada,3,1,Tidak ada,4,1,6.0,1.0,8.0,2.0,4.0,3.0,7.0,5.0,9.0,10.0,< 2 jam,< 2 jam,4 - 8 jam,4 - 8 jam,< 2 jam,< 2 jam,4 kali,4 kali,Ya,Ya,Tidak,Tidak,Ya,Ya,Tidak,3-8 Jam,<2 Jam,3-8 Jam,3-8 Jam,9-12 Jam,9-12 Jam,Ya,Tidak mempunyai kendaraan listrik,Rp. 500.000 - Rp. 1.000.000,Stabil ( Tiap Bulan Beda 100.000),Tidak Ada perbedaan signifikan,Malam (19:00 - 04:59),3.0,Memadamkan peralatan listrik yang tidak digunakan
Iya,Banda Aceh,Rumah,4,Sejuk,2200 VA,Tidak,16-20,1,1,1,Tidak ada,Tidak ada,Tidak ada,1,1,Tidak ada,1,1,1,2,Tidak ada,2,1,6.0,9.0,4.0,2.0,1.0,3.0,5.0,7.0,8.0,10.0,2 - 4 jam,2 - 4 jam,4 - 8 jam,4 - 8 jam,4 - 8 jam,2 - 4 jam,1 kali,1 kali,Ya,Ya,Tidak,Ya,Ya,Ya,Ya,3-8 Jam,3-8 Jam,<2 Jam,3-8 Jam,3-8 Jam,3-8 Jam,Ya,Tidak mempunyai kendaraan listrik,Rp. 500.000 - Rp. 1.000.000,Stabil ( Tiap Bulan Beda 100.000),Agustus,Malam (19:00 - 04:59),4.0,Dengan memanfaatkan dan menghidupkan peralatan listrik yang dibutuhkan saja
Iya,Mataram,Rumah,3,Sejuk,1300 VA,Ya,10-15,2,1,1,Tidak ada,1,Tidak ada,3,2,Tidak ada,1,1,1,3,Tidak ada,1,1,7.0,8.0,2.0,9.0,10.0,5.0,4.0,3.0,6.0,1.0,4 - 8 jam,> 12 jam,4 - 8 jam,> 12 jam,8 - 12 jam,8 - 12 jam,4 kali,> 4 kali,Tidak,Ya,Tidak,Ya,Tidak,Tidak,Ya,3-8 Jam,9-12 Jam,<2 Jam,3-8 Jam,3-8 Jam,9-12 Jam,TIdak,Tidak mempunyai kendaraan listrik,Rp. 500.000 - Rp. 1.000.000,Stabil ( Tiap Bulan Beda 100.000),Desember,Malam (19:00 - 04:59),4.0,Meminimalisir penggunaan barang yg membutuhkan listrik
Iya,Aceh Besar,Rumah,> 5,Sejuk,1300 VA,Tidak,6-10,lebih dari 5,Tidak ada,4,1,Tidak ada,Tidak ada,Tidak ada,Tidak ada,1,1,Tidak ada,5,3,Tidak ada,2,1,5.0,8.0,4.0,10.0,9.0,6.0,2.0,3.0,7.0,1.0,< 2 jam,< 2 jam,> 8 jam,8 - 12 jam,4 - 8 jam,4 - 8 jam,3 kali,3 kali,Ya,Ya,Tidak,Tidak,Tidak,Ya,Tidak,9-12 Jam,3-8 Jam,3-8 Jam,3-8 Jam,9-12 Jam,9-12 Jam,Ya,Tidak mempunyai kendaraan listrik,Rp. 500.000 - Rp. 1.000.000,Stabil ( Tiap Bulan Beda 100.000),Mei,Malam (19:00 - 04:59),4.0,menghemat listrik dengan cara mematikan apabila tidak dipergunakan lagi
Iya,Aceh Barat Daya,Rumah,> 5,Sejuk,1300 VA,Ya,16-20,1,1,1,Tidak ada,1,1,1,Tidak ada,Tidak ada,Tidak ada,Tidak ada,2,Tidak ada,Tidak ada,3,1,4.0,5.0,3.0,10.0,9.0,8.0,2.0,6.0,7.0,1.0,Tidak punya TV,Tidak punya TV,4 - 8 jam,4 - 8 jam,< 2 jam,< 2 jam,2 kali,2 kali,Tidak,Ya,Tidak,Tidak,Tidak,Tidak,Tidak,3-8 Jam,<2 Jam,<2 Jam,3-8 Jam,3-8 Jam,3-8 Jam,Ya,Tidak mempunyai kendaraan listrik,Rp. 500.000 - Rp. 1.000.000,Stabil ( Tiap Bulan Beda 100.000),Tidak Ada perbedaan signifikan,Malam (19:00 - 04:59),3.0,Tidak menghidupkan lampu atau barang elektronik yang tidak digunakan
Iya,Banda Aceh,Rumah,3,Panas,450 VA,Tidak,6-10,1,Tidak ada,1,Tidak ada,Tidak ada,Tidak ada,Tidak ada,Tidak ada,Tidak ada,Tidak ada,Tidak ada,1,1,Tidak ada,2,1,8.0,6.0,3.0,9.0,10.0,5.0,7.0,2.0,4.0,1.0,Tidak punya TV,Tidak punya TV,4 - 8 jam,4 - 8 jam,Tidak punya komputer,Tidak punya komputer,3 kali,3 kali,Ya,Ya,Tidak,Tidak,Tidak,Ya,Tidak,3-8 Jam,3-8 Jam,9-12 Jam,9-12 Jam,3-8 Jam,9-12 Jam,Ya,Tidak mempunyai kendaraan listrik,< Rp. 500.000,Stabil ( Tiap Bulan Beda 100.000),Tidak Ada perbedaan signifikan,Malam (19:00 - 04:59),4.0,Mematikannnya jika sudah tidak digunakan
Iya,Kendari,Rumah,5,Panas,2200 VA,Tidak,6-10,1,Tidak ada,1,Tidak ada,1,Tidak ada,1,2,Tidak ada,1,Tidak ada,1,2,Tidak ada,2,1,2.0,7.0,8.0,9.0,10.0,6.0,3.0,5.0,4.0,1.0,< 2 jam,2 - 4 jam,2 - 4 jam,2 - 4 jam,2 - 4 jam,2 - 4 jam,2 kali,3 kali,Tidak,Ya,Tidak,Tidak,Tidak,Ya,Tidak,3-8 Jam,<2 Jam,3-8 Jam,3-8 Jam,<2 Jam,9-12 Jam,Ya,Tidak mempunyai kendaraan listrik,Rp. 1.500.001 - Rp 2.000.000,Stabil ( Tiap Bulan Beda 100.000),Tidak Ada perbedaan signifikan,Malam (19:00 - 04:59),4.0,Menghemat pemakaian daya listrik
Iya,Banda Aceh,Rumah,4,Sejuk,2200 VA,Ya,1-5,1,1,1,Tidak ada,Tidak ada,Tidak ada,Tidak ada,1,Tidak ada,1,Tidak ada,1,2,Tidak ada,1,Tidak ada,3.0,2.0,5.0,4.0,10.0,6.0,7.0,8.0,9.0,1.0,2 - 4 jam,4 - 8 jam,< 2 jam,2 - 4 jam,< 2 jam,4 - 8 jam,Tidak punya mesin cuci,3 kali,Tidak,Ya,Tidak,Ya,Tidak,Tidak,Tidak,3-8 Jam,<2 Jam,<2 Jam,3-8 Jam,<2 Jam,3-8 Jam,Ya,Tidak mempunyai kendaraan listrik,Rp. 1.000.001 - Rp 1.500.000,Naik Turun ( Tiap Bulan Naik 100.000 atau Turun 100.000),Tidak Ada perbedaan signifikan,Malam (19:00 - 04:59),4.0,Mematikan yang tidak perlu
Iya,Bengkulu,Rumah,2,Sejuk,2200 VA,Tidak,10-15,1,1,1,1,Tidak ada,Tidak ada,1,1,Tidak ada,1,1,1,1,Tidak ada,2,1,3.0,8.0,9.0,10.0,7.0,6.0,2.0,4.0,5.0,1.0,2 - 4 jam,4 - 8 jam,4 - 8 jam,8 - 12 jam,4 - 8 jam,4 - 8 jam,4 kali,1 kali,Tidak,Ya,Tidak,Tidak,Tidak,Ya,Tidak,9-12 Jam,<2 Jam,<2 Jam,3-8 Jam,<2 Jam,9-12 Jam,Ya,Tidak mempunyai kendaraan listrik,Rp. 500.000 - Rp. 1.000.000,Stabil ( Tiap Bulan Beda 100.000),Tidak Ada perbedaan signifikan,Malam (19:00 - 04:59),4.0,Penggunaan peralatan yang menggunakan listrik sesuai kebutuhan
Iya,Langsa,Rumah,3,Panas,450 VA,Tidak,10-15,1,Tidak ada,1,Tidak ada,Tidak ada,Tidak ada,Tidak ada,Tidak ada,Tidak ada,2,Tidak ada,1,Tidak ada,Tidak ada,2,1,10.0,6.0,4.0,9.0,8.0,7.0,1.0,2.0,5.0,3.0,< 2 jam,< 2 jam,> 8 jam,> 12 jam,Tidak punya komputer,Tidak punya komputer,3 kali,2 kali,Tidak,Tidak,Tidak,Ya,Tidak,Tidak,Tidak,3-8 Jam,<2 Jam,<2 Jam,9-12 Jam,<2 Jam,<2 Jam,Ya,Tidak mempunyai kendaraan listrik,< Rp. 500.000,Naik Turun ( Tiap Bulan Naik 100.000 atau Turun 100.000),Tidak Ada perbedaan signifikan,Malam (19:00 - 04:59),3.0,Mengurangi pemakaian yang tidak berguna 
Iya,Banda Aceh,Rumah,5,Sejuk,2200 VA,Tidak,lebih dari 20,1,Tidak ada,1,1,Tidak ada,Tidak ada,Tidak ada,Tidak ada,Tidak ada,1,Tidak ada,1,3,Tidak ada,3,1,5.0,6.0,4.0,7.0,9.0,10.0,3.0,2.0,8.0,1.0,< 2 jam,< 2 jam,> 8 jam,8 - 12 jam,Tidak punya komputer,Tidak punya komputer,3 kali,> 4 kali,Ya,Ya,Tidak,Tidak,Tidak,Ya,Tidak,> 12 Jam,<2 Jam,<2 Jam,9-12 Jam,9-12 Jam,9-12 Jam,Ya,Tidak mempunyai kendaraan listrik,Rp. 1.000.001 - Rp 1.500.000,Stabil ( Tiap Bulan Beda 100.000),Tidak Ada perbedaan signifikan,Malam (19:00 - 04:59),4.0,mencabut semua peralatan elektronik yang tidak digunakan
Iya,Blangpidie,Rumah,4,Sejuk,900 VA,Ya,10-15,1,Tidak ada,1,Tidak ada,Tidak ada,Tidak ada,Tidak ada,1,Tidak ada,1,Tidak ada,1,Tidak ada,Tidak ada,2,1,7.0,3.0,6.0,9.0,4.0,5.0,8.0,2.0,10.0,1.0,4 - 8 jam,8 - 12 jam,2 - 4 jam,4 - 8 jam,Tidak punya komputer,Tidak punya komputer,3 kali,4 kali,Tidak,Ya,Tidak,Tidak,Tidak,Tidak,Ya,3-8 Jam,<2 Jam,3-8 Jam,3-8 Jam,3-8 Jam,3-8 Jam,Ya,Tidak mempunyai kendaraan listrik,< Rp. 500.000,Stabil ( Tiap Bulan Beda 100.000),Tidak Ada perbedaan signifikan,Malam (19:00 - 04:59),4.0,Menggunakan yang prioritas
Iya,Jakarta,Rumah,> 5,Panas,2200 VA,Ya,lebih dari 20,1,1,1,Tidak ada,Tidak ada,Tidak ada,3,3,Tidak ada,2,2,lebih dari 5,5,Tidak ada,2,1,2.0,3.0,4.0,5.0,10.0,6.0,9.0,8.0,7.0,1.0,4 - 8 jam,4 - 8 jam,4 - 8 jam,8 - 12 jam,4 - 8 jam,8 - 12 jam,3 kali,2 kali,Ya,Ya,Ya,Ya,Ya,Ya,Ya,> 12 Jam,> 12 Jam,> 12 Jam,> 12 Jam,> 12 Jam,> 12 Jam,TIdak,Tidak mempunyai kendaraan listrik,> Rp 2.000.000,Terus Mengalami Kenaikan ( Hampir Tiap Bulan Naik 100.000),Tidak Ada perbedaan signifikan,Malam (19:00 - 04:59),2.0,mematikan lampu yg tidak digunakan
Iya,Jakarta,Kos,1,Panas,1300 VA,Ya,1-5,Tidak ada,Tidak ada,Tidak ada,Tidak ada,Tidak ada,Tidak ada,Tidak ada,1,Tidak ada,1,Tidak ada,Tidak ada,1,Tidak ada,Tidak ada,Tidak ada,1.0,2.0,3.0,4.0,5.0,6.0,7.0,8.0,10.0,9.0,< 2 jam,< 2 jam,4 - 8 jam,4 - 8 jam,4 - 8 jam,2 - 4 jam,Tidak punya mesin cuci,Tidak punya setrika,Tidak,Tidak,Tidak,Tidak,Tidak,Tidak,Ya,9-12 Jam,> 12 Jam,<2 Jam,<2 Jam,<2 Jam,<2 Jam,Ya,Tidak mempunyai kendaraan listrik,< Rp. 500.000,Naik Turun ( Tiap Bulan Naik 100.000 atau Turun 100.000),Tidak Ada perbedaan signifikan,Malam (19:00 - 04:59),4.0,matiin lampu kalau keluar
Iya,Banda Aceh,Rumah,> 5,Panas,1300 VA,Tidak,10-15,1,Tidak ada,1,Tidak ada,Tidak ada,Tidak ada,Tidak ada,Tidak ada,Tidak ada,1,Tidak ada,1,1,Tidak ada,3,1,5.0,6.0,4.0,10.0,7.0,9.0,2.0,3.0,8.0,1.0,< 2 jam,< 2 jam,> 8 jam,> 12 jam,4 - 8 jam,< 2 jam,> 4 Kali,3 kali,Tidak,Ya,Tidak,Tidak,Ya,Tidak,Tidak,3-8 Jam,<2 Jam,3-8 Jam,3-8 Jam,3-8 Jam,9-12 Jam,Ya,Tidak mempunyai kendaraan listrik,Rp. 500.000 - Rp. 1.000.000,Naik Turun ( Tiap Bulan Naik 100.000 atau Turun 100.000),Tidak Ada perbedaan signifikan,Pagi (05:00 - 10:59),4.0,AC dimatikan ketika keluar rumah 
Iya,Banda Aceh,Rumah,4,Panas,1300 VA,Ya,10-15,1,1,1,1,Tidak ada,Tidak ada,Tidak ada,1,Tidak ada,1,Tidak ada,1,2,Tidak ada,2,1,5.0,4.0,3.0,6.0,10.0,9.0,7.0,2.0,8.0,1.0,< 2 jam,< 2 jam,4 - 8 jam,4 - 8 jam,2 - 4 jam,< 2 jam,3 kali,3 kali,Tidak,Ya,Tidak,Ya,Tidak,Tidak,Ya,3-8 Jam,3-8 Jam,<2 Jam,3-8 Jam,3-8 Jam,3-8 Jam,Ya,Tidak mempunyai kendaraan listrik,Rp. 500.000 - Rp. 1.000.000,Stabil ( Tiap Bulan Beda 100.000),Tidak Ada perbedaan signifikan,Malam (19:00 - 04:59),3.0,Menghemat pemakaian yg tdk perlu
Iya,Banda Aceh,Rumah,5,Panas,2200 VA,Tidak,10-15,1,Tidak ada,1,Tidak ada,Tidak ada,Tidak ada,1,1,Tidak ada,1,Tidak ada,1,2,Tidak ada,1,1,5.0,6.0,3.0,9.0,10.0,2.0,7.0,4.0,8.0,1.0,< 2 jam,2 - 4 jam,< 2 jam,8 - 12 jam,2 - 4 jam,4 - 8 jam,3 kali,4 kali,Tidak,Ya,Tidak,Tidak,Tidak,Ya,Tidak,3-8 Jam,<2 Jam,<2 Jam,<2 Jam,3-8 Jam,3-8 Jam,TIdak,Tidak mempunyai kendaraan listrik,Rp. 1.000.001 - Rp 1.500.000,Naik Turun ( Tiap Bulan Naik 100.000 atau Turun 100.000),Tidak Ada perbedaan signifikan,Malam (19:00 - 04:59),4.0,Berupa selektif
Iya,Banda Aceh,Rumah,3,Sejuk,2200 VA,Tidak,6-10,1,1,1,1,1,Tidak ada,Tidak ada,1,Tidak ada,1,Tidak ada,1,1,Tidak ada,2,1,5.0,6.0,7.0,8.0,10.0,9.0,4.0,2.0,3.0,1.0,4 - 8 jam,4 - 8 jam,4 - 8 jam,8 - 12 jam,Tidak punya komputer,Tidak punya komputer,2 kali,2 kali,Tidak,Ya,Ya,Tidak,Tidak,Tidak,Tidak,3-8 Jam,3-8 Jam,3-8 Jam,<2 Jam,3-8 Jam,3-8 Jam,Ya,Tidak mempunyai kendaraan listrik,Rp. 500.000 - Rp. 1.000.000,Stabil ( Tiap Bulan Beda 100.000),"Januari, Februari, Maret, April, Mei, Juni, Juli, Agustus, September, Oktober, November, Desember, Tidak Ada perbedaan signifikan",Malam (19:00 - 04:59),4.0,"Mencabut semua peralatan elektroni yang tidak digunakan, k di"
Iya,Tangerang,Rumah,4,Sejuk,1300 VA,Ya,16-20,1,1,Tidak ada,Tidak ada,Tidak ada,1,2,1,Tidak ada,2,Tidak ada,1,3,Tidak ada,Tidak ada,1,9.0,7.0,6.0,5.0,8.0,3.0,4.0,1.0,2.0,10.0,< 2 jam,4 - 8 jam,> 8 jam,> 12 jam,> 12 jam,> 12 jam,1 kali,1 kali,Tidak,Ya,Tidak,Tidak,Tidak,Ya,Tidak,3-8 Jam,3-8 Jam,3-8 Jam,> 12 Jam,> 12 Jam,3-8 Jam,TIdak,Tidak mempunyai kendaraan listrik,Rp. 500.000 - Rp. 1.000.000,Stabil ( Tiap Bulan Beda 100.000),Tidak Ada perbedaan signifikan,Siang (11:00 - 15:59),4.0,Pake secukupnya aja lah
Iya,Sigli,Rumah,3,Sejuk,900 VA,Tidak,10-15,1,Tidak ada,1,Tidak ada,1,Tidak ada,Tidak ada,1,Tidak ada,1,Tidak ada,1,Tidak ada,Tidak ada,3,1,3.0,9.0,2.0,10.0,8.0,7.0,6.0,4.0,5.0,1.0,< 2 jam,< 2 jam,4 - 8 jam,4 - 8 jam,< 2 jam,2 - 4 jam,3 kali,1 kali,Tidak,Ya,Tidak,Tidak,Ya,Tidak,Tidak,3-8 Jam,<2 Jam,<2 Jam,<2 Jam,3-8 Jam,3-8 Jam,TIdak,Tidak mempunyai kendaraan listrik,< Rp. 500.000,Stabil ( Tiap Bulan Beda 100.000),"Maret, Tidak Ada perbedaan signifikan",Malam (19:00 - 04:59),4.0,Mengurangi pemakaian
Iya,Banda Aceh,Rumah,2,Panas,2200 VA,Tidak,6-10,1,Tidak ada,Tidak ada,Tidak ada,Tidak ada,Tidak ada,Tidak ada,Tidak ada,1,Tidak ada,Tidak ada,Tidak ada,2,Tidak ada,2,Tidak ada,8.0,3.0,5.0,6.0,9.0,10.0,1.0,4.0,7.0,2.0,Tidak punya TV,Tidak punya TV,> 8 jam,> 12 jam,Tidak punya komputer,< 2 jam,1 kali,3 kali,Tidak,Ya,Tidak,Tidak,Tidak,Tidak,Tidak,3-8 Jam,<2 Jam,<2 Jam,<2 Jam,<2 Jam,3-8 Jam,Ya,Tidak mempunyai kendaraan listrik,Rp. 500.000 - Rp. 1.000.000,Stabil ( Tiap Bulan Beda 100.000),Desember,Malam (19:00 - 04:59),3.0,Mematikan lampu jika tidak perlu
Iya,Cirebon,Rumah,5,Panas,1300 VA,Tidak,16-20,1,Tidak ada,1,Tidak ada,Tidak ada,Tidak ada,1,Tidak ada,Tidak ada,1,1,1,2,Tidak ada,1,1,4.0,3.0,9.0,5.0,10.0,6.0,2.0,7.0,8.0,1.0,2 - 4 jam,4 - 8 jam,4 - 8 jam,8 - 12 jam,< 2 jam,2 - 4 jam,2 kali,3 kali,Tidak,Ya,Tidak,Ya,Tidak,Tidak,Tidak,3-8 Jam,3-8 Jam,9-12 Jam,9-12 Jam,3-8 Jam,9-12 Jam,Ya,Tidak mempunyai kendaraan listrik,Rp. 500.000 - Rp. 1.000.000,Stabil ( Tiap Bulan Beda 100.000),Tidak Ada perbedaan signifikan,Malam (19:00 - 04:59),3.0,Matikan saat tidak selesai digunakan
Iya,Jakarta,Rumah,3,Sejuk,1300 VA,Ya,16-20,1,1,1,1,Tidak ada,1,2,1,Tidak ada,Tidak ada,Tidak ada,2,4,Tidak ada,3,2,4.0,5.0,2.0,7.0,8.0,9.0,3.0,6.0,10.0,1.0,Tidak punya TV,Tidak punya TV,> 8 jam,> 12 jam,2 - 4 jam,4 - 8 jam,1 kali,1 kali,Tidak,Ya,Tidak,Tidak,Tidak,Tidak,Tidak,9-12 Jam,3-8 Jam,<2 Jam,<2 Jam,3-8 Jam,> 12 Jam,TIdak,Tidak mempunyai kendaraan listrik,Rp. 500.000 - Rp. 1.000.000,Stabil ( Tiap Bulan Beda 100.000),Tidak Ada perbedaan signifikan,Malam (19:00 - 04:59),3.0,-
Iya,Tangerang,Rumah,4,Panas,900 VA,Ya,6-10,lebih dari 5,3,lebih dari 5,1,Tidak ada,Tidak ada,Tidak ada,lebih dari 5,lebih dari 5,lebih dari 5,lebih dari 5,lebih dari 5,5,Tidak ada,lebih dari 5,4,5.0,4.0,7.0,10.0,3.0,6.0,8.0,2.0,9.0,1.0,Tidak punya TV,< 2 jam,4 - 8 jam,2 - 4 jam,4 - 8 jam,4 - 8 jam,3 kali,2 kali,Tidak,Ya,Tidak,Tidak,Ya,Tidak,Ya,3-8 Jam,3-8 Jam,3-8 Jam,3-8 Jam,3-8 Jam,3-8 Jam,Ya,Tidak mempunyai kendaraan listrik,Rp. 500.000 - Rp. 1.000.000,Stabil ( Tiap Bulan Beda 100.000),Tidak Ada perbedaan signifikan,Malam (19:00 - 04:59),4.0,Dimatiin
Iya,Tangerang,Apartemen,1,Panas,2200 VA,Ya,1-5,Tidak ada,Tidak ada,Tidak ada,1,Tidak ada,Tidak ada,1,Tidak ada,Tidak ada,Tidak ada,Tidak ada,1,1,Tidak ada,1,1,5.0,6.0,4.0,3.0,9.0,7.0,2.0,8.0,10.0,1.0,Tidak punya TV,Tidak punya TV,> 8 jam,> 12 jam,< 2 jam,4 - 8 jam,3 kali,1 kali,Ya,Tidak,Tidak,Tidak,Ya,Ya,Tidak,> 12 Jam,<2 Jam,<2 Jam,<2 Jam,> 12 Jam,<2 Jam,TIdak,Tidak mempunyai kendaraan listrik,Rp. 500.000 - Rp. 1.000.000,Stabil ( Tiap Bulan Beda 100.000),Tidak Ada perbedaan signifikan,Malam (19:00 - 04:59),2.0,Matiin ac
Iya,Medan,Rumah,> 5,Sejuk,> 2200 VA,Ya,lebih dari 20,1,Tidak ada,1,1,Tidak ada,Tidak ada,Tidak ada,1,1,1,Tidak ada,1,1,Tidak ada,3,1,7.0,6.0,2.0,3.0,10.0,8.0,9.0,4.0,5.0,1.0,< 2 jam,< 2 jam,> 8 jam,8 - 12 jam,Tidak punya komputer,Tidak punya komputer,> 4 Kali,> 4 kali,Tidak,Ya,Ya,Tidak,Tidak,Tidak,Tidak,9-12 Jam,<2 Jam,9-12 Jam,9-12 Jam,9-12 Jam,> 12 Jam,TIdak,Tidak mempunyai kendaraan listrik,Rp. 1.500.001 - Rp 2.000.000,Naik Turun ( Tiap Bulan Naik 100.000 atau Turun 100.000),Tidak Ada perbedaan signifikan,Malam (19:00 - 04:59),3.0,matikan listrik yg sdh tdk dipakai
Iya,Magelang,Rumah,4,Sejuk,2200 VA,Ya,10-15,1,Tidak ada,Tidak ada,Tidak ada,Tidak ada,Tidak ada,1,1,Tidak ada,2,1,1,Tidak ada,Tidak ada,4,Tidak ada,4.0,5.0,6.0,7.0,10.0,8.0,9.0,2.0,3.0,1.0,2 - 4 jam,4 - 8 jam,4 - 8 jam,8 - 12 jam,< 2 jam,< 2 jam,> 4 Kali,4 kali,Tidak,Ya,Tidak,Tidak,Ya,Tidak,Tidak,3-8 Jam,<2 Jam,3-8 Jam,3-8 Jam,3-8 Jam,9-12 Jam,Ya,Tidak mempunyai kendaraan listrik,Rp. 500.000 - Rp. 1.000.000,Stabil ( Tiap Bulan Beda 100.000),Tidak Ada perbedaan signifikan,Malam (19:00 - 04:59),3.0,mengurangi pemakaian listrik
Iya,Yogyakarta,Rumah,4,Panas,2200 VA,Tidak,16-20,1,Tidak ada,1,Tidak ada,1,Tidak ada,1,1,Tidak ada,3,1,1,2,Tidak ada,5,1,8.0,7.0,4.0,6.0,10.0,9.0,3.0,5.0,2.0,1.0,4 - 8 jam,4 - 8 jam,4 - 8 jam,8 - 12 jam,2 - 4 jam,8 - 12 jam,> 4 Kali,> 4 kali,Tidak,Ya,Tidak,Tidak,Tidak,Tidak,Ya,3-8 Jam,<2 Jam,3-8 Jam,3-8 Jam,9-12 Jam,> 12 Jam,TIdak,Tidak mempunyai kendaraan listrik,Rp. 500.000 - Rp. 1.000.000,Stabil ( Tiap Bulan Beda 100.000),Tidak Ada perbedaan signifikan,Malam (19:00 - 04:59),2.0,-
Iya,Semarang,Rumah,4,Panas,2200 VA,Tidak,10-15,1,Tidak ada,Tidak ada,Tidak ada,Tidak ada,Tidak ada,Tidak ada,1,Tidak ada,2,Tidak ada,1,4,Tidak ada,5,1,7.0,8.0,4.0,6.0,10.0,9.0,3.0,2.0,5.0,1.0,2 - 4 jam,4 - 8 jam,2 - 4 jam,8 - 12 jam,Tidak punya komputer,Tidak punya komputer,3 kali,3 kali,Ya,Ya,Ya,Tidak,Tidak,Ya,Tidak,3-8 Jam,<2 Jam,9-12 Jam,9-12 Jam,3-8 Jam,> 12 Jam,Ya,Tidak mempunyai kendaraan listrik,Rp. 500.000 - Rp. 1.000.000,Stabil ( Tiap Bulan Beda 100.000),Tidak Ada perbedaan signifikan,Malam (19:00 - 04:59),4.0,menghemat listrik
Iya,Semarang,Rumah,4,Sejuk,2200 VA,Ya,16-20,1,Tidak ada,Tidak ada,Tidak ada,Tidak ada,Tidak ada,Tidak ada,Tidak ada,Tidak ada,2,Tidak ada,1,4,Tidak ada,4,1,6.0,7.0,5.0,9.0,10.0,8.0,4.0,2.0,3.0,1.0,< 2 jam,4 - 8 jam,4 - 8 jam,4 - 8 jam,Tidak punya komputer,Tidak punya komputer,> 4 Kali,4 kali,Tidak,Ya,Tidak,Tidak,Tidak,Tidak,Tidak,3-8 Jam,3-8 Jam,3-8 Jam,3-8 Jam,9-12 Jam,> 12 Jam,TIdak,Tidak mempunyai kendaraan listrik,Rp. 500.000 - Rp. 1.000.000,Stabil ( Tiap Bulan Beda 100.000),Tidak Ada perbedaan signifikan,Pagi (05:00 - 10:59),3.0,lebih sering mematikan lampu
Iya,Jakarta,Rumah,4,Panas,> 2200 VA,Tidak,lebih dari 20,1,1,Tidak ada,Tidak ada,Tidak ada,Tidak ada,Tidak ada,1,Tidak ada,3,Tidak ada,1,5,1,3,1,5.0,6.0,4.0,3.0,10.0,9.0,2.0,1.0,8.0,7.0,2 - 4 jam,8 - 12 jam,> 8 jam,> 12 jam,Tidak punya komputer,Tidak punya komputer,> 4 Kali,3 kali,Tidak,Ya,Tidak,Tidak,Tidak,Tidak,Tidak,3-8 Jam,3-8 Jam,3-8 Jam,3-8 Jam,3-8 Jam,9-12 Jam,Ya,>4 Jam,Rp. 1.000.001 - Rp 1.500.000,Naik Turun ( Tiap Bulan Naik 100.000 atau Turun 100.000),Tidak Ada perbedaan signifikan,Malam (19:00 - 04:59),2.0,-
Iya,Jakarta,Rumah,4,Sejuk,1300 VA,Tidak,10-15,1,1,1,1,1,Tidak ada,1,1,Tidak ada,1,1,1,1,Tidak ada,3,Tidak ada,2.0,4.0,3.0,8.0,10.0,7.0,9.0,6.0,5.0,1.0,< 2 jam,< 2 jam,2 - 4 jam,4 - 8 jam,< 2 jam,4 - 8 jam,2 kali,1 kali,Tidak,Ya,Tidak,Tidak,Ya,Tidak,Ya,3-8 Jam,3-8 Jam,<2 Jam,<2 Jam,3-8 Jam,3-8 Jam,Ya,Tidak mempunyai kendaraan listrik,Rp. 500.000 - Rp. 1.000.000,Stabil ( Tiap Bulan Beda 100.000),Tidak Ada perbedaan signifikan,Malam (19:00 - 04:59),4.0,Memakai peralatan listrik secukupnya saja
Iya,Jakarta,Rumah,2,Panas,900 VA,Tidak,1-5,Tidak ada,Tidak ada,Tidak ada,Tidak ada,Tidak ada,Tidak ada,Tidak ada,Tidak ada,Tidak ada,1,Tidak ada,1,Tidak ada,Tidak ada,2,Tidak ada,7.0,3.0,8.0,4.0,10.0,9.0,5.0,2.0,6.0,1.0,2 - 4 jam,2 - 4 jam,> 8 jam,> 12 jam,Tidak punya komputer,Tidak punya komputer,Tidak punya mesin cuci,4 kali,Ya,Ya,Tidak,Tidak,Tidak,Ya,Tidak,9-12 Jam,3-8 Jam,<2 Jam,<2 Jam,3-8 Jam,> 12 Jam,TIdak,Tidak mempunyai kendaraan listrik,< Rp. 500.000,Stabil ( Tiap Bulan Beda 100.000),"Juli, Agustus, September",Malam (19:00 - 04:59),4.0,mengurangi  penggunaan TV
Iya,Jakarta,Rumah,3,Panas,900 VA,Tidak,1-5,Tidak ada,Tidak ada,Tidak ada,Tidak ada,Tidak ada,Tidak ada,Tidak ada,Tidak ada,Tidak ada,1,Tidak ada,1,Tidak ada,Tidak ada,3,Tidak ada,7.0,5.0,8.0,4.0,9.0,10.0,3.0,2.0,6.0,1.0,2 - 4 jam,4 - 8 jam,4 - 8 jam,8 - 12 jam,Tidak punya komputer,Tidak punya komputer,Tidak punya mesin cuci,3 kali,Tidak,Ya,Tidak,Tidak,Tidak,Tidak,Tidak,3-8 Jam,9-12 Jam,<2 Jam,<2 Jam,3-8 Jam,> 12 Jam,TIdak,Tidak mempunyai kendaraan listrik,< Rp. 500.000,Naik Turun ( Tiap Bulan Naik 100.000 atau Turun 100.000),"Juni, Juli, Agustus, September, Oktober, Tidak Ada perbedaan signifikan",Sore (16:00 - 18:59),1.0,-
Iya,Yogyakarta,Rumah,2,Sejuk,2200 VA,Tidak,6-10,1,Tidak ada,Tidak ada,Tidak ada,Tidak ada,Tidak ada,Tidak ada,Tidak ada,Tidak ada,2,Tidak ada,1,Tidak ada,Tidak ada,4,1,8.0,7.0,6.0,9.0,10.0,5.0,2.0,3.0,4.0,1.0,2 - 4 jam,2 - 4 jam,2 - 4 jam,2 - 4 jam,Tidak punya komputer,Tidak punya komputer,4 kali,3 kali,Tidak,Ya,Tidak,Tidak,Tidak,Tidak,Tidak,3-8 Jam,<2 Jam,<2 Jam,<2 Jam,3-8 Jam,9-12 Jam,TIdak,Tidak mempunyai kendaraan listrik,< Rp. 500.000,Stabil ( Tiap Bulan Beda 100.000),Tidak Ada perbedaan signifikan,Pagi (05:00 - 10:59),2.0,-
Iya,Jakarta,Rumah,> 5,Panas,> 2200 VA,Ya,16-20,lebih dari 5,4,4,3,3,3,1,2,1,1,5,1,lebih dari 5,3,5,2,1.0,7.0,9.0,3.0,6.0,5.0,8.0,4.0,2.0,10.0,2 - 4 jam,8 - 12 jam,< 2 jam,Tidak punya AC/kipas angin,4 - 8 jam,4 - 8 jam,3 kali,3 kali,Tidak,Ya,Ya,Tidak,Tidak,Ya,Ya,<2 Jam,9-12 Jam,<2 Jam,<2 Jam,3-8 Jam,9-12 Jam,TIdak,Tidak mempunyai kendaraan listrik,< Rp. 500.000,Naik Turun ( Tiap Bulan Naik 100.000 atau Turun 100.000),"Januari, Februari, Maret, April, Mei, Juni, Juli, Agustus, September, Oktober, November, Desember, Tidak Ada perbedaan signifikan",Malam (19:00 - 04:59),3.0,Sample 54oZhbhAQ7x
Iya,Tangerang Selatan,Rumah,4,Sejuk,2200 VA,Tidak,16-20,1,Tidak ada,1,1,Tidak ada,Tidak ada,1,1,Tidak ada,2,1,1,1,1,2,1,7.0,8.0,1.0,9.0,10.0,6.0,5.0,2.0,4.0,3.0,2 - 4 jam,8 - 12 jam,2 - 4 jam,4 - 8 jam,4 - 8 jam,< 2 jam,3 kali,3 kali,Tidak,Ya,Tidak,Tidak,Ya,Tidak,Ya,9-12 Jam,> 12 Jam,3-8 Jam,9-12 Jam,> 12 Jam,<2 Jam,Ya,1-2 Jam,Rp. 1.500.001 - Rp 2.000.000,Naik Turun ( Tiap Bulan Naik 100.000 atau Turun 100.000),"Juni, Juli, Agustus",Malam (19:00 - 04:59),4.0,Dengan cara menjadwalkan kapan penggunaan listrik diperlukan dan kapan tidak diperlukan 
Iya,Bogor,Rumah,3,Sejuk,2200 VA,Tidak,10-15,Tidak ada,1,Tidak ada,Tidak ada,Tidak ada,Tidak ada,1,1,Tidak ada,2,1,1,4,Tidak ada,4,1,7.0,8.0,9.0,2.0,10.0,5.0,4.0,6.0,3.0,1.0,4 - 8 jam,4 - 8 jam,4 - 8 jam,4 - 8 jam,2 - 4 jam,< 2 jam,4 kali,3 kali,Tidak,Ya,Tidak,Tidak,Tidak,Tidak,Tidak,<2 Jam,<2 Jam,3-8 Jam,3-8 Jam,3-8 Jam,9-12 Jam,TIdak,Tidak mempunyai kendaraan listrik,Rp. 500.000 - Rp. 1.000.000,Stabil ( Tiap Bulan Beda 100.000),Tidak Ada perbedaan signifikan,Pagi (05:00 - 10:59),3.0,-
Iya,Bandung,Kos,1,Panas,900 VA,Tidak,1-5,Tidak ada,Tidak ada,Tidak ada,Tidak ada,Tidak ada,Tidak ada,Tidak ada,Tidak ada,1,1,Tidak ada,Tidak ada,1,Tidak ada,1,Tidak ada,4.0,5.0,8.0,3.0,2.0,9.0,7.0,6.0,10.0,1.0,< 2 jam,< 2 jam,> 8 jam,8 - 12 jam,Tidak punya komputer,Tidak punya komputer,Tidak punya mesin cuci,Tidak punya setrika,Tidak,Tidak,Tidak,Tidak,Tidak,Tidak,Ya,3-8 Jam,> 12 Jam,<2 Jam,<2 Jam,<2 Jam,<2 Jam,TIdak,Tidak mempunyai kendaraan listrik,< Rp. 500.000,Terus Mengalami Kenaikan ( Hampir Tiap Bulan Naik 100.000),"Juni, Juli",Siang (11:00 - 15:59),1.0,-
Iya,Surabaya,Kos,1,Panas,900 VA,Tidak,1-5,Tidak ada,Tidak ada,Tidak ada,Tidak ada,Tidak ada,Tidak ada,1,Tidak ada,Tidak ada,Tidak ada,1,Tidak ada,Tidak ada,Tidak ada,1,Tidak ada,2.0,3.0,4.0,5.0,6.0,9.0,7.0,10.0,8.0,1.0,Tidak punya TV,Tidak punya TV,> 8 jam,> 12 jam,4 - 8 jam,> 12 jam,Tidak punya mesin cuci,Tidak punya setrika,Ya,Tidak,Tidak,Tidak,Tidak,Ya,Tidak,> 12 Jam,<2 Jam,<2 Jam,<2 Jam,<2 Jam,<2 Jam,TIdak,Tidak mempunyai kendaraan listrik,< Rp. 500.000,Stabil ( Tiap Bulan Beda 100.000),Tidak Ada perbedaan signifikan,Malam (19:00 - 04:59),1.0,-
Iya,Jakarta,Rumah,4,Panas,1300 VA,Ya,16-20,1,Tidak ada,1,1,1,Tidak ada,Tidak ada,1,Tidak ada,1,Tidak ada,1,3,Tidak ada,1,1,4.0,5.0,6.0,10.0,9.0,7.0,8.0,2.0,1.0,3.0,< 2 jam,< 2 jam,> 8 jam,> 12 jam,8 - 12 jam,8 - 12 jam,3 kali,3 kali,Tidak,Ya,Tidak,Tidak,Tidak,Tidak,Tidak,> 12 Jam,3-8 Jam,> 12 Jam,> 12 Jam,> 12 Jam,9-12 Jam,TIdak,Tidak mempunyai kendaraan listrik,Rp. 1.000.001 - Rp 1.500.000,Stabil ( Tiap Bulan Beda 100.000),Tidak Ada perbedaan signifikan,Sore (16:00 - 18:59),3.0,"Selalu mematikan listrik ketika tidak digunakan, mencari cara untuk menghemat sebisa mungkin, "
Iya,Kesamben,Rumah,3,Sejuk,900 VA,Tidak,10-15,1,Tidak ada,1,Tidak ada,Tidak ada,Tidak ada,Tidak ada,Tidak ada,Tidak ada,1,Tidak ada,1,Tidak ada,Tidak ada,2,1,6.0,9.0,7.0,8.0,10.0,5.0,2.0,3.0,4.0,1.0,2 - 4 jam,2 - 4 jam,< 2 jam,2 - 4 jam,Tidak punya komputer,Tidak punya komputer,> 4 Kali,3 kali,Tidak,Ya,Tidak,Tidak,Tidak,Tidak,Tidak,<2 Jam,3-8 Jam,3-8 Jam,3-8 Jam,3-8 Jam,9-12 Jam,TIdak,Tidak mempunyai kendaraan listrik,< Rp. 500.000,Stabil ( Tiap Bulan Beda 100.000),Tidak Ada perbedaan signifikan,Malam (19:00 - 04:59),3.0,Hanya menggunakan alat elektronik ketika diperlukan
Iya,Banten,Rumah,3,Sejuk,900 VA,Ya,6-10,1,Tidak ada,1,Tidak ada,Tidak ada,Tidak ada,Tidak ada,1,Tidak ada,1,Tidak ada,1,Tidak ada,Tidak ada,2,Tidak ada,4.0,3.0,5.0,6.0,10.0,7.0,9.0,2.0,8.0,1.0,< 2 jam,< 2 jam,2 - 4 jam,2 - 4 jam,Tidak punya komputer,Tidak punya komputer,Tidak punya mesin cuci,2 kali,Tidak,Ya,Tidak,Tidak,Tidak,Tidak,Tidak,<2 Jam,<2 Jam,<2 Jam,<2 Jam,3-8 Jam,3-8 Jam,Ya,Tidak mempunyai kendaraan listrik,< Rp. 500.000,Stabil ( Tiap Bulan Beda 100.000),Tidak Ada perbedaan signifikan,Malam (19:00 - 04:59),4.0,kurangi Pemakaian lampu berlebihan
Iya,Serang,Rumah,4,Sejuk,900 VA,Tidak,6-10,1,Tidak ada,1,Tidak ada,Tidak ada,Tidak ada,Tidak ada,1,Tidak ada,1,Tidak ada,1,Tidak ada,Tidak ada,3,Tidak ada,4.0,3.0,7.0,8.0,10.0,6.0,9.0,1.0,5.0,2.0,2 - 4 jam,4 - 8 jam,< 2 jam,2 - 4 jam,Tidak punya komputer,Tidak punya komputer,1 kali,1 kali,Tidak,Ya,Tidak,Tidak,Tidak,Tidak,Ya,<2 Jam,3-8 Jam,<2 Jam,<2 Jam,<2 Jam,3-8 Jam,Ya,Tidak mempunyai kendaraan listrik,< Rp. 500.000,Stabil ( Tiap Bulan Beda 100.000),Tidak Ada perbedaan signifikan,Malam (19:00 - 04:59),4.0,tidak sering memakai mesin cuci
Iya,Serang,Rumah,4,Sejuk,900 VA,Ya,6-10,1,Tidak ada,1,Tidak ada,Tidak ada,Tidak ada,Tidak ada,1,Tidak ada,1,Tidak ada,1,Tidak ada,Tidak ada,2,1,3.0,4.0,6.0,7.0,10.0,5.0,9.0,2.0,8.0,1.0,Tidak punya TV,Tidak punya TV,2 - 4 jam,2 - 4 jam,Tidak punya komputer,Tidak punya komputer,2 kali,1 kali,Tidak,Ya,Tidak,Tidak,Ya,Tidak,Ya,<2 Jam,3-8 Jam,<2 Jam,<2 Jam,3-8 Jam,3-8 Jam,Ya,Tidak mempunyai kendaraan listrik,< Rp. 500.000,Stabil ( Tiap Bulan Beda 100.000),Tidak Ada perbedaan signifikan,Malam (19:00 - 04:59),4.0,Kurangi pemakaian Mesin Cuci
Iya,Serang,Rumah,5,Sejuk,1300 VA,Tidak,10-15,1,1,1,1,Tidak ada,Tidak ada,Tidak ada,1,Tidak ada,2,Tidak ada,1,1,Tidak ada,3,1,5.0,3.0,7.0,8.0,10.0,4.0,9.0,2.0,6.0,1.0,2 - 4 jam,4 - 8 jam,2 - 4 jam,2 - 4 jam,Tidak punya komputer,Tidak punya komputer,2 kali,1 kali,Tidak,Ya,Tidak,Tidak,Tidak,Tidak,Ya,<2 Jam,3-8 Jam,<2 Jam,<2 Jam,<2 Jam,3-8 Jam,Ya,Tidak mempunyai kendaraan listrik,Rp. 500.000 - Rp. 1.000.000,Naik Turun ( Tiap Bulan Naik 100.000 atau Turun 100.000),"Februari, April, Juni, Desember",Malam (19:00 - 04:59),4.0,Mengurangi kegiatan di rumah
Iya,Jakarta,Rumah,3,Sejuk,2200 VA,Tidak,10-15,1,1,1,1,1,Tidak ada,1,1,Tidak ada,1,2,1,1,Tidak ada,2,1,3.0,2.0,5.0,7.0,10.0,8.0,9.0,6.0,4.0,1.0,< 2 jam,2 - 4 jam,2 - 4 jam,4 - 8 jam,8 - 12 jam,4 - 8 jam,2 kali,2 kali,Tidak,Ya,Tidak,Tidak,Tidak,Tidak,Ya,<2 Jam,3-8 Jam,<2 Jam,<2 Jam,3-8 Jam,9-12 Jam,Ya,Tidak mempunyai kendaraan listrik,Rp. 1.000.001 - Rp 1.500.000,Stabil ( Tiap Bulan Beda 100.000),Tidak Ada perbedaan signifikan,Malam (19:00 - 04:59),4.0,tidak lupa mematikan lampu
Iya,Jakarta,Rumah,5,Sejuk,> 2200 VA,Tidak,16-20,1,1,1,1,1,1,1,1,Tidak ada,1,1,1,4,1,3,1,2.0,3.0,6.0,7.0,10.0,8.0,9.0,4.0,5.0,1.0,2 - 4 jam,2 - 4 jam,4 - 8 jam,4 - 8 jam,2 - 4 jam,2 - 4 jam,3 kali,2 kali,Tidak,Ya,Tidak,Tidak,Ya,Tidak,Tidak,<2 Jam,3-8 Jam,<2 Jam,<2 Jam,9-12 Jam,9-12 Jam,Ya,Tidak mempunyai kendaraan listrik,Rp. 1.500.001 - Rp 2.000.000,Stabil ( Tiap Bulan Beda 100.000),Tidak Ada perbedaan signifikan,Malam (19:00 - 04:59),3.0,Kurangi pemakaian alat elektronik
Iya,Jakarta,Rumah,> 5,Sejuk,2200 VA,Tidak,16-20,1,1,1,1,1,1,1,1,Tidak ada,1,1,1,3,Tidak ada,2,1,2.0,3.0,8.0,6.0,10.0,4.0,9.0,7.0,5.0,1.0,< 2 jam,< 2 jam,2 - 4 jam,4 - 8 jam,Tidak punya komputer,4 - 8 jam,2 kali,1 kali,Tidak,Ya,Tidak,Tidak,Ya,Tidak,Ya,3-8 Jam,9-12 Jam,3-8 Jam,<2 Jam,9-12 Jam,9-12 Jam,Ya,Tidak mempunyai kendaraan listrik,Rp. 1.000.001 - Rp 1.500.000,Stabil ( Tiap Bulan Beda 100.000),Tidak Ada perbedaan signifikan,Malam (19:00 - 04:59),4.0,Jarang menggunakan peralatan elektronik
Iya,Banten,Rumah,4,Sejuk,1300 VA,Tidak,10-15,1,Tidak ada,Tidak ada,1,Tidak ada,Tidak ada,Tidak ada,1,Tidak ada,1,Tidak ada,1,2,Tidak ada,2,1,5.0,3.0,4.0,6.0,10.0,7.0,9.0,2.0,8.0,1.0,< 2 jam,< 2 jam,2 - 4 jam,2 - 4 jam,Tidak punya komputer,Tidak punya komputer,1 kali,2 kali,Tidak,Ya,Tidak,Tidak,Ya,Tidak,Ya,3-8 Jam,3-8 Jam,<2 Jam,<2 Jam,9-12 Jam,9-12 Jam,Ya,Tidak mempunyai kendaraan listrik,Rp. 500.000 - Rp. 1.000.000,Naik Turun ( Tiap Bulan Naik 100.000 atau Turun 100.000),"Februari, April, Mei, Desember",Malam (19:00 - 04:59),4.0,Mematikan lampu sebelum tidur
Iya,Banten,Rumah,3,Sejuk,1300 VA,Tidak,6-10,1,Tidak ada,1,Tidak ada,Tidak ada,1,1,1,Tidak ada,1,Tidak ada,1,Tidak ada,Tidak ada,3,Tidak ada,4.0,3.0,5.0,7.0,10.0,8.0,9.0,2.0,6.0,1.0,2 - 4 jam,2 - 4 jam,< 2 jam,2 - 4 jam,Tidak punya komputer,Tidak punya komputer,Tidak punya mesin cuci,2 kali,Tidak,Ya,Tidak,Tidak,Ya,Tidak,Ya,<2 Jam,9-12 Jam,3-8 Jam,3-8 Jam,3-8 Jam,9-12 Jam,Ya,Tidak mempunyai kendaraan listrik,Rp. 500.000 - Rp. 1.000.000,Stabil ( Tiap Bulan Beda 100.000),Tidak Ada perbedaan signifikan,Malam (19:00 - 04:59),4.0,Jangan terlalu sering membiarkan lampu menyala
Iya,Banten,Rumah,2,Sejuk,1300 VA,Tidak,6-10,1,1,1,1,Tidak ada,Tidak ada,Tidak ada,1,Tidak ada,1,Tidak ada,1,1,Tidak ada,2,Tidak ada,5.0,3.0,4.0,7.0,10.0,6.0,9.0,2.0,8.0,1.0,< 2 jam,2 - 4 jam,2 - 4 jam,2 - 4 jam,Tidak punya komputer,Tidak punya komputer,Tidak punya mesin cuci,2 kali,Ya,Ya,Tidak,Tidak,Tidak,Tidak,Ya,<2 Jam,9-12 Jam,3-8 Jam,3-8 Jam,3-8 Jam,9-12 Jam,Ya,Tidak mempunyai kendaraan listrik,Rp. 500.000 - Rp. 1.000.000,Stabil ( Tiap Bulan Beda 100.000),Tidak Ada perbedaan signifikan,Malam (19:00 - 04:59),4.0,hemat
Iya,Banten,Rumah,4,Sejuk,1300 VA,Tidak,6-10,1,Tidak ada,1,1,Tidak ada,Tidak ada,Tidak ada,1,Tidak ada,1,Tidak ada,1,1,Tidak ada,2,Tidak ada,4.0,3.0,7.0,6.0,10.0,5.0,9.0,2.0,8.0,1.0,2 - 4 jam,2 - 4 jam,< 2 jam,2 - 4 jam,Tidak punya komputer,Tidak punya komputer,Tidak punya mesin cuci,2 kali,Ya,Ya,Tidak,Tidak,Tidak,Tidak,Ya,3-8 Jam,9-12 Jam,<2 Jam,<2 Jam,3-8 Jam,9-12 Jam,Ya,Tidak mempunyai kendaraan listrik,< Rp. 500.000,Stabil ( Tiap Bulan Beda 100.000),Tidak Ada perbedaan signifikan,Malam (19:00 - 04:59),4.0,Memakai listrik dengan hemat
Iya,Banten,Rumah,3,Sejuk,900 VA,Tidak,6-10,1,Tidak ada,Tidak ada,Tidak ada,Tidak ada,Tidak ada,Tidak ada,1,Tidak ada,1,Tidak ada,1,Tidak ada,Tidak ada,2,Tidak ada,5.0,3.0,7.0,6.0,10.0,8.0,9.0,1.0,4.0,2.0,2 - 4 jam,2 - 4 jam,2 - 4 jam,2 - 4 jam,Tidak punya komputer,Tidak punya komputer,Tidak punya mesin cuci,2 kali,Ya,Ya,Tidak,Tidak,Tidak,Tidak,Ya,<2 Jam,9-12 Jam,<2 Jam,3-8 Jam,3-8 Jam,9-12 Jam,Ya,Tidak mempunyai kendaraan listrik,< Rp. 500.000,Stabil ( Tiap Bulan Beda 100.000),Tidak Ada perbedaan signifikan,Malam (19:00 - 04:59),4.0,Hemat penggunaan lampu
Iya,Banten,Rumah,3,Sejuk,450 VA,Tidak,6-10,1,Tidak ada,1,Tidak ada,Tidak ada,Tidak ada,Tidak ada,1,Tidak ada,1,Tidak ada,1,Tidak ada,Tidak ada,2,Tidak ada,4.0,2.0,6.0,7.0,10.0,8.0,9.0,3.0,5.0,1.0,2 - 4 jam,2 - 4 jam,< 2 jam,2 - 4 jam,< 2 jam,Tidak punya komputer,Tidak punya mesin cuci,1 kali,Tidak,Ya,Tidak,Tidak,Tidak,Tidak,Tidak,<2 Jam,3-8 Jam,<2 Jam,3-8 Jam,3-8 Jam,9-12 Jam,Ya,Tidak mempunyai kendaraan listrik,< Rp. 500.000,Stabil ( Tiap Bulan Beda 100.000),Tidak Ada perbedaan signifikan,Malam (19:00 - 04:59),4.0,hanya menggunakan lampu di malam hari
Iya,Banten,Rumah,5,Sejuk,900 VA,Ya,6-10,1,Tidak ada,Tidak ada,Tidak ada,1,Tidak ada,Tidak ada,1,Tidak ada,Tidak ada,Tidak ada,1,Tidak ada,Tidak ada,2,Tidak ada,4.0,3.0,6.0,7.0,10.0,8.0,9.0,2.0,5.0,1.0,< 2 jam,< 2 jam,< 2 jam,< 2 jam,Tidak punya komputer,Tidak punya komputer,Tidak punya mesin cuci,2 kali,Tidak,Ya,Tidak,Tidak,Tidak,Tidak,Tidak,3-8 Jam,3-8 Jam,<2 Jam,3-8 Jam,3-8 Jam,3-8 Jam,Ya,Tidak mempunyai kendaraan listrik,< Rp. 500.000,Stabil ( Tiap Bulan Beda 100.000),Tidak Ada perbedaan signifikan,Malam (19:00 - 04:59),4.0,Matikan lampu waktu pagi
Iya,Serang,Rumah,5,Sejuk,1300 VA,Tidak,10-15,1,Tidak ada,1,1,Tidak ada,Tidak ada,Tidak ada,1,Tidak ada,1,Tidak ada,1,2,1,2,1,5.0,4.0,3.0,7.0,10.0,8.0,9.0,1.0,6.0,2.0,< 2 jam,< 2 jam,4 - 8 jam,4 - 8 jam,Tidak punya komputer,Tidak punya komputer,1 kali,2 kali,Ya,Ya,Tidak,Tidak,Tidak,Tidak,Ya,3-8 Jam,3-8 Jam,<2 Jam,<2 Jam,3-8 Jam,9-12 Jam,Ya,1-2 Jam,Rp. 500.000 - Rp. 1.000.000,Stabil ( Tiap Bulan Beda 100.000),"Juni, Juli, Desember, Tidak Ada perbedaan signifikan",Malam (19:00 - 04:59),4.0,Mengurangi penggunaan alat elektronik rumah seperti AC dan mesin cuci dll
Iya,Serang,Rumah,4,Sejuk,1300 VA,Ya,6-10,1,Tidak ada,1,1,Tidak ada,Tidak ada,Tidak ada,1,Tidak ada,1,Tidak ada,1,2,Tidak ada,2,1,4.0,5.0,3.0,7.0,10.0,8.0,9.0,2.0,6.0,1.0,< 2 jam,< 2 jam,2 - 4 jam,2 - 4 jam,Tidak punya komputer,Tidak punya komputer,1 kali,2 kali,Ya,Ya,Tidak,Tidak,Ya,Tidak,Ya,3-8 Jam,9-12 Jam,3-8 Jam,3-8 Jam,9-12 Jam,9-12 Jam,Ya,Tidak mempunyai kendaraan listrik,Rp. 500.000 - Rp. 1.000.000,Stabil ( Tiap Bulan Beda 100.000),Tidak Ada perbedaan signifikan,Malam (19:00 - 04:59),4.0,Kurangi penggunaan listrik berlebihan
Iya,Serang,Rumah,3,Sejuk,1300 VA,Tidak,6-10,1,1,1,1,Tidak ada,Tidak ada,Tidak ada,1,Tidak ada,1,Tidak ada,1,1,Tidak ada,2,1,4.0,3.0,7.0,6.0,10.0,8.0,9.0,2.0,5.0,1.0,2 - 4 jam,2 - 4 jam,2 - 4 jam,4 - 8 jam,Tidak punya komputer,Tidak punya komputer,2 kali,2 kali,Tidak,Ya,Tidak,Tidak,Tidak,Tidak,Ya,<2 Jam,3-8 Jam,<2 Jam,3-8 Jam,3-8 Jam,9-12 Jam,Ya,Tidak mempunyai kendaraan listrik,< Rp. 500.000,Naik Turun ( Tiap Bulan Naik 100.000 atau Turun 100.000),"Maret, April, Desember",Malam (19:00 - 04:59),4.0,-
Iya,Serang,Rumah,4,Sejuk,1300 VA,Tidak,6-10,1,Tidak ada,1,1,Tidak ada,Tidak ada,Tidak ada,1,Tidak ada,1,Tidak ada,1,2,Tidak ada,2,Tidak ada,5.0,3.0,4.0,8.0,10.0,7.0,9.0,2.0,6.0,1.0,< 2 jam,< 2 jam,2 - 4 jam,2 - 4 jam,Tidak punya komputer,Tidak punya komputer,Tidak punya mesin cuci,2 kali,Tidak,Ya,Tidak,Tidak,Tidak,Tidak,Tidak,3-8 Jam,3-8 Jam,3-8 Jam,<2 Jam,3-8 Jam,9-12 Jam,Ya,Tidak mempunyai kendaraan listrik,< Rp. 500.000,Stabil ( Tiap Bulan Beda 100.000),Tidak Ada perbedaan signifikan,Malam (19:00 - 04:59),4.0,Mengurangi pemakaian AC
Iya,Serang,Rumah,4,Sejuk,1300 VA,Tidak,6-10,1,Tidak ada,1,Tidak ada,Tidak ada,Tidak ada,Tidak ada,1,Tidak ada,1,Tidak ada,1,2,1,2,Tidak ada,5.0,2.0,4.0,6.0,10.0,8.0,9.0,3.0,7.0,1.0,2 - 4 jam,2 - 4 jam,2 - 4 jam,2 - 4 jam,Tidak punya komputer,Tidak punya komputer,Tidak punya mesin cuci,2 kali,Ya,Ya,Tidak,Tidak,Ya,Tidak,Ya,3-8 Jam,9-12 Jam,<2 Jam,<2 Jam,9-12 Jam,9-12 Jam,Ya,1-2 Jam,Rp. 500.000 - Rp. 1.000.000,Stabil ( Tiap Bulan Beda 100.000),Tidak Ada perbedaan signifikan,Malam (19:00 - 04:59),4.0,Kurangi pemakaian AC terlalu lama
Iya,Banten,Rumah,5,Sejuk,1300 VA,Ya,10-15,1,Tidak ada,1,1,Tidak ada,Tidak ada,Tidak ada,1,Tidak ada,1,Tidak ada,1,2,1,2,1,4.0,3.0,5.0,6.0,10.0,8.0,9.0,1.0,7.0,2.0,2 - 4 jam,< 2 jam,2 - 4 jam,4 - 8 jam,Tidak punya komputer,Tidak punya komputer,1 kali,2 kali,Ya,Ya,Tidak,Tidak,Ya,Tidak,Ya,3-8 Jam,9-12 Jam,<2 Jam,<2 Jam,9-12 Jam,9-12 Jam,Ya,1-2 Jam,Rp. 500.000 - Rp. 1.000.000,Stabil ( Tiap Bulan Beda 100.000),Tidak Ada perbedaan signifikan,Malam (19:00 - 04:59),4.0,tidak lama menggunakan AC
Iya,Banten,Rumah,5,Sejuk,1300 VA,Tidak,6-10,1,1,1,1,Tidak ada,Tidak ada,Tidak ada,1,Tidak ada,1,Tidak ada,1,2,1,3,1,4.0,2.0,5.0,6.0,10.0,7.0,8.0,1.0,9.0,3.0,2 - 4 jam,2 - 4 jam,2 - 4 jam,4 - 8 jam,Tidak punya komputer,Tidak punya komputer,1 kali,2 kali,Ya,Ya,Tidak,Tidak,Tidak,Tidak,Tidak,<2 Jam,3-8 Jam,<2 Jam,<2 Jam,3-8 Jam,3-8 Jam,Ya,1-2 Jam,Rp. 500.000 - Rp. 1.000.000,Stabil ( Tiap Bulan Beda 100.000),Tidak Ada perbedaan signifikan,Malam (19:00 - 04:59),4.0,Kurangi pemakaian mesin cuci
Iya,Serang,Rumah,4,Sejuk,900 VA,Tidak,6-10,1,Tidak ada,1,Tidak ada,Tidak ada,Tidak ada,Tidak ada,1,Tidak ada,1,Tidak ada,1,Tidak ada,1,3,Tidak ada,4.0,2.0,8.0,7.0,10.0,5.0,9.0,1.0,6.0,3.0,2 - 4 jam,4 - 8 jam,2 - 4 jam,4 - 8 jam,Tidak punya komputer,Tidak punya komputer,Tidak punya mesin cuci,2 kali,Tidak,Ya,Tidak,Tidak,Tidak,Tidak,Tidak,<2 Jam,3-8 Jam,<2 Jam,3-8 Jam,3-8 Jam,9-12 Jam,Ya,1-2 Jam,< Rp. 500.000,Stabil ( Tiap Bulan Beda 100.000),Tidak Ada perbedaan signifikan,Malam (19:00 - 04:59),4.0,Tidak sering menyalakan TV
Iya,Jakarta,Rumah,> 5,Sejuk,> 2200 VA,Tidak,16-20,1,1,1,1,1,1,1,1,Tidak ada,2,3,1,4,1,3,1,2.0,3.0,5.0,6.0,10.0,7.0,8.0,9.0,4.0,1.0,2 - 4 jam,4 - 8 jam,4 - 8 jam,4 - 8 jam,8 - 12 jam,8 - 12 jam,3 kali,2 kali,Tidak,Ya,Tidak,Tidak,Ya,Tidak,Ya,3-8 Jam,9-12 Jam,3-8 Jam,3-8 Jam,9-12 Jam,9-12 Jam,Ya,1-2 Jam,Rp. 1.500.001 - Rp 2.000.000,Naik Turun ( Tiap Bulan Naik 100.000 atau Turun 100.000),Tidak Ada perbedaan signifikan,Malam (19:00 - 04:59),4.0,AC dimatikan saat pagi hingga siang lampu hanya nyala ketika malam
Iya,Banten,Rumah,> 5,Sejuk,1300 VA,Tidak,10-15,1,Tidak ada,1,1,1,Tidak ada,Tidak ada,1,Tidak ada,1,Tidak ada,1,Tidak ada,1,4,1,4.0,3.0,5.0,7.0,10.0,8.0,9.0,2.0,6.0,1.0,2 - 4 jam,4 - 8 jam,2 - 4 jam,4 - 8 jam,Tidak punya komputer,Tidak punya komputer,2 kali,2 kali,Tidak,Ya,Tidak,Tidak,Tidak,Tidak,Ya,3-8 Jam,9-12 Jam,<2 Jam,3-8 Jam,3-8 Jam,9-12 Jam,Ya,Tidak mempunyai kendaraan listrik,< Rp. 500.000,Stabil ( Tiap Bulan Beda 100.000),Tidak Ada perbedaan signifikan,Malam (19:00 - 04:59),4.0,tidak menyalakan lampu terus menerus
Iya,Jakarta,Rumah,5,Sejuk,2200 VA,Tidak,16-20,1,Tidak ada,1,1,1,1,1,1,Tidak ada,2,1,1,4,Tidak ada,2,1,3.0,5.0,2.0,7.0,10.0,8.0,9.0,6.0,4.0,1.0,2 - 4 jam,8 - 12 jam,4 - 8 jam,4 - 8 jam,2 - 4 jam,8 - 12 jam,3 kali,2 kali,Tidak,Ya,Tidak,Tidak,Tidak,Tidak,Ya,3-8 Jam,9-12 Jam,<2 Jam,3-8 Jam,9-12 Jam,9-12 Jam,Ya,Tidak mempunyai kendaraan listrik,Rp. 1.000.001 - Rp 1.500.000,Naik Turun ( Tiap Bulan Naik 100.000 atau Turun 100.000),Tidak Ada perbedaan signifikan,Malam (19:00 - 04:59),4.0,Dengan cara mengurangi pemakaian AC dan Komputer
Iya,Pekanbaru,Rumah,2,Panas,1300 VA,Ya,10-15,1,Tidak ada,1,1,Tidak ada,Tidak ada,Tidak ada,1,Tidak ada,1,Tidak ada,1,2,Tidak ada,1,1,1.0,10.0,2.0,9.0,8.0,7.0,6.0,3.0,5.0,4.0,< 2 jam,< 2 jam,4 - 8 jam,2 - 4 jam,Tidak punya komputer,Tidak punya komputer,1 kali,1 kali,Tidak,Ya,Tidak,Tidak,Ya,Tidak,Ya,9-12 Jam,> 12 Jam,<2 Jam,<2 Jam,> 12 Jam,3-8 Jam,TIdak,Tidak mempunyai kendaraan listrik,Rp. 1.000.001 - Rp 1.500.000,Stabil ( Tiap Bulan Beda 100.000),Tidak Ada perbedaan signifikan,Siang (11:00 - 15:59),4.0,mematikan yang tidak digunakan lagi
Iya,Tangerang,Rumah,5,Sejuk,1300 VA,Tidak,16-20,1,Tidak ada,1,Tidak ada,1,1,1,Tidak ada,Tidak ada,2,2,1,2,Tidak ada,1,1,3.0,9.0,4.0,8.0,7.0,6.0,1.0,5.0,10.0,2.0,> 8 jam,> 12 jam,> 8 jam,> 12 jam,> 12 jam,> 12 jam,> 4 Kali,1 kali,Tidak,Ya,Tidak,Tidak,Tidak,Tidak,Tidak,3-8 Jam,<2 Jam,9-12 Jam,9-12 Jam,9-12 Jam,3-8 Jam,Ya,Tidak mempunyai kendaraan listrik,Rp. 1.500.001 - Rp 2.000.000,Stabil ( Tiap Bulan Beda 100.000),Tidak Ada perbedaan signifikan,Malam (19:00 - 04:59),3.0,"Mengurangi screen time, main ke mall"
Iya,Tangerang,Rumah,> 5,Sejuk,1300 VA,Ya,10-15,1,1,1,1,1,1,1,Tidak ada,Tidak ada,2,1,1,3,Tidak ada,3,Tidak ada,7.0,10.0,4.0,8.0,5.0,9.0,2.0,6.0,3.0,1.0,< 2 jam,< 2 jam,> 8 jam,> 12 jam,4 - 8 jam,4 - 8 jam,> 4 Kali,> 4 kali,Tidak,Ya,Tidak,Tidak,Tidak,Tidak,Tidak,<2 Jam,<2 Jam,<2 Jam,<2 Jam,<2 Jam,9-12 Jam,Ya,Tidak mempunyai kendaraan listrik,Rp. 1.000.001 - Rp 1.500.000,Stabil ( Tiap Bulan Beda 100.000),Tidak Ada perbedaan signifikan,Sore (16:00 - 18:59),4.0,matikan listrik jika tidak digunakan/saat tidak perlu agar dapat menghemat listrik
Iya,Jakarta,Rumah,5,Sejuk,1300 VA,Tidak,10-15,1,Tidak ada,1,1,Tidak ada,Tidak ada,Tidak ada,1,Tidak ada,1,Tidak ada,1,1,1,3,Tidak ada,4.0,2.0,6.0,5.0,10.0,7.0,9.0,3.0,8.0,1.0,2 - 4 jam,2 - 4 jam,4 - 8 jam,8 - 12 jam,Tidak punya komputer,Tidak punya komputer,Tidak punya mesin cuci,3 kali,Tidak,Ya,Tidak,Tidak,Tidak,Tidak,Ya,3-8 Jam,9-12 Jam,<2 Jam,3-8 Jam,3-8 Jam,9-12 Jam,Ya,Tidak mempunyai kendaraan listrik,Rp. 500.000 - Rp. 1.000.000,Stabil ( Tiap Bulan Beda 100.000),Tidak Ada perbedaan signifikan,Malam (19:00 - 04:59),4.0,Hemat Listrik
Iya,Jakarta,Rumah,> 5,Sejuk,2200 VA,Tidak,16-20,1,1,1,1,1,Tidak ada,Tidak ada,1,Tidak ada,2,Tidak ada,1,3,Tidak ada,3,1,3.0,4.0,5.0,6.0,10.0,8.0,9.0,2.0,7.0,1.0,2 - 4 jam,2 - 4 jam,2 - 4 jam,8 - 12 jam,4 - 8 jam,Tidak punya komputer,3 kali,2 kali,Ya,Ya,Tidak,Tidak,Tidak,Tidak,Ya,3-8 Jam,9-12 Jam,3-8 Jam,3-8 Jam,3-8 Jam,9-12 Jam,Ya,Tidak mempunyai kendaraan listrik,Rp. 500.000 - Rp. 1.000.000,Stabil ( Tiap Bulan Beda 100.000),Tidak Ada perbedaan signifikan,Malam (19:00 - 04:59),4.0,Jarang menggunakan AC
Iya,Jakarta,Rumah,4,Sejuk,1300 VA,Tidak,6-10,1,Tidak ada,1,1,Tidak ada,Tidak ada,Tidak ada,1,Tidak ada,1,Tidak ada,1,1,Tidak ada,2,1,3.0,4.0,5.0,6.0,10.0,8.0,9.0,2.0,7.0,1.0,2 - 4 jam,2 - 4 jam,4 - 8 jam,8 - 12 jam,Tidak punya komputer,Tidak punya komputer,2 kali,2 kali,Ya,Ya,Tidak,Tidak,Tidak,Tidak,Ya,<2 Jam,9-12 Jam,3-8 Jam,3-8 Jam,3-8 Jam,9-12 Jam,Ya,Tidak mempunyai kendaraan listrik,< Rp. 500.000,Naik Turun ( Tiap Bulan Naik 100.000 atau Turun 100.000),"April, Mei, Juli, Desember",Malam (19:00 - 04:59),4.0,Gunakan AC secukupnya saja
Iya,Ponorogo,Rumah,4,Sejuk,900 VA,Tidak,6-10,1,Tidak ada,1,Tidak ada,Tidak ada,Tidak ada,Tidak ada,Tidak ada,Tidak ada,1,Tidak ada,1,Tidak ada,1,Tidak ada,1,10.0,9.0,7.0,8.0,6.0,1.0,2.0,3.0,4.0,5.0,2 - 4 jam,2 - 4 jam,4 - 8 jam,8 - 12 jam,Tidak punya komputer,Tidak punya komputer,3 kali,3 kali,Ya,Ya,Tidak,Tidak,Tidak,Ya,Tidak,3-8 Jam,<2 Jam,3-8 Jam,3-8 Jam,<2 Jam,3-8 Jam,TIdak,>4 Jam,< Rp. 500.000,Naik Turun ( Tiap Bulan Naik 100.000 atau Turun 100.000),"Juni, Juli, Agustus",Siang (11:00 - 15:59),4.0,Jangan gunakan banyak alat elektronik
Iya,Serang,Rumah,4,Sejuk,1300 VA,Ya,10-15,1,Tidak ada,1,1,Tidak ada,1,Tidak ada,1,Tidak ada,1,Tidak ada,1,1,1,2,1,4.0,3.0,7.0,6.0,10.0,5.0,9.0,1.0,8.0,2.0,< 2 jam,2 - 4 jam,2 - 4 jam,4 - 8 jam,Tidak punya komputer,Tidak punya komputer,3 kali,2 kali,Ya,Ya,Tidak,Tidak,Tidak,Tidak,Ya,<2 Jam,9-12 Jam,3-8 Jam,3-8 Jam,3-8 Jam,9-12 Jam,Ya,1-2 Jam,Rp. 500.000 - Rp. 1.000.000,Naik Turun ( Tiap Bulan Naik 100.000 atau Turun 100.000),"Februari, Maret, April, Juni, Juli, Desember",Malam (19:00 - 04:59),4.0,Menggunakan lampu seperlunya
Iya,Jakarta,Rumah,> 5,Sejuk,2200 VA,Tidak,10-15,1,Tidak ada,1,1,Tidak ada,Tidak ada,Tidak ada,1,Tidak ada,1,Tidak ada,1,2,1,1,Tidak ada,4.0,3.0,6.0,5.0,10.0,7.0,9.0,1.0,8.0,2.0,2 - 4 jam,2 - 4 jam,2 - 4 jam,4 - 8 jam,Tidak punya komputer,Tidak punya komputer,Tidak punya mesin cuci,2 kali,Tidak,Ya,Tidak,Tidak,Ya,Tidak,Ya,3-8 Jam,9-12 Jam,<2 Jam,3-8 Jam,9-12 Jam,9-12 Jam,Ya,1-2 Jam,< Rp. 500.000,Stabil ( Tiap Bulan Beda 100.000),Tidak Ada perbedaan signifikan,Malam (19:00 - 04:59),4.0,Menghemat penggunaan alat elektronik
Iya,Serang,Rumah,3,Sejuk,1300 VA,Tidak,10-15,1,Tidak ada,1,1,Tidak ada,Tidak ada,Tidak ada,1,Tidak ada,1,1,1,2,Tidak ada,2,1,4.0,3.0,5.0,7.0,10.0,8.0,9.0,1.0,6.0,2.0,2 - 4 jam,2 - 4 jam,4 - 8 jam,8 - 12 jam,Tidak punya komputer,Tidak punya komputer,2 kali,2 kali,Ya,Ya,Tidak,Tidak,Tidak,Ya,Ya,9-12 Jam,3-8 Jam,3-8 Jam,3-8 Jam,3-8 Jam,9-12 Jam,Ya,Tidak mempunyai kendaraan listrik,Rp. 500.000 - Rp. 1.000.000,Stabil ( Tiap Bulan Beda 100.000),Tidak Ada perbedaan signifikan,Malam (19:00 - 04:59),4.0,-
Iya,Jakarta,Rumah,5,Sejuk,1300 VA,Ya,10-15,1,Tidak ada,1,Tidak ada,Tidak ada,Tidak ada,Tidak ada,1,Tidak ada,1,Tidak ada,1,2,Tidak ada,2,1,5.0,3.0,4.0,6.0,10.0,8.0,9.0,2.0,7.0,1.0,< 2 jam,2 - 4 jam,4 - 8 jam,4 - 8 jam,Tidak punya komputer,Tidak punya komputer,2 kali,2 kali,Ya,Ya,Tidak,Tidak,Ya,Tidak,Tidak,3-8 Jam,3-8 Jam,3-8 Jam,3-8 Jam,9-12 Jam,9-12 Jam,Ya,Tidak mempunyai kendaraan listrik,Rp. 500.000 - Rp. 1.000.000,Stabil ( Tiap Bulan Beda 100.000),Tidak Ada perbedaan signifikan,Malam (19:00 - 04:59),4.0,Menggunakan lampu hemat daya
Iya,Serang,Rumah,5,Sejuk,1300 VA,Tidak,10-15,1,Tidak ada,1,1,Tidak ada,1,Tidak ada,1,Tidak ada,1,Tidak ada,1,1,1,3,1,4.0,3.0,6.0,5.0,10.0,8.0,9.0,1.0,7.0,2.0,2 - 4 jam,2 - 4 jam,2 - 4 jam,8 - 12 jam,Tidak punya komputer,Tidak punya komputer,2 kali,2 kali,Ya,Ya,Tidak,Tidak,Tidak,Tidak,Ya,3-8 Jam,9-12 Jam,<2 Jam,3-8 Jam,3-8 Jam,9-12 Jam,Ya,1-2 Jam,Rp. 500.000 - Rp. 1.000.000,Stabil ( Tiap Bulan Beda 100.000),Tidak Ada perbedaan signifikan,Malam (19:00 - 04:59),4.0,Mengurangi penggunaan AC
Iya,Serang,Rumah,3,Sejuk,1300 VA,Ya,10-15,1,1,1,1,Tidak ada,Tidak ada,Tidak ada,1,Tidak ada,1,Tidak ada,1,1,1,1,1,4.0,3.0,5.0,6.0,10.0,8.0,9.0,1.0,7.0,2.0,< 2 jam,2 - 4 jam,4 - 8 jam,8 - 12 jam,Tidak punya komputer,Tidak punya komputer,1 kali,2 kali,Ya,Ya,Tidak,Tidak,Ya,Tidak,Ya,3-8 Jam,9-12 Jam,3-8 Jam,3-8 Jam,9-12 Jam,9-12 Jam,Ya,1-2 Jam,Rp. 500.000 - Rp. 1.000.000,Stabil ( Tiap Bulan Beda 100.000),Tidak Ada perbedaan signifikan,Malam (19:00 - 04:59),4.0,-
Iya,Banten,Rumah,4,Sejuk,900 VA,Tidak,10-15,1,1,1,1,Tidak ada,Tidak ada,Tidak ada,1,Tidak ada,1,Tidak ada,1,Tidak ada,Tidak ada,4,Tidak ada,4.0,3.0,6.0,5.0,10.0,7.0,9.0,1.0,8.0,2.0,2 - 4 jam,2 - 4 jam,2 - 4 jam,4 - 8 jam,Tidak punya komputer,Tidak punya komputer,Tidak punya mesin cuci,3 kali,Ya,Ya,Tidak,Tidak,Tidak,Ya,Ya,9-12 Jam,9-12 Jam,<2 Jam,3-8 Jam,3-8 Jam,9-12 Jam,Ya,Tidak mempunyai kendaraan listrik,< Rp. 500.000,Naik Turun ( Tiap Bulan Naik 100.000 atau Turun 100.000),"Juni, Juli, Desember",Malam (19:00 - 04:59),4.0,Tidak memakai mesin cuci
Iya,Serang,Rumah,4,Sejuk,900 VA,Tidak,10-15,1,Tidak ada,1,Tidak ada,Tidak ada,Tidak ada,Tidak ada,1,Tidak ada,1,Tidak ada,1,1,Tidak ada,2,Tidak ada,4.0,3.0,6.0,5.0,10.0,7.0,9.0,1.0,8.0,2.0,2 - 4 jam,4 - 8 jam,2 - 4 jam,4 - 8 jam,Tidak punya komputer,Tidak punya komputer,Tidak punya mesin cuci,2 kali,Tidak,Ya,Tidak,Tidak,Tidak,Tidak,Tidak,3-8 Jam,3-8 Jam,3-8 Jam,3-8 Jam,3-8 Jam,> 12 Jam,Ya,Tidak mempunyai kendaraan listrik,< Rp. 500.000,Stabil ( Tiap Bulan Beda 100.000),Tidak Ada perbedaan signifikan,Malam (19:00 - 04:59),4.0,Tidak menyalakan lampu terus menerus
Iya,Banten,Rumah,4,Sejuk,1300 VA,Tidak,6-10,1,Tidak ada,1,1,1,Tidak ada,Tidak ada,1,1,1,Tidak ada,1,1,1,3,1,4.0,3.0,5.0,6.0,10.0,8.0,9.0,1.0,7.0,2.0,2 - 4 jam,2 - 4 jam,4 - 8 jam,8 - 12 jam,Tidak punya komputer,Tidak punya komputer,2 kali,3 kali,Ya,Ya,Tidak,Tidak,Ya,Tidak,Ya,3-8 Jam,9-12 Jam,<2 Jam,3-8 Jam,> 12 Jam,> 12 Jam,Ya,1-2 Jam,< Rp. 500.000,Stabil ( Tiap Bulan Beda 100.000),Tidak Ada perbedaan signifikan,Malam (19:00 - 04:59),4.0,Tidak lama menggunaka AC
Iya,Banten,Rumah,3,Sejuk,1300 VA,Tidak,10-15,1,1,1,Tidak ada,Tidak ada,Tidak ada,Tidak ada,1,Tidak ada,1,Tidak ada,1,2,1,2,Tidak ada,4.0,2.0,6.0,5.0,10.0,7.0,9.0,1.0,8.0,3.0,< 2 jam,4 - 8 jam,4 - 8 jam,8 - 12 jam,Tidak punya komputer,Tidak punya komputer,Tidak punya mesin cuci,2 kali,Ya,Ya,Tidak,Tidak,Ya,Tidak,Ya,3-8 Jam,9-12 Jam,<2 Jam,<2 Jam,9-12 Jam,> 12 Jam,Ya,1-2 Jam,Rp. 500.000 - Rp. 1.000.000,Stabil ( Tiap Bulan Beda 100.000),Tidak Ada perbedaan signifikan,Malam (19:00 - 04:59),4.0,Membatasi penggunaan AC
Iya,Banten,Rumah,3,Sejuk,1300 VA,Tidak,10-15,1,1,1,1,Tidak ada,Tidak ada,Tidak ada,1,Tidak ada,1,Tidak ada,1,2,1,2,Tidak ada,4.0,2.0,7.0,5.0,10.0,6.0,9.0,1.0,8.0,3.0,4 - 8 jam,4 - 8 jam,4 - 8 jam,8 - 12 jam,Tidak punya komputer,Tidak punya komputer,Tidak punya mesin cuci,3 kali,Tidak,Ya,Tidak,Tidak,Tidak,Tidak,Tidak,3-8 Jam,3-8 Jam,3-8 Jam,3-8 Jam,3-8 Jam,> 12 Jam,Ya,1-2 Jam,Rp. 500.000 - Rp. 1.000.000,Stabil ( Tiap Bulan Beda 100.000),Tidak Ada perbedaan signifikan,Malam (19:00 - 04:59),4.0,Tidak menyalakan semua lampu pada malam hari hanya menyalakan lampu teras saja
Iya,Serang,Rumah,5,Sejuk,1300 VA,Tidak,10-15,1,1,1,1,Tidak ada,Tidak ada,Tidak ada,1,1,1,Tidak ada,1,2,1,2,1,3.0,4.0,6.0,5.0,10.0,8.0,9.0,1.0,7.0,2.0,2 - 4 jam,2 - 4 jam,2 - 4 jam,8 - 12 jam,Tidak punya komputer,Tidak punya komputer,3 kali,2 kali,Ya,Ya,Tidak,Tidak,Tidak,Ya,Ya,9-12 Jam,9-12 Jam,3-8 Jam,<2 Jam,3-8 Jam,> 12 Jam,Ya,1-2 Jam,Rp. 500.000 - Rp. 1.000.000,Naik Turun ( Tiap Bulan Naik 100.000 atau Turun 100.000),"April, Mei, Juli, Desember",Malam (19:00 - 04:59),4.0,Tidak menggunakan AC terlalu sering
Iya,Banten,Rumah,3,Sejuk,1300 VA,Tidak,10-15,1,1,1,1,Tidak ada,Tidak ada,Tidak ada,1,Tidak ada,1,Tidak ada,1,1,1,2,1,2.0,3.0,6.0,5.0,10.0,8.0,9.0,1.0,7.0,4.0,2 - 4 jam,2 - 4 jam,2 - 4 jam,8 - 12 jam,Tidak punya komputer,Tidak punya komputer,3 kali,2 kali,Ya,Ya,Tidak,Tidak,Tidak,Tidak,Tidak,3-8 Jam,3-8 Jam,<2 Jam,3-8 Jam,3-8 Jam,> 12 Jam,Ya,1-2 Jam,Rp. 500.000 - Rp. 1.000.000,Stabil ( Tiap Bulan Beda 100.000),Tidak Ada perbedaan signifikan,Malam (19:00 - 04:59),4.0,-
Iya,Banten,Rumah,3,Sejuk,900 VA,Tidak,6-10,1,Tidak ada,1,1,Tidak ada,Tidak ada,Tidak ada,1,Tidak ada,1,Tidak ada,1,Tidak ada,Tidak ada,4,1,4.0,3.0,6.0,5.0,10.0,8.0,9.0,1.0,7.0,2.0,2 - 4 jam,2 - 4 jam,4 - 8 jam,4 - 8 jam,Tidak punya komputer,Tidak punya komputer,2 kali,2 kali,Ya,Ya,Tidak,Tidak,Tidak,Tidak,Ya,<2 Jam,9-12 Jam,<2 Jam,3-8 Jam,3-8 Jam,9-12 Jam,Ya,Tidak mempunyai kendaraan listrik,< Rp. 500.000,Stabil ( Tiap Bulan Beda 100.000),Tidak Ada perbedaan signifikan,Malam (19:00 - 04:59),4.0,-
Iya,Banten,Rumah,3,Sejuk,900 VA,Tidak,6-10,1,Tidak ada,1,1,Tidak ada,Tidak ada,Tidak ada,1,Tidak ada,1,Tidak ada,1,Tidak ada,Tidak ada,3,1,4.0,3.0,7.0,6.0,10.0,8.0,9.0,1.0,5.0,2.0,2 - 4 jam,< 2 jam,2 - 4 jam,4 - 8 jam,Tidak punya komputer,Tidak punya komputer,2 kali,2 kali,Tidak,Ya,Tidak,Tidak,Ya,Tidak,Tidak,3-8 Jam,3-8 Jam,<2 Jam,3-8 Jam,9-12 Jam,9-12 Jam,Ya,Tidak mempunyai kendaraan listrik,< Rp. 500.000,Stabil ( Tiap Bulan Beda 100.000),Tidak Ada perbedaan signifikan,Malam (19:00 - 04:59),4.0,Gunakan listrik dengan bijak
Iya,Banten,Rumah,3,Sejuk,900 VA,Tidak,10-15,1,Tidak ada,1,Tidak ada,Tidak ada,Tidak ada,Tidak ada,1,Tidak ada,1,Tidak ada,1,Tidak ada,1,4,Tidak ada,4.0,2.0,6.0,5.0,10.0,7.0,9.0,1.0,8.0,3.0,2 - 4 jam,4 - 8 jam,4 - 8 jam,4 - 8 jam,Tidak punya komputer,Tidak punya komputer,Tidak punya mesin cuci,3 kali,Ya,Ya,Tidak,Tidak,Ya,Tidak,Ya,3-8 Jam,9-12 Jam,<2 Jam,<2 Jam,9-12 Jam,9-12 Jam,Ya,1-2 Jam,< Rp. 500.000,Stabil ( Tiap Bulan Beda 100.000),Tidak Ada perbedaan signifikan,Malam (19:00 - 04:59),4.0,Kurangi pemborosan daya lampu
Iya,Jakarta,Rumah,4,Sejuk,2200 VA,Tidak,10-15,1,1,1,1,Tidak ada,1,1,Tidak ada,1,1,Tidak ada,1,1,1,1,1,1.0,4.0,10.0,7.0,8.0,9.0,2.0,6.0,5.0,3.0,4 - 8 jam,8 - 12 jam,> 8 jam,> 12 jam,8 - 12 jam,2 - 4 jam,3 kali,2 kali,Tidak,Tidak,Ya,Ya,Ya,Tidak,Ya,> 12 Jam,> 12 Jam,> 12 Jam,> 12 Jam,> 12 Jam,3-8 Jam,Ya,3-4 Jam,Rp. 1.000.001 - Rp 1.500.000,Naik Turun ( Tiap Bulan Naik 100.000 atau Turun 100.000),Tidak Ada perbedaan signifikan,Malam (19:00 - 04:59),1.0,"Kalau peralatan listrik sedang tidak dipakai, akan saya matikan/cabut."
Iya,Jakarta,Rumah,4,Panas,> 2200 VA,Tidak,lebih dari 20,1,1,1,Tidak ada,Tidak ada,Tidak ada,Tidak ada,1,Tidak ada,3,Tidak ada,1,4,1,3,1,4.0,8.0,9.0,5.0,10.0,7.0,3.0,1.0,2.0,6.0,2 - 4 jam,4 - 8 jam,4 - 8 jam,8 - 12 jam,Tidak punya komputer,Tidak punya komputer,> 4 Kali,4 kali,Tidak,Ya,Tidak,Tidak,Tidak,Tidak,Tidak,3-8 Jam,3-8 Jam,3-8 Jam,3-8 Jam,9-12 Jam,> 12 Jam,TIdak,>4 Jam,Rp. 1.000.001 - Rp 1.500.000,Stabil ( Tiap Bulan Beda 100.000),Tidak Ada perbedaan signifikan,Malam (19:00 - 04:59),3.0,mengurangi penggunaan listrik
Iya,Jakarta,Rumah,> 5,Panas,> 2200 VA,Tidak,lebih dari 20,1,1,1,Tidak ada,Tidak ada,Tidak ada,2,1,Tidak ada,lebih dari 5,2,1,lebih dari 5,2,lebih dari 5,1,6.0,7.0,4.0,5.0,10.0,8.0,3.0,2.0,1.0,9.0,4 - 8 jam,> 12 jam,> 8 jam,> 12 jam,4 - 8 jam,4 - 8 jam,> 4 Kali,> 4 kali,Ya,Ya,Tidak,Ya,Ya,Tidak,Tidak,3-8 Jam,9-12 Jam,3-8 Jam,9-12 Jam,9-12 Jam,> 12 Jam,TIdak,>4 Jam,Rp. 1.500.001 - Rp 2.000.000,Naik Turun ( Tiap Bulan Naik 100.000 atau Turun 100.000),"Juli, Agustus, September, Oktober",Malam (19:00 - 04:59),2.0,-
Iya,Jakarta,Rumah,5,Panas,> 2200 VA,Ya,lebih dari 20,1,1,1,Tidak ada,Tidak ada,Tidak ada,2,1,Tidak ada,5,2,1,lebih dari 5,1,5,1,6.0,7.0,5.0,4.0,10.0,8.0,3.0,1.0,2.0,9.0,2 - 4 jam,4 - 8 jam,> 8 jam,> 12 jam,4 - 8 jam,4 - 8 jam,> 4 Kali,> 4 kali,Ya,Ya,Tidak,Tidak,Tidak,Ya,Tidak,9-12 Jam,<2 Jam,3-8 Jam,3-8 Jam,3-8 Jam,> 12 Jam,TIdak,>4 Jam,Rp. 1.000.001 - Rp 1.500.000,Stabil ( Tiap Bulan Beda 100.000),Tidak Ada perbedaan signifikan,Malam (19:00 - 04:59),1.0,-
Iya,Langsa,Kos,1,Sejuk,450 VA,Tidak,1-5,1,Tidak ada,Tidak ada,Tidak ada,Tidak ada,Tidak ada,1,Tidak ada,Tidak ada,Tidak ada,Tidak ada,Tidak ada,1,Tidak ada,1,Tidak ada,8.0,1.0,2.0,9.0,3.0,10.0,4.0,5.0,7.0,6.0,Tidak punya TV,Tidak punya TV,> 8 jam,> 12 jam,8 - 12 jam,8 - 12 jam,Tidak punya mesin cuci,3 kali,Ya,Ya,Tidak,Tidak,Ya,Ya,Ya,> 12 Jam,> 12 Jam,<2 Jam,<2 Jam,> 12 Jam,9-12 Jam,Ya,Tidak mempunyai kendaraan listrik,< Rp. 500.000,Stabil ( Tiap Bulan Beda 100.000),Tidak Ada perbedaan signifikan,Malam (19:00 - 04:59),3.0,melepas charges jika sudah digunakan
Iya,Jakarta,Rumah,5,Sejuk,2200 VA,Tidak,16-20,1,1,1,Tidak ada,1,1,1,1,Tidak ada,2,2,1,3,Tidak ada,2,1,2.0,3.0,4.0,5.0,10.0,8.0,9.0,7.0,6.0,1.0,2 - 4 jam,2 - 4 jam,4 - 8 jam,8 - 12 jam,2 - 4 jam,2 - 4 jam,3 kali,2 kali,Ya,Ya,Tidak,Tidak,Tidak,Tidak,Ya,3-8 Jam,9-12 Jam,<2 Jam,3-8 Jam,3-8 Jam,9-12 Jam,Ya,Tidak mempunyai kendaraan listrik,Rp. 1.000.001 - Rp 1.500.000,Stabil ( Tiap Bulan Beda 100.000),Tidak Ada perbedaan signifikan,Malam (19:00 - 04:59),4.0,-
Iya,Jakarta,Rumah,4,Sejuk,1300 VA,Tidak,10-15,1,Tidak ada,1,1,Tidak ada,Tidak ada,Tidak ada,1,Tidak ada,1,Tidak ada,1,2,Tidak ada,2,1,4.0,3.0,5.0,6.0,10.0,8.0,9.0,2.0,7.0,1.0,2 - 4 jam,2 - 4 jam,4 - 8 jam,8 - 12 jam,Tidak punya komputer,Tidak punya komputer,1 kali,2 kali,Ya,Ya,Tidak,Tidak,Ya,Tidak,Tidak,3-8 Jam,3-8 Jam,<2 Jam,<2 Jam,9-12 Jam,9-12 Jam,Ya,Tidak mempunyai kendaraan listrik,Rp. 500.000 - Rp. 1.000.000,Stabil ( Tiap Bulan Beda 100.000),Tidak Ada perbedaan signifikan,Malam (19:00 - 04:59),4.0,","
Iya,Jakarta,Rumah,5,Sejuk,1300 VA,Ya,10-15,1,Tidak ada,1,1,Tidak ada,Tidak ada,1,1,Tidak ada,1,1,1,1,Tidak ada,3,1,3.0,2.0,5.0,4.0,10.0,7.0,9.0,6.0,8.0,1.0,2 - 4 jam,2 - 4 jam,4 - 8 jam,4 - 8 jam,< 2 jam,2 - 4 jam,2 kali,2 kali,Ya,Ya,Tidak,Tidak,Tidak,Tidak,Ya,3-8 Jam,9-12 Jam,<2 Jam,3-8 Jam,3-8 Jam,9-12 Jam,Ya,Tidak mempunyai kendaraan listrik,Rp. 500.000 - Rp. 1.000.000,Stabil ( Tiap Bulan Beda 100.000),Tidak Ada perbedaan signifikan,Malam (19:00 - 04:59),4.0,menggunakan mesin cuci seminggu sekali
Iya,Jakarta,Rumah,4,Sejuk,2200 VA,Tidak,10-15,1,Tidak ada,1,1,1,1,1,1,Tidak ada,2,1,1,4,Tidak ada,2,1,3.0,2.0,4.0,6.0,10.0,8.0,9.0,7.0,5.0,1.0,< 2 jam,2 - 4 jam,4 - 8 jam,8 - 12 jam,2 - 4 jam,4 - 8 jam,2 kali,2 kali,Ya,Ya,Tidak,Tidak,Ya,Tidak,Ya,3-8 Jam,9-12 Jam,3-8 Jam,<2 Jam,9-12 Jam,> 12 Jam,Ya,Tidak mempunyai kendaraan listrik,Rp. 1.000.001 - Rp 1.500.000,Naik Turun ( Tiap Bulan Naik 100.000 atau Turun 100.000),"April, Juni, Juli, Desember",Malam (19:00 - 04:59),4.0,Tidak memakai peralatan elektronik terlalu banyak
Iya,Jakarta,Rumah,5,Sejuk,2200 VA,Ya,16-20,1,1,1,1,Tidak ada,Tidak ada,1,1,Tidak ada,2,1,1,4,Tidak ada,3,1,2.0,3.0,5.0,4.0,10.0,6.0,9.0,7.0,8.0,1.0,2 - 4 jam,2 - 4 jam,4 - 8 jam,8 - 12 jam,2 - 4 jam,4 - 8 jam,2 kali,2 kali,Ya,Ya,Tidak,Tidak,Ya,Tidak,Ya,3-8 Jam,9-12 Jam,3-8 Jam,3-8 Jam,9-12 Jam,9-12 Jam,Ya,Tidak mempunyai kendaraan listrik,Rp. 1.000.001 - Rp 1.500.000,Stabil ( Tiap Bulan Beda 100.000),Tidak Ada perbedaan signifikan,Malam (19:00 - 04:59),4.0,Tidak memakai peralatan elektronik secara bersamaan terlalu sering
Iya,Bireuen,Rumah,> 5,Panas,1300 VA,Tidak,10-15,1,Tidak ada,1,Tidak ada,Tidak ada,Tidak ada,1,1,Tidak ada,1,1,1,1,Tidak ada,5,1,3.0,6.0,5.0,7.0,8.0,9.0,4.0,2.0,10.0,1.0,2 - 4 jam,4 - 8 jam,4 - 8 jam,8 - 12 jam,2 - 4 jam,4 - 8 jam,3 kali,3 kali,Tidak,Ya,Tidak,Tidak,Tidak,Tidak,Tidak,3-8 Jam,<2 Jam,3-8 Jam,3-8 Jam,3-8 Jam,3-8 Jam,Ya,Tidak mempunyai kendaraan listrik,< Rp. 500.000,Naik Turun ( Tiap Bulan Naik 100.000 atau Turun 100.000),Tidak Ada perbedaan signifikan,Malam (19:00 - 04:59),4.0,Gunakan listrik seperkunya saja
Iya,Banda Aceh,Rumah,5,Panas,1300 VA,Tidak,6-10,1,Tidak ada,1,Tidak ada,1,Tidak ada,1,1,Tidak ada,1,1,1,Tidak ada,Tidak ada,2,1,4.0,8.0,9.0,10.0,7.0,6.0,5.0,2.0,3.0,1.0,4 - 8 jam,4 - 8 jam,4 - 8 jam,8 - 12 jam,2 - 4 jam,2 - 4 jam,3 kali,2 kali,Tidak,Ya,Tidak,Tidak,Tidak,Tidak,Ya,3-8 Jam,> 12 Jam,3-8 Jam,<2 Jam,9-12 Jam,9-12 Jam,TIdak,Tidak mempunyai kendaraan listrik,Rp. 500.000 - Rp. 1.000.000,Stabil ( Tiap Bulan Beda 100.000),"Juni, Agustus, Oktober, Desember",Malam (19:00 - 04:59),2.0,"Menggunakan elektronik yang hemat energi, memastikan elektronik terpakai ketika butuh"
Iya,Jakarta,Rumah,3,Sejuk,1300 VA,Ya,6-10,1,Tidak ada,1,1,Tidak ada,Tidak ada,1,1,Tidak ada,1,1,1,1,Tidak ada,2,1,3.0,2.0,4.0,5.0,10.0,8.0,9.0,6.0,7.0,1.0,2 - 4 jam,2 - 4 jam,4 - 8 jam,2 - 4 jam,2 - 4 jam,2 - 4 jam,2 kali,3 kali,Tidak,Ya,Tidak,Tidak,Ya,Tidak,Ya,3-8 Jam,9-12 Jam,<2 Jam,<2 Jam,9-12 Jam,> 12 Jam,Ya,Tidak mempunyai kendaraan listrik,Rp. 500.000 - Rp. 1.000.000,Stabil ( Tiap Bulan Beda 100.000),Tidak Ada perbedaan signifikan,Malam (19:00 - 04:59),4.0,membatasi penggunaan komputer
Iya,Jakarta,Rumah,> 5,Sejuk,2200 VA,Tidak,16-20,1,1,1,1,Tidak ada,1,1,1,Tidak ada,1,1,1,4,Tidak ada,1,1,3.0,4.0,5.0,6.0,10.0,8.0,9.0,2.0,7.0,1.0,< 2 jam,2 - 4 jam,2 - 4 jam,8 - 12 jam,2 - 4 jam,2 - 4 jam,3 kali,2 kali,Tidak,Ya,Tidak,Tidak,Ya,Tidak,Ya,3-8 Jam,9-12 Jam,<2 Jam,3-8 Jam,9-12 Jam,> 12 Jam,Ya,Tidak mempunyai kendaraan listrik,Rp. 1.000.001 - Rp 1.500.000,Stabil ( Tiap Bulan Beda 100.000),Tidak Ada perbedaan signifikan,Malam (19:00 - 04:59),4.0,kurangi pemakaian AC
Iya,Jakarta,Rumah,4,Sejuk,2200 VA,Tidak,10-15,1,Tidak ada,1,1,1,1,1,1,Tidak ada,1,2,1,3,Tidak ada,2,1,2.0,3.0,5.0,4.0,10.0,8.0,9.0,7.0,6.0,1.0,2 - 4 jam,2 - 4 jam,4 - 8 jam,8 - 12 jam,2 - 4 jam,4 - 8 jam,3 kali,2 kali,Ya,Ya,Tidak,Tidak,Tidak,Tidak,Ya,3-8 Jam,9-12 Jam,3-8 Jam,3-8 Jam,3-8 Jam,9-12 Jam,Ya,Tidak mempunyai kendaraan listrik,Rp. 1.000.001 - Rp 1.500.000,Stabil ( Tiap Bulan Beda 100.000),Tidak Ada perbedaan signifikan,Malam (19:00 - 04:59),4.0,Lebih aware lagi dalam menggunakan elektronik
Iya,Jakarta,Rumah,4,Sejuk,2200 VA,Tidak,10-15,1,1,1,2,1,1,Tidak ada,1,Tidak ada,2,Tidak ada,1,4,1,1,1,4.0,3.0,5.0,7.0,10.0,8.0,9.0,2.0,6.0,1.0,2 - 4 jam,2 - 4 jam,4 - 8 jam,4 - 8 jam,Tidak punya komputer,Tidak punya komputer,3 kali,2 kali,Tidak,Ya,Tidak,Tidak,Tidak,Tidak,Ya,3-8 Jam,3-8 Jam,3-8 Jam,3-8 Jam,9-12 Jam,> 12 Jam,Ya,Tidak mempunyai kendaraan listrik,Rp. 1.000.001 - Rp 1.500.000,Naik Turun ( Tiap Bulan Naik 100.000 atau Turun 100.000),"April, Agustus, September, Desember",Malam (19:00 - 04:59),4.0,Perbanyak main keluar agar tidak terlalu sering memakai alat elektronik
Iya,Jakarta,Rumah,5,Sejuk,1300 VA,Ya,6-10,1,Tidak ada,1,1,1,Tidak ada,Tidak ada,1,Tidak ada,1,1,1,2,Tidak ada,1,1,4.0,3.0,5.0,6.0,10.0,8.0,9.0,2.0,7.0,1.0,< 2 jam,2 - 4 jam,2 - 4 jam,2 - 4 jam,Tidak punya komputer,Tidak punya komputer,2 kali,2 kali,Ya,Ya,Tidak,Tidak,Ya,Tidak,Ya,3-8 Jam,9-12 Jam,3-8 Jam,3-8 Jam,9-12 Jam,> 12 Jam,Ya,Tidak mempunyai kendaraan listrik,Rp. 500.000 - Rp. 1.000.000,Stabil ( Tiap Bulan Beda 100.000),Tidak Ada perbedaan signifikan,Malam (19:00 - 04:59),4.0,-
Iya,Aceh Besar,Rumah,4,Panas,900 VA,Tidak,6-10,1,Tidak ada,1,Tidak ada,Tidak ada,Tidak ada,1,Tidak ada,Tidak ada,1,Tidak ada,1,1,Tidak ada,2,1,9.0,7.0,6.0,1.0,8.0,10.0,5.0,4.0,3.0,2.0,2 - 4 jam,4 - 8 jam,> 8 jam,> 12 jam,> 12 jam,2 - 4 jam,3 kali,2 kali,Tidak,Ya,Tidak,Tidak,Ya,Tidak,Tidak,3-8 Jam,3-8 Jam,3-8 Jam,3-8 Jam,3-8 Jam,3-8 Jam,Ya,Tidak mempunyai kendaraan listrik,Rp. 500.000 - Rp. 1.000.000,Stabil ( Tiap Bulan Beda 100.000),Tidak Ada perbedaan signifikan,Malam (19:00 - 04:59),4.0,Mengurangi pemakaian 
Iya,Aceh Besar,Rumah,4,Sejuk,2200 VA,Tidak,16-20,1,1,1,1,1,Tidak ada,3,Tidak ada,Tidak ada,1,Tidak ada,1,3,Tidak ada,1,1,3.0,6.0,4.0,5.0,7.0,8.0,2.0,9.0,10.0,1.0,2 - 4 jam,2 - 4 jam,> 8 jam,8 - 12 jam,2 - 4 jam,< 2 jam,4 kali,2 kali,Tidak,Ya,Tidak,Tidak,Tidak,Tidak,Tidak,3-8 Jam,<2 Jam,<2 Jam,3-8 Jam,<2 Jam,3-8 Jam,Ya,Tidak mempunyai kendaraan listrik,Rp. 1.000.001 - Rp 1.500.000,Stabil ( Tiap Bulan Beda 100.000),Tidak Ada perbedaan signifikan,Malam (19:00 - 04:59),4.0,"Bijak menggunakan alat elektronik, menggunakan dengan seperlunya saja."
Iya,Meulaboh,Rumah,5,Panas,> 2200 VA,Tidak,16-20,1,Tidak ada,1,1,Tidak ada,Tidak ada,Tidak ada,Tidak ada,Tidak ada,1,Tidak ada,1,3,Tidak ada,Tidak ada,1,4.0,6.0,2.0,7.0,10.0,8.0,1.0,3.0,9.0,5.0,< 2 jam,< 2 jam,4 - 8 jam,8 - 12 jam,Tidak punya komputer,Tidak punya komputer,3 kali,3 kali,Tidak,Ya,Tidak,Tidak,Tidak,Tidak,Tidak,3-8 Jam,<2 Jam,<2 Jam,3-8 Jam,3-8 Jam,3-8 Jam,Ya,Tidak mempunyai kendaraan listrik,> Rp 2.000.000,Stabil ( Tiap Bulan Beda 100.000),Juni,Malam (19:00 - 04:59),4.0,Mengurangi memakai peralatan yang tidak terlalu penting
Iya,Sigli,Rumah,> 5,Panas,1300 VA,Tidak,6-10,1,Tidak ada,1,Tidak ada,1,Tidak ada,Tidak ada,Tidak ada,Tidak ada,1,Tidak ada,1,3,Tidak ada,3,1,3.0,6.0,5.0,9.0,10.0,8.0,4.0,2.0,7.0,1.0,2 - 4 jam,4 - 8 jam,4 - 8 jam,8 - 12 jam,Tidak punya komputer,Tidak punya komputer,> 4 Kali,2 kali,Tidak,Ya,Tidak,Tidak,Tidak,Tidak,Tidak,3-8 Jam,3-8 Jam,<2 Jam,3-8 Jam,3-8 Jam,3-8 Jam,Ya,Tidak mempunyai kendaraan listrik,Rp. 500.000 - Rp. 1.000.000,Naik Turun ( Tiap Bulan Naik 100.000 atau Turun 100.000),"Maret, April, Juni, Juli, Oktober, November",Pagi (05:00 - 10:59),4.0,Selalu berusaha mencabut kabel penyambung listrik setiap sudah selesai digunakan
Iya,Sigli,Rumah,4,Sejuk,2200 VA,Tidak,6-10,1,Tidak ada,1,1,1,Tidak ada,Tidak ada,Tidak ada,Tidak ada,1,Tidak ada,1,3,Tidak ada,2,1,4.0,5.0,6.0,9.0,10.0,8.0,3.0,2.0,7.0,1.0,< 2 jam,2 - 4 jam,4 - 8 jam,2 - 4 jam,Tidak punya komputer,Tidak punya komputer,3 kali,2 kali,Ya,Ya,Tidak,Tidak,Tidak,Ya,Tidak,9-12 Jam,<2 Jam,<2 Jam,3-8 Jam,3-8 Jam,9-12 Jam,Ya,Tidak mempunyai kendaraan listrik,Rp. 500.000 - Rp. 1.000.000,Naik Turun ( Tiap Bulan Naik 100.000 atau Turun 100.000),"Juni, Juli, Agustus",Malam (19:00 - 04:59),4.0,Menggunakan perangkat listrik seperlunya
Iya,Jakarta,Rumah,5,Panas,2200 VA,Tidak,16-20,1,Tidak ada,Tidak ada,Tidak ada,Tidak ada,Tidak ada,1,1,Tidak ada,3,1,1,4,Tidak ada,4,1,6.0,7.0,4.0,9.0,10.0,8.0,5.0,2.0,3.0,1.0,2 - 4 jam,2 - 4 jam,> 8 jam,> 12 jam,2 - 4 jam,2 - 4 jam,3 kali,2 kali,Tidak,Ya,Tidak,Tidak,Tidak,Tidak,Tidak,3-8 Jam,3-8 Jam,3-8 Jam,3-8 Jam,9-12 Jam,> 12 Jam,TIdak,Tidak mempunyai kendaraan listrik,Rp. 500.000 - Rp. 1.000.000,Stabil ( Tiap Bulan Beda 100.000),Tidak Ada perbedaan signifikan,Malam (19:00 - 04:59),3.0,mematikan lampu
Iya,Jakarta,Rumah,> 5,Panas,> 2200 VA,Ya,lebih dari 20,1,1,1,Tidak ada,Tidak ada,Tidak ada,Tidak ada,1,Tidak ada,4,Tidak ada,1,4,Tidak ada,4,1,6.0,5.0,7.0,9.0,8.0,10.0,4.0,2.0,3.0,1.0,2 - 4 jam,4 - 8 jam,4 - 8 jam,8 - 12 jam,Tidak punya komputer,Tidak punya komputer,> 4 Kali,> 4 kali,Ya,Ya,Tidak,Tidak,Tidak,Ya,Tidak,> 12 Jam,3-8 Jam,3-8 Jam,3-8 Jam,3-8 Jam,> 12 Jam,TIdak,Tidak mempunyai kendaraan listrik,Rp. 1.000.001 - Rp 1.500.000,Naik Turun ( Tiap Bulan Naik 100.000 atau Turun 100.000),"Januari, Juni, Juli, November, Desember",Pagi (05:00 - 10:59),4.0,mengurangi penggunaan listrik
Iya,Jakarta,Rumah,4,Panas,2200 VA,Ya,lebih dari 20,1,1,Tidak ada,Tidak ada,Tidak ada,Tidak ada,2,1,Tidak ada,4,2,1,4,Tidak ada,4,1,8.0,9.0,5.0,6.0,10.0,7.0,4.0,3.0,2.0,1.0,2 - 4 jam,8 - 12 jam,4 - 8 jam,4 - 8 jam,2 - 4 jam,8 - 12 jam,> 4 Kali,> 4 kali,Tidak,Ya,Tidak,Tidak,Tidak,Tidak,Tidak,3-8 Jam,3-8 Jam,3-8 Jam,3-8 Jam,9-12 Jam,> 12 Jam,TIdak,Tidak mempunyai kendaraan listrik,Rp. 500.000 - Rp. 1.000.000,Stabil ( Tiap Bulan Beda 100.000),Tidak Ada perbedaan signifikan,Malam (19:00 - 04:59),2.0,-
Iya,Jakarta,Kontrakan,4,Sejuk,900 VA,Tidak,6-10,1,Tidak ada,Tidak ada,Tidak ada,Tidak ada,Tidak ada,1,1,Tidak ada,1,1,Tidak ada,Tidak ada,Tidak ada,2,Tidak ada,3.0,2.0,7.0,6.0,10.0,8.0,9.0,5.0,4.0,1.0,< 2 jam,2 - 4 jam,4 - 8 jam,8 - 12 jam,2 - 4 jam,2 - 4 jam,Tidak punya mesin cuci,2 kali,Tidak,Ya,Tidak,Tidak,Tidak,Tidak,Ya,3-8 Jam,9-12 Jam,<2 Jam,<2 Jam,3-8 Jam,> 12 Jam,Ya,Tidak mempunyai kendaraan listrik,< Rp. 500.000,Stabil ( Tiap Bulan Beda 100.000),Tidak Ada perbedaan signifikan,Malam (19:00 - 04:59),4.0,Pakai lampu seperlunya
Iya,Jakarta,Kontrakan,3,Panas,900 VA,Tidak,6-10,1,Tidak ada,1,Tidak ada,Tidak ada,Tidak ada,Tidak ada,1,Tidak ada,1,Tidak ada,1,Tidak ada,Tidak ada,2,Tidak ada,4.0,3.0,6.0,7.0,10.0,8.0,9.0,2.0,5.0,1.0,2 - 4 jam,2 - 4 jam,2 - 4 jam,8 - 12 jam,Tidak punya komputer,Tidak punya komputer,Tidak punya mesin cuci,Tidak punya setrika,Tidak,Ya,Tidak,Tidak,Tidak,Tidak,Ya,<2 Jam,9-12 Jam,3-8 Jam,<2 Jam,3-8 Jam,> 12 Jam,Ya,Tidak mempunyai kendaraan listrik,< Rp. 500.000,Stabil ( Tiap Bulan Beda 100.000),Tidak Ada perbedaan signifikan,Malam (19:00 - 04:59),4.0,Tidak banyak pake lampu
Iya,Jakarta,Rumah,3,Sejuk,1300 VA,Tidak,10-15,1,Tidak ada,Tidak ada,Tidak ada,Tidak ada,Tidak ada,Tidak ada,1,Tidak ada,1,Tidak ada,1,1,Tidak ada,2,1,4.0,3.0,5.0,6.0,10.0,8.0,9.0,2.0,7.0,1.0,< 2 jam,2 - 4 jam,2 - 4 jam,4 - 8 jam,Tidak punya komputer,Tidak punya komputer,1 kali,2 kali,Ya,Ya,Tidak,Tidak,Tidak,Tidak,Ya,<2 Jam,9-12 Jam,3-8 Jam,3-8 Jam,3-8 Jam,9-12 Jam,Ya,Tidak mempunyai kendaraan listrik,Rp. 500.000 - Rp. 1.000.000,Stabil ( Tiap Bulan Beda 100.000),Tidak Ada perbedaan signifikan,Malam (19:00 - 04:59),4.0,","
Iya,Jakarta,Rumah,3,Sejuk,1300 VA,Ya,6-10,1,Tidak ada,1,Tidak ada,Tidak ada,Tidak ada,Tidak ada,1,Tidak ada,1,Tidak ada,1,1,Tidak ada,2,Tidak ada,4.0,3.0,5.0,6.0,10.0,8.0,9.0,2.0,7.0,1.0,< 2 jam,2 - 4 jam,4 - 8 jam,4 - 8 jam,Tidak punya komputer,Tidak punya komputer,Tidak punya mesin cuci,2 kali,Tidak,Ya,Tidak,Tidak,Ya,Tidak,Ya,3-8 Jam,9-12 Jam,<2 Jam,3-8 Jam,9-12 Jam,9-12 Jam,Ya,Tidak mempunyai kendaraan listrik,< Rp. 500.000,Stabil ( Tiap Bulan Beda 100.000),Tidak Ada perbedaan signifikan,Malam (19:00 - 04:59),4.0,-
Iya,Jakarta,Rumah,1,Sejuk,1300 VA,Ya,10-15,1,Tidak ada,Tidak ada,Tidak ada,1,Tidak ada,Tidak ada,1,Tidak ada,1,Tidak ada,1,1,Tidak ada,2,Tidak ada,4.0,3.0,6.0,5.0,10.0,8.0,9.0,2.0,7.0,1.0,2 - 4 jam,2 - 4 jam,4 - 8 jam,4 - 8 jam,Tidak punya komputer,Tidak punya komputer,Tidak punya mesin cuci,2 kali,Tidak,Ya,Tidak,Tidak,Tidak,Tidak,Ya,3-8 Jam,9-12 Jam,<2 Jam,<2 Jam,3-8 Jam,9-12 Jam,Ya,Tidak mempunyai kendaraan listrik,< Rp. 500.000,Stabil ( Tiap Bulan Beda 100.000),Tidak Ada perbedaan signifikan,Malam (19:00 - 04:59),4.0,-
Iya,Meulaboh,Rumah,5,Panas,1300 VA,Tidak,6-10,1,Tidak ada,1,Tidak ada,1,Tidak ada,Tidak ada,Tidak ada,Tidak ada,1,Tidak ada,1,2,Tidak ada,2,1,3.0,4.0,10.0,7.0,8.0,6.0,1.0,2.0,9.0,5.0,4 - 8 jam,8 - 12 jam,4 - 8 jam,4 - 8 jam,Tidak punya komputer,Tidak punya komputer,4 kali,1 kali,Tidak,Ya,Tidak,Ya,Tidak,Tidak,Tidak,<2 Jam,<2 Jam,<2 Jam,3-8 Jam,3-8 Jam,3-8 Jam,Ya,Tidak mempunyai kendaraan listrik,Rp. 500.000 - Rp. 1.000.000,Stabil ( Tiap Bulan Beda 100.000),Tidak Ada perbedaan signifikan,Malam (19:00 - 04:59),4.0,Mematikan alat elektronik yang tidak dipakai
Iya,Banda Aceh,Kos,> 5,Sejuk,450 VA,Tidak,1-5,Tidak ada,Tidak ada,Tidak ada,Tidak ada,Tidak ada,Tidak ada,Tidak ada,Tidak ada,Tidak ada,Tidak ada,Tidak ada,Tidak ada,Tidak ada,Tidak ada,4,Tidak ada,8.0,7.0,6.0,5.0,4.0,9.0,3.0,2.0,10.0,1.0,Tidak punya TV,Tidak punya TV,> 8 jam,8 - 12 jam,Tidak punya komputer,Tidak punya komputer,Tidak punya mesin cuci,3 kali,Tidak,Tidak,Tidak,Tidak,Tidak,Tidak,Tidak,<2 Jam,<2 Jam,<2 Jam,<2 Jam,<2 Jam,<2 Jam,Ya,Tidak mempunyai kendaraan listrik,< Rp. 500.000,Stabil ( Tiap Bulan Beda 100.000),Tidak Ada perbedaan signifikan,Malam (19:00 - 04:59),4.0,Matikan yang berhubungan dengan listrik jika tidak di gunakan
Iya,Jakarta,Rumah,4,Panas,2200 VA,Ya,lebih dari 20,1,1,Tidak ada,Tidak ada,Tidak ada,Tidak ada,1,Tidak ada,Tidak ada,3,1,1,4,Tidak ada,3,1,8.0,9.0,4.0,6.0,10.0,7.0,5.0,3.0,2.0,1.0,2 - 4 jam,2 - 4 jam,4 - 8 jam,8 - 12 jam,< 2 jam,2 - 4 jam,3 kali,2 kali,Tidak,Ya,Tidak,Tidak,Tidak,Tidak,Tidak,3-8 Jam,3-8 Jam,3-8 Jam,3-8 Jam,3-8 Jam,> 12 Jam,Ya,Tidak mempunyai kendaraan listrik,Rp. 500.000 - Rp. 1.000.000,Stabil ( Tiap Bulan Beda 100.000),Tidak Ada perbedaan signifikan,Malam (19:00 - 04:59),2.0,-
Iya,Jakarta,Rumah,4,Panas,2200 VA,Tidak,16-20,1,Tidak ada,Tidak ada,Tidak ada,1,Tidak ada,Tidak ada,1,Tidak ada,2,Tidak ada,1,3,Tidak ada,4,1,7.0,8.0,5.0,9.0,10.0,6.0,4.0,2.0,3.0,1.0,2 - 4 jam,4 - 8 jam,4 - 8 jam,4 - 8 jam,Tidak punya komputer,Tidak punya komputer,> 4 Kali,> 4 kali,Tidak,Ya,Tidak,Tidak,Tidak,Tidak,Tidak,3-8 Jam,<2 Jam,3-8 Jam,3-8 Jam,3-8 Jam,9-12 Jam,Ya,Tidak mempunyai kendaraan listrik,Rp. 500.000 - Rp. 1.000.000,Naik Turun ( Tiap Bulan Naik 100.000 atau Turun 100.000),"Januari, April, Agustus, November",Siang (11:00 - 15:59),3.0,-
Iya,Yogyakarta,Rumah,4,Panas,2200 VA,Ya,10-15,1,Tidak ada,1,Tidak ada,1,Tidak ada,1,1,Tidak ada,2,1,2,3,Tidak ada,1,2,5.0,6.0,2.0,8.0,7.0,4.0,3.0,9.0,10.0,1.0,2 - 4 jam,2 - 4 jam,4 - 8 jam,4 - 8 jam,8 - 12 jam,8 - 12 jam,> 4 Kali,4 kali,Ya,Ya,Tidak,Tidak,Ya,Tidak,Ya,> 12 Jam,> 12 Jam,3-8 Jam,3-8 Jam,9-12 Jam,3-8 Jam,Ya,Tidak mempunyai kendaraan listrik,< Rp. 500.000,Stabil ( Tiap Bulan Beda 100.000),Tidak Ada perbedaan signifikan,Malam (19:00 - 04:59),2.0,Matikan ac
Iya,Banda Aceh,Kos,1,Panas,2200 VA,Tidak,1-5,Tidak ada,Tidak ada,Tidak ada,Tidak ada,Tidak ada,Tidak ada,Tidak ada,Tidak ada,Tidak ada,Tidak ada,Tidak ada,Tidak ada,Tidak ada,Tidak ada,Tidak ada,Tidak ada,1.0,2.0,3.0,4.0,5.0,6.0,7.0,8.0,9.0,10.0,Tidak punya TV,Tidak punya TV,> 8 jam,> 12 jam,> 12 jam,> 12 jam,Tidak punya mesin cuci,Tidak punya setrika,Tidak,Ya,Ya,Ya,Ya,Ya,Ya,> 12 Jam,> 12 Jam,> 12 Jam,> 12 Jam,> 12 Jam,> 12 Jam,TIdak,Tidak mempunyai kendaraan listrik,< Rp. 500.000,Stabil ( Tiap Bulan Beda 100.000),Tidak Ada perbedaan signifikan,Malam (19:00 - 04:59),4.0,Mematikan saat tidak menggunakan
Iya,Meulaboh,Rumah,5,Sejuk,450 VA,Tidak,6-10,1,Tidak ada,1,Tidak ada,1,Tidak ada,2,1,Tidak ada,1,Tidak ada,1,Tidak ada,Tidak ada,2,1,5.0,7.0,3.0,9.0,10.0,4.0,2.0,6.0,8.0,1.0,2 - 4 jam,2 - 4 jam,4 - 8 jam,4 - 8 jam,> 12 jam,2 - 4 jam,3 kali,1 kali,Ya,Ya,Tidak,Tidak,Tidak,Tidak,Tidak,9-12 Jam,<2 Jam,3-8 Jam,3-8 Jam,3-8 Jam,3-8 Jam,Ya,Tidak mempunyai kendaraan listrik,< Rp. 500.000,Stabil ( Tiap Bulan Beda 100.000),Tidak Ada perbedaan signifikan,Malam (19:00 - 04:59),4.0,"mematikan lampu jika tidak diperlukan, mencabut barang elektronik jika sudah selesai digunakan."
Iya,Meulaboh,Rumah,5,Panas,900 VA,Tidak,10-15,1,Tidak ada,1,Tidak ada,Tidak ada,Tidak ada,Tidak ada,Tidak ada,Tidak ada,Tidak ada,Tidak ada,1,1,Tidak ada,4,1,5.0,7.0,1.0,9.0,10.0,6.0,3.0,2.0,8.0,4.0,Tidak punya TV,Tidak punya TV,> 8 jam,> 12 jam,Tidak punya komputer,Tidak punya komputer,2 kali,2 kali,Tidak,Tidak,Tidak,Tidak,Tidak,Tidak,Tidak,3-8 Jam,<2 Jam,3-8 Jam,3-8 Jam,<2 Jam,3-8 Jam,TIdak,Tidak mempunyai kendaraan listrik,< Rp. 500.000,Stabil ( Tiap Bulan Beda 100.000),Tidak Ada perbedaan signifikan,Malam (19:00 - 04:59),3.0,jika sudah selesai matikan 
Iya,Aceh,Rumah,> 5,Panas,> 2200 VA,Tidak,lebih dari 20,2,Tidak ada,2,1,Tidak ada,Tidak ada,1,1,1,1,Tidak ada,2,lebih dari 5,Tidak ada,2,1,4.0,6.0,2.0,3.0,9.0,10.0,5.0,7.0,8.0,1.0,2 - 4 jam,4 - 8 jam,> 8 jam,> 12 jam,< 2 jam,< 2 jam,> 4 Kali,3 kali,Tidak,Ya,Tidak,Tidak,Ya,Tidak,Tidak,9-12 Jam,<2 Jam,3-8 Jam,3-8 Jam,3-8 Jam,9-12 Jam,TIdak,Tidak mempunyai kendaraan listrik,Rp. 1.500.001 - Rp 2.000.000,Stabil ( Tiap Bulan Beda 100.000),"Juni, Juli, Agustus",Malam (19:00 - 04:59),3.0,Mematikan alat elektronik ketika keluar rumah
Iya,Jakarta,Rumah,4,Sejuk,2200 VA,Tidak,16-20,1,1,1,1,1,1,1,1,Tidak ada,1,1,1,3,Tidak ada,2,1,2.0,3.0,4.0,5.0,10.0,8.0,9.0,7.0,6.0,1.0,2 - 4 jam,2 - 4 jam,4 - 8 jam,4 - 8 jam,2 - 4 jam,4 - 8 jam,3 kali,2 kali,Ya,Ya,Tidak,Tidak,Ya,Tidak,Ya,3-8 Jam,9-12 Jam,<2 Jam,3-8 Jam,9-12 Jam,9-12 Jam,Ya,Tidak mempunyai kendaraan listrik,Rp. 500.000 - Rp. 1.000.000,Stabil ( Tiap Bulan Beda 100.000),Tidak Ada perbedaan signifikan,Malam (19:00 - 04:59),4.0,-
Iya,Jakarta,Rumah,5,Sejuk,> 2200 VA,Tidak,16-20,1,1,1,1,Tidak ada,Tidak ada,2,1,Tidak ada,1,2,1,4,Tidak ada,2,1,2.0,3.0,4.0,5.0,10.0,8.0,9.0,6.0,7.0,1.0,< 2 jam,2 - 4 jam,4 - 8 jam,8 - 12 jam,4 - 8 jam,4 - 8 jam,3 kali,2 kali,Tidak,Ya,Tidak,Tidak,Ya,Tidak,Ya,3-8 Jam,9-12 Jam,<2 Jam,3-8 Jam,9-12 Jam,9-12 Jam,Ya,Tidak mempunyai kendaraan listrik,Rp. 1.000.001 - Rp 1.500.000,Stabil ( Tiap Bulan Beda 100.000),Tidak Ada perbedaan signifikan,Malam (19:00 - 04:59),4.0,. 
Iya,Jakarta,Rumah,5,Sejuk,> 2200 VA,Tidak,16-20,1,2,2,1,Tidak ada,1,2,2,Tidak ada,2,3,1,4,Tidak ada,3,1,2.0,3.0,4.0,5.0,10.0,8.0,9.0,6.0,7.0,1.0,2 - 4 jam,2 - 4 jam,> 8 jam,8 - 12 jam,2 - 4 jam,4 - 8 jam,3 kali,2 kali,Ya,Ya,Tidak,Tidak,Ya,Tidak,Ya,9-12 Jam,3-8 Jam,3-8 Jam,3-8 Jam,9-12 Jam,> 12 Jam,Ya,Tidak mempunyai kendaraan listrik,Rp. 1.500.001 - Rp 2.000.000,Stabil ( Tiap Bulan Beda 100.000),Tidak Ada perbedaan signifikan,Malam (19:00 - 04:59),4.0,-
Iya,Jakarta,Rumah,3,Sejuk,2200 VA,Tidak,10-15,1,1,1,1,Tidak ada,1,1,1,Tidak ada,1,3,1,2,Tidak ada,2,1,3.0,2.0,5.0,4.0,10.0,8.0,9.0,7.0,6.0,1.0,2 - 4 jam,2 - 4 jam,4 - 8 jam,8 - 12 jam,2 - 4 jam,4 - 8 jam,2 kali,2 kali,Tidak,Ya,Tidak,Tidak,Tidak,Tidak,Ya,3-8 Jam,9-12 Jam,<2 Jam,3-8 Jam,3-8 Jam,9-12 Jam,Ya,Tidak mempunyai kendaraan listrik,Rp. 500.000 - Rp. 1.000.000,Stabil ( Tiap Bulan Beda 100.000),Tidak Ada perbedaan signifikan,Malam (19:00 - 04:59),4.0,. 
Iya,Jakarta,Rumah,4,Sejuk,1300 VA,Tidak,10-15,1,Tidak ada,1,1,Tidak ada,Tidak ada,Tidak ada,1,Tidak ada,1,Tidak ada,1,2,Tidak ada,2,1,3.0,4.0,6.0,7.0,10.0,8.0,9.0,2.0,5.0,1.0,< 2 jam,2 - 4 jam,> 8 jam,8 - 12 jam,Tidak punya komputer,Tidak punya komputer,2 kali,2 kali,Tidak,Ya,Tidak,Tidak,Tidak,Tidak,Ya,3-8 Jam,9-12 Jam,3-8 Jam,3-8 Jam,3-8 Jam,9-12 Jam,Ya,Tidak mempunyai kendaraan listrik,Rp. 500.000 - Rp. 1.000.000,Stabil ( Tiap Bulan Beda 100.000),Tidak Ada perbedaan signifikan,Malam (19:00 - 04:59),4.0,. 
Iya,Jakarta,Rumah,4,Sejuk,1300 VA,Tidak,10-15,1,Tidak ada,1,Tidak ada,Tidak ada,Tidak ada,1,1,Tidak ada,1,1,1,2,Tidak ada,2,Tidak ada,3.0,2.0,5.0,4.0,10.0,8.0,9.0,6.0,7.0,1.0,< 2 jam,2 - 4 jam,2 - 4 jam,4 - 8 jam,2 - 4 jam,2 - 4 jam,Tidak punya mesin cuci,2 kali,Tidak,Ya,Tidak,Tidak,Tidak,Tidak,Ya,3-8 Jam,9-12 Jam,3-8 Jam,3-8 Jam,3-8 Jam,9-12 Jam,TIdak,Tidak mempunyai kendaraan listrik,Rp. 500.000 - Rp. 1.000.000,Stabil ( Tiap Bulan Beda 100.000),Tidak Ada perbedaan signifikan,Malam (19:00 - 04:59),4.0,. 
Iya,Jakarta,Rumah,3,Sejuk,1300 VA,Tidak,10-15,1,Tidak ada,1,1,Tidak ada,Tidak ada,1,1,Tidak ada,1,1,1,2,Tidak ada,2,1,3.0,2.0,4.0,5.0,10.0,7.0,9.0,6.0,8.0,1.0,< 2 jam,2 - 4 jam,4 - 8 jam,4 - 8 jam,2 - 4 jam,4 - 8 jam,2 kali,2 kali,Ya,Ya,Tidak,Tidak,Tidak,Tidak,Ya,3-8 Jam,9-12 Jam,3-8 Jam,3-8 Jam,3-8 Jam,9-12 Jam,Ya,Tidak mempunyai kendaraan listrik,Rp. 500.000 - Rp. 1.000.000,Stabil ( Tiap Bulan Beda 100.000),Tidak Ada perbedaan signifikan,Malam (19:00 - 04:59),4.0,-
Iya,Jakarta,Rumah,5,Sejuk,2200 VA,Tidak,16-20,1,Tidak ada,1,1,1,Tidak ada,1,1,Tidak ada,1,1,1,4,Tidak ada,1,1,2.0,3.0,5.0,4.0,10.0,8.0,9.0,7.0,6.0,1.0,2 - 4 jam,2 - 4 jam,> 8 jam,8 - 12 jam,2 - 4 jam,4 - 8 jam,2 kali,2 kali,Ya,Ya,Tidak,Tidak,Tidak,Tidak,Ya,3-8 Jam,9-12 Jam,<2 Jam,<2 Jam,3-8 Jam,9-12 Jam,Ya,Tidak mempunyai kendaraan listrik,Rp. 500.000 - Rp. 1.000.000,Stabil ( Tiap Bulan Beda 100.000),Tidak Ada perbedaan signifikan,Malam (19:00 - 04:59),4.0,-
Iya,Jakarta,Rumah,3,Sejuk,1300 VA,Tidak,10-15,1,1,1,1,Tidak ada,1,1,1,Tidak ada,1,1,1,2,Tidak ada,1,1,3.0,2.0,5.0,4.0,10.0,8.0,9.0,7.0,6.0,1.0,< 2 jam,< 2 jam,2 - 4 jam,2 - 4 jam,4 - 8 jam,4 - 8 jam,1 kali,2 kali,Ya,Ya,Tidak,Tidak,Tidak,Tidak,Ya,3-8 Jam,9-12 Jam,<2 Jam,3-8 Jam,3-8 Jam,9-12 Jam,Ya,Tidak mempunyai kendaraan listrik,Rp. 500.000 - Rp. 1.000.000,Stabil ( Tiap Bulan Beda 100.000),Tidak Ada perbedaan signifikan,Malam (19:00 - 04:59),4.0,h
Iya,Jakarta,Rumah,5,Sejuk,> 2200 VA,Tidak,16-20,1,1,1,1,Tidak ada,1,2,1,Tidak ada,1,2,1,4,Tidak ada,1,1,3.0,2.0,4.0,6.0,10.0,8.0,9.0,7.0,5.0,1.0,< 2 jam,< 2 jam,4 - 8 jam,8 - 12 jam,2 - 4 jam,4 - 8 jam,2 kali,2 kali,Ya,Ya,Tidak,Tidak,Ya,Tidak,Ya,3-8 Jam,9-12 Jam,<2 Jam,<2 Jam,3-8 Jam,> 12 Jam,Ya,Tidak mempunyai kendaraan listrik,Rp. 1.000.001 - Rp 1.500.000,Stabil ( Tiap Bulan Beda 100.000),Tidak Ada perbedaan signifikan,Malam (19:00 - 04:59),4.0,Membatasi Penggunaan komputer
Iya,Bandung,Rumah,4,Sejuk,1300 VA,Ya,6-10,1,1,1,Tidak ada,Tidak ada,Tidak ada,1,1,Tidak ada,1,1,1,2,Tidak ada,2,Tidak ada,4.0,2.0,3.0,6.0,10.0,8.0,9.0,7.0,5.0,1.0,< 2 jam,2 - 4 jam,4 - 8 jam,8 - 12 jam,2 - 4 jam,2 - 4 jam,Tidak punya mesin cuci,2 kali,Ya,Ya,Tidak,Tidak,Tidak,Tidak,Ya,3-8 Jam,> 12 Jam,<2 Jam,<2 Jam,9-12 Jam,> 12 Jam,Ya,Tidak mempunyai kendaraan listrik,Rp. 500.000 - Rp. 1.000.000,Stabil ( Tiap Bulan Beda 100.000),Tidak Ada perbedaan signifikan,Malam (19:00 - 04:59),4.0,tidak lama memakai AC
Iya,Jakarta,Rumah,4,Sejuk,1300 VA,Tidak,10-15,1,Tidak ada,1,Tidak ada,Tidak ada,Tidak ada,Tidak ada,1,Tidak ada,1,Tidak ada,1,2,Tidak ada,2,1,4.0,3.0,5.0,6.0,10.0,8.0,9.0,2.0,7.0,1.0,2 - 4 jam,< 2 jam,4 - 8 jam,4 - 8 jam,Tidak punya komputer,Tidak punya komputer,2 kali,2 kali,Ya,Ya,Tidak,Tidak,Tidak,Tidak,Ya,3-8 Jam,9-12 Jam,3-8 Jam,<2 Jam,3-8 Jam,> 12 Jam,Ya,Tidak mempunyai kendaraan listrik,< Rp. 500.000,Stabil ( Tiap Bulan Beda 100.000),Tidak Ada perbedaan signifikan,Pagi (05:00 - 10:59),4.0,-
Iya,Jakarta,Kontrakan,3,Sejuk,1300 VA,Tidak,10-15,1,1,1,1,Tidak ada,Tidak ada,Tidak ada,1,Tidak ada,1,Tidak ada,1,1,Tidak ada,2,Tidak ada,4.0,3.0,5.0,6.0,10.0,8.0,9.0,2.0,7.0,1.0,2 - 4 jam,2 - 4 jam,2 - 4 jam,4 - 8 jam,Tidak punya komputer,Tidak punya komputer,Tidak punya mesin cuci,2 kali,Ya,Ya,Tidak,Tidak,Ya,Tidak,Tidak,3-8 Jam,3-8 Jam,<2 Jam,3-8 Jam,9-12 Jam,9-12 Jam,Ya,Tidak mempunyai kendaraan listrik,< Rp. 500.000,Stabil ( Tiap Bulan Beda 100.000),Tidak Ada perbedaan signifikan,Malam (19:00 - 04:59),3.0,-
Iya,Jakarta,Rumah,5,Sejuk,1300 VA,Tidak,10-15,1,Tidak ada,1,1,Tidak ada,Tidak ada,Tidak ada,1,Tidak ada,1,Tidak ada,1,2,Tidak ada,2,Tidak ada,4.0,3.0,6.0,5.0,10.0,8.0,9.0,2.0,7.0,1.0,2 - 4 jam,2 - 4 jam,4 - 8 jam,8 - 12 jam,Tidak punya komputer,Tidak punya komputer,Tidak punya mesin cuci,3 kali,Ya,Ya,Tidak,Tidak,Tidak,Tidak,Tidak,3-8 Jam,3-8 Jam,<2 Jam,3-8 Jam,3-8 Jam,9-12 Jam,Ya,Tidak mempunyai kendaraan listrik,< Rp. 500.000,Stabil ( Tiap Bulan Beda 100.000),Tidak Ada perbedaan signifikan,Malam (19:00 - 04:59),4.0,-
Iya,Aceh Barat,Rumah,5,Sejuk,450 VA,Tidak,6-10,1,Tidak ada,1,Tidak ada,Tidak ada,Tidak ada,Tidak ada,Tidak ada,Tidak ada,1,Tidak ada,1,Tidak ada,1,1,1,3.0,4.0,9.0,6.0,5.0,8.0,2.0,1.0,10.0,7.0,2 - 4 jam,2 - 4 jam,4 - 8 jam,4 - 8 jam,Tidak punya komputer,Tidak punya komputer,2 kali,2 kali,Ya,Ya,Ya,Tidak,Tidak,Tidak,Ya,3-8 Jam,3-8 Jam,9-12 Jam,3-8 Jam,3-8 Jam,9-12 Jam,Ya,>4 Jam,< Rp. 500.000,Stabil ( Tiap Bulan Beda 100.000),Tidak Ada perbedaan signifikan,Malam (19:00 - 04:59),4.0,Menggunakan listrik seperlunya saja
Iya,Jakarta,Rumah,5,Sejuk,2200 VA,Tidak,10-15,1,1,1,1,Tidak ada,1,1,1,Tidak ada,1,2,1,3,Tidak ada,2,1,2.0,3.0,4.0,6.0,10.0,8.0,9.0,7.0,5.0,1.0,2 - 4 jam,4 - 8 jam,4 - 8 jam,8 - 12 jam,2 - 4 jam,4 - 8 jam,3 kali,2 kali,Ya,Ya,Tidak,Tidak,Ya,Tidak,Ya,3-8 Jam,9-12 Jam,<2 Jam,3-8 Jam,3-8 Jam,3-8 Jam,Ya,Tidak mempunyai kendaraan listrik,Rp. 1.000.001 - Rp 1.500.000,Stabil ( Tiap Bulan Beda 100.000),Tidak Ada perbedaan signifikan,Malam (19:00 - 04:59),4.0,-
Iya,Jakarta,Rumah,5,Sejuk,2200 VA,Tidak,10-15,1,Tidak ada,1,1,Tidak ada,1,1,1,Tidak ada,1,1,1,4,Tidak ada,2,1,3.0,2.0,4.0,6.0,10.0,8.0,9.0,5.0,7.0,1.0,< 2 jam,2 - 4 jam,> 8 jam,8 - 12 jam,2 - 4 jam,4 - 8 jam,2 kali,2 kali,Ya,Ya,Tidak,Tidak,Ya,Tidak,Tidak,3-8 Jam,3-8 Jam,<2 Jam,3-8 Jam,9-12 Jam,> 12 Jam,Ya,Tidak mempunyai kendaraan listrik,Rp. 1.000.001 - Rp 1.500.000,Naik Turun ( Tiap Bulan Naik 100.000 atau Turun 100.000),"Maret, April, Oktober, November, Desember",Malam (19:00 - 04:59),4.0,.
Iya,Jakarta,Rumah,3,Panas,> 2200 VA,Ya,lebih dari 20,1,Tidak ada,Tidak ada,Tidak ada,Tidak ada,Tidak ada,Tidak ada,1,Tidak ada,3,Tidak ada,1,4,Tidak ada,3,1,7.0,8.0,6.0,9.0,10.0,5.0,4.0,2.0,3.0,1.0,2 - 4 jam,4 - 8 jam,4 - 8 jam,> 12 jam,Tidak punya komputer,Tidak punya komputer,4 kali,4 kali,Ya,Ya,Tidak,Tidak,Tidak,Ya,Tidak,9-12 Jam,<2 Jam,3-8 Jam,3-8 Jam,3-8 Jam,> 12 Jam,TIdak,Tidak mempunyai kendaraan listrik,Rp. 1.000.001 - Rp 1.500.000,Stabil ( Tiap Bulan Beda 100.000),Tidak Ada perbedaan signifikan,Pagi (05:00 - 10:59),2.0,-
Iya,Depok,Rumah,4,Sejuk,> 2200 VA,Ya,16-20,1,1,1,1,Tidak ada,Tidak ada,2,1,1,1,2,1,2,Tidak ada,1,1,8.0,10.0,2.0,3.0,7.0,9.0,6.0,5.0,4.0,1.0,< 2 jam,< 2 jam,> 8 jam,> 12 jam,4 - 8 jam,8 - 12 jam,> 4 Kali,> 4 kali,Ya,Ya,Tidak,Tidak,Tidak,Tidak,Tidak,3-8 Jam,<2 Jam,3-8 Jam,3-8 Jam,3-8 Jam,9-12 Jam,TIdak,Tidak mempunyai kendaraan listrik,Rp. 500.000 - Rp. 1.000.000,Stabil ( Tiap Bulan Beda 100.000),"Juni, Juli, Agustus",Malam (19:00 - 04:59),4.0,Mematikan lampu ruangan 
Iya,Tangerang,Rumah,5,Panas,> 2200 VA,Tidak,16-20,1,1,1,Tidak ada,1,Tidak ada,Tidak ada,1,Tidak ada,1,Tidak ada,1,5,1,Tidak ada,1,2.0,9.0,1.0,3.0,10.0,7.0,6.0,4.0,8.0,5.0,< 2 jam,< 2 jam,4 - 8 jam,> 12 jam,< 2 jam,2 - 4 jam,> 4 Kali,1 kali,Tidak,Ya,Ya,Tidak,Tidak,Tidak,Ya,3-8 Jam,3-8 Jam,3-8 Jam,<2 Jam,9-12 Jam,9-12 Jam,TIdak,1-2 Jam,Rp. 1.000.001 - Rp 1.500.000,Stabil ( Tiap Bulan Beda 100.000),Tidak Ada perbedaan signifikan,Malam (19:00 - 04:59),3.0,mengurangi penggunaan elektronik.
Iya,Bandung,Rumah,4,Sejuk,> 2200 VA,Tidak,10-15,1,Tidak ada,2,Tidak ada,Tidak ada,Tidak ada,1,1,Tidak ada,2,1,1,1,Tidak ada,2,1,7.0,6.0,3.0,4.0,10.0,8.0,2.0,9.0,5.0,1.0,< 2 jam,< 2 jam,4 - 8 jam,4 - 8 jam,4 - 8 jam,8 - 12 jam,4 kali,2 kali,Ya,Ya,Tidak,Ya,Ya,Ya,Ya,> 12 Jam,> 12 Jam,3-8 Jam,3-8 Jam,> 12 Jam,9-12 Jam,Ya,Tidak mempunyai kendaraan listrik,Rp. 500.000 - Rp. 1.000.000,Naik Turun ( Tiap Bulan Naik 100.000 atau Turun 100.000),Tidak Ada perbedaan signifikan,Malam (19:00 - 04:59),4.0,Tidak mengisi token
Iya,Bekasi,Rumah,5,Panas,2200 VA,Tidak,6-10,1,Tidak ada,1,Tidak ada,Tidak ada,Tidak ada,Tidak ada,Tidak ada,Tidak ada,1,Tidak ada,1,2,Tidak ada,1,1,7.0,5.0,4.0,6.0,10.0,8.0,2.0,3.0,9.0,1.0,< 2 jam,< 2 jam,> 8 jam,8 - 12 jam,2 - 4 jam,< 2 jam,> 4 Kali,> 4 kali,Tidak,Ya,Tidak,Tidak,Ya,Tidak,Tidak,9-12 Jam,3-8 Jam,9-12 Jam,9-12 Jam,> 12 Jam,9-12 Jam,TIdak,Tidak mempunyai kendaraan listrik,Rp. 500.000 - Rp. 1.000.000,Naik Turun ( Tiap Bulan Naik 100.000 atau Turun 100.000),"Januari, Juli, Agustus, Desember",Malam (19:00 - 04:59),4.0,Membatasi pemakaian bisa tidak perlu
Iya,Jakarta,Rumah,5,Panas,> 2200 VA,Tidak,lebih dari 20,1,1,1,1,1,Tidak ada,3,1,Tidak ada,2,Tidak ada,2,4,Tidak ada,2,1,7.0,6.0,4.0,3.0,10.0,2.0,9.0,5.0,8.0,1.0,4 - 8 jam,4 - 8 jam,> 8 jam,< 2 jam,4 - 8 jam,< 2 jam,> 4 Kali,> 4 kali,Tidak,Ya,Tidak,Tidak,Tidak,Tidak,Tidak,3-8 Jam,<2 Jam,<2 Jam,3-8 Jam,<2 Jam,9-12 Jam,Ya,Tidak mempunyai kendaraan listrik,> Rp 2.000.000,Stabil ( Tiap Bulan Beda 100.000),Tidak Ada perbedaan signifikan,Malam (19:00 - 04:59),4.0,Matikan semua lampu yg tidak digunakan
Iya,Jakarta,Apartemen,1,Sejuk,2200 VA,Ya,6-10,Tidak ada,Tidak ada,1,1,Tidak ada,1,Tidak ada,Tidak ada,Tidak ada,Tidak ada,Tidak ada,2,Tidak ada,Tidak ada,1,Tidak ada,6.0,5.0,1.0,10.0,7.0,8.0,4.0,3.0,9.0,2.0,Tidak punya TV,Tidak punya TV,> 8 jam,> 12 jam,Tidak punya komputer,Tidak punya komputer,Tidak punya mesin cuci,2 kali,Tidak,Ya,Tidak,Tidak,Tidak,Tidak,Ya,3-8 Jam,> 12 Jam,<2 Jam,<2 Jam,<2 Jam,<2 Jam,Ya,Tidak mempunyai kendaraan listrik,< Rp. 500.000,Stabil ( Tiap Bulan Beda 100.000),Tidak Ada perbedaan signifikan,Malam (19:00 - 04:59),4.0,Penggunaan listrik sesuai fungsi
Iya,Bandung,Rumah,5,Sejuk,1300 VA,Tidak,6-10,1,Tidak ada,1,Tidak ada,Tidak ada,Tidak ada,Tidak ada,1,Tidak ada,Tidak ada,Tidak ada,1,Tidak ada,Tidak ada,1,1,8.0,7.0,2.0,10.0,9.0,6.0,4.0,3.0,5.0,1.0,Tidak punya TV,Tidak punya TV,2 - 4 jam,2 - 4 jam,Tidak punya komputer,Tidak punya komputer,2 kali,2 kali,Ya,Tidak,Tidak,Ya,Ya,Ya,Ya,9-12 Jam,9-12 Jam,<2 Jam,3-8 Jam,9-12 Jam,3-8 Jam,Ya,Tidak mempunyai kendaraan listrik,< Rp. 500.000,Stabil ( Tiap Bulan Beda 100.000),Juli,Malam (19:00 - 04:59),4.0,"Mencabut listrik,matikan lampu saat siang"
Iya,Bandung,Rumah,4,Sejuk,1300 VA,Tidak,16-20,1,Tidak ada,1,Tidak ada,1,Tidak ada,Tidak ada,2,Tidak ada,1,Tidak ada,1,Tidak ada,Tidak ada,1,1,6.0,8.0,3.0,9.0,7.0,4.0,5.0,2.0,10.0,1.0,> 8 jam,2 - 4 jam,2 - 4 jam,4 - 8 jam,Tidak punya komputer,Tidak punya komputer,> 4 Kali,4 kali,Tidak,Ya,Tidak,Tidak,Tidak,Tidak,Ya,3-8 Jam,9-12 Jam,3-8 Jam,3-8 Jam,3-8 Jam,9-12 Jam,Ya,Tidak mempunyai kendaraan listrik,< Rp. 500.000,Naik Turun ( Tiap Bulan Naik 100.000 atau Turun 100.000),Tidak Ada perbedaan signifikan,Sore (16:00 - 18:59),3.0,Tidak menggunakan lampu listrik di siang hari 
Iya,Bandung,Rumah,5,Panas,1300 VA,Tidak,6-10,1,Tidak ada,1,Tidak ada,Tidak ada,Tidak ada,Tidak ada,1,Tidak ada,Tidak ada,Tidak ada,1,Tidak ada,Tidak ada,1,1,7.0,8.0,9.0,10.0,6.0,5.0,3.0,2.0,4.0,1.0,Tidak punya TV,Tidak punya TV,< 2 jam,< 2 jam,Tidak punya komputer,Tidak punya komputer,3 kali,3 kali,Ya,Ya,Tidak,Tidak,Ya,Ya,Ya,> 12 Jam,> 12 Jam,3-8 Jam,3-8 Jam,3-8 Jam,3-8 Jam,Ya,Tidak mempunyai kendaraan listrik,< Rp. 500.000,Naik Turun ( Tiap Bulan Naik 100.000 atau Turun 100.000),Tidak Ada perbedaan signifikan,Malam (19:00 - 04:59),4.0,Mematikan penerangan yg Tdk perlu setiap harinya
Iya,Jakarta,Rumah,4,Panas,2200 VA,Ya,16-20,1,1,1,1,1,Tidak ada,Tidak ada,1,Tidak ada,3,Tidak ada,2,3,Tidak ada,3,1,4.0,8.0,1.0,6.0,9.0,10.0,7.0,2.0,5.0,3.0,< 2 jam,< 2 jam,> 8 jam,> 12 jam,< 2 jam,< 2 jam,> 4 Kali,> 4 kali,Tidak,Ya,Tidak,Tidak,Ya,Tidak,Tidak,> 12 Jam,3-8 Jam,3-8 Jam,3-8 Jam,3-8 Jam,9-12 Jam,TIdak,Tidak mempunyai kendaraan listrik,Rp. 1.000.001 - Rp 1.500.000,Naik Turun ( Tiap Bulan Naik 100.000 atau Turun 100.000),Tidak Ada perbedaan signifikan,Malam (19:00 - 04:59),4.0,Mematikan penggunaan alat listrik jika tdk di gunakan
Iya,Majalengka,Rumah,5,Sejuk,900 VA,Tidak,6-10,1,Tidak ada,1,Tidak ada,Tidak ada,Tidak ada,1,Tidak ada,Tidak ada,2,Tidak ada,2,Tidak ada,Tidak ada,1,1,6.0,7.0,8.0,9.0,10.0,5.0,2.0,3.0,4.0,1.0,2 - 4 jam,4 - 8 jam,2 - 4 jam,2 - 4 jam,< 2 jam,< 2 jam,4 kali,1 kali,Tidak,Ya,Tidak,Ya,Ya,Tidak,Ya,3-8 Jam,3-8 Jam,<2 Jam,3-8 Jam,3-8 Jam,3-8 Jam,Ya,Tidak mempunyai kendaraan listrik,< Rp. 500.000,Stabil ( Tiap Bulan Beda 100.000),Tidak Ada perbedaan signifikan,Malam (19:00 - 04:59),4.0,Menggunakan listrik sesuai kebutuhan dan mematikan lampu ketika ruangan tidak digunakan
Iya,Bandung,Rumah,> 5,Sejuk,2200 VA,Ya,lebih dari 20,1,1,1,Tidak ada,1,Tidak ada,1,2,Tidak ada,3,1,3,1,Tidak ada,2,1,7.0,5.0,6.0,8.0,9.0,4.0,10.0,2.0,3.0,1.0,2 - 4 jam,8 - 12 jam,2 - 4 jam,2 - 4 jam,< 2 jam,2 - 4 jam,> 4 Kali,4 kali,Tidak,Ya,Tidak,Ya,Tidak,Tidak,Tidak,9-12 Jam,3-8 Jam,<2 Jam,> 12 Jam,9-12 Jam,3-8 Jam,Ya,1-2 Jam,Rp. 500.000 - Rp. 1.000.000,Stabil ( Tiap Bulan Beda 100.000),Tidak Ada perbedaan signifikan,Malam (19:00 - 04:59),4.0,Hemat pemakaian
Iya,Bandung,Rumah,> 5,Sejuk,2200 VA,Tidak,16-20,2,Tidak ada,2,1,Tidak ada,1,1,Tidak ada,Tidak ada,4,1,1,Tidak ada,Tidak ada,1,1,2.0,3.0,4.0,5.0,6.0,1.0,7.0,8.0,9.0,10.0,4 - 8 jam,4 - 8 jam,Tidak punya AC/kipas angin,< 2 jam,2 - 4 jam,2 - 4 jam,2 kali,2 kali,Tidak,Ya,Tidak,Tidak,Tidak,Tidak,Tidak,<2 Jam,<2 Jam,<2 Jam,<2 Jam,3-8 Jam,3-8 Jam,Ya,Tidak mempunyai kendaraan listrik,Rp. 500.000 - Rp. 1.000.000,Naik Turun ( Tiap Bulan Naik 100.000 atau Turun 100.000),Tidak Ada perbedaan signifikan,Malam (19:00 - 04:59),4.0,mematikan aliran listrik yang tidak diperlukan
Iya,Semarang,Rumah,3,Sejuk,> 2200 VA,Tidak,6-10,2,1,1,1,1,Tidak ada,1,Tidak ada,2,2,1,3,2,Tidak ada,2,1,3.0,4.0,7.0,8.0,10.0,6.0,2.0,5.0,9.0,1.0,> 8 jam,4 - 8 jam,> 8 jam,8 - 12 jam,4 - 8 jam,2 - 4 jam,2 kali,1 kali,Tidak,Ya,Tidak,Tidak,Tidak,Tidak,Ya,9-12 Jam,> 12 Jam,<2 Jam,<2 Jam,9-12 Jam,> 12 Jam,Ya,Tidak mempunyai kendaraan listrik,Rp. 1.000.001 - Rp 1.500.000,Naik Turun ( Tiap Bulan Naik 100.000 atau Turun 100.000),Juni,Siang (11:00 - 15:59),3.0,"Mematikan lampu, jarang pakai ac"
Iya,Jakarta,Rumah,5,Panas,2200 VA,Ya,lebih dari 20,2,Tidak ada,1,Tidak ada,1,Tidak ada,Tidak ada,Tidak ada,Tidak ada,2,Tidak ada,2,3,Tidak ada,2,1,5.0,6.0,9.0,7.0,10.0,8.0,4.0,3.0,2.0,1.0,> 8 jam,4 - 8 jam,4 - 8 jam,8 - 12 jam,Tidak punya komputer,Tidak punya komputer,3 kali,1 kali,Tidak,Ya,Tidak,Ya,Ya,Tidak,Ya,3-8 Jam,<2 Jam,<2 Jam,9-12 Jam,3-8 Jam,3-8 Jam,Ya,Tidak mempunyai kendaraan listrik,Rp. 1.000.001 - Rp 1.500.000,Naik Turun ( Tiap Bulan Naik 100.000 atau Turun 100.000),Tidak Ada perbedaan signifikan,Malam (19:00 - 04:59),4.0,Matikan peralatan kalo TDK dipakai
Iya,Bandung,Rumah,5,Sejuk,900 VA,Tidak,6-10,1,Tidak ada,1,Tidak ada,Tidak ada,Tidak ada,1,Tidak ada,Tidak ada,2,Tidak ada,1,Tidak ada,1,2,1,2.0,7.0,3.0,9.0,10.0,4.0,1.0,6.0,5.0,8.0,2 - 4 jam,< 2 jam,< 2 jam,< 2 jam,2 - 4 jam,4 - 8 jam,4 kali,2 kali,Tidak,Ya,Tidak,Tidak,Tidak,Tidak,Ya,9-12 Jam,3-8 Jam,9-12 Jam,3-8 Jam,3-8 Jam,3-8 Jam,Ya,>4 Jam,< Rp. 500.000,Naik Turun ( Tiap Bulan Naik 100.000 atau Turun 100.000),"April, Tidak Ada perbedaan signifikan",Malam (19:00 - 04:59),4.0,Menggunakannya secara bijak
Iya,Jakarta,Rumah,> 5,Panas,> 2200 VA,Tidak,6-10,2,Tidak ada,1,Tidak ada,2,Tidak ada,Tidak ada,Tidak ada,Tidak ada,2,2,2,2,Tidak ada,2,1,3.0,9.0,5.0,10.0,8.0,7.0,4.0,2.0,6.0,1.0,> 8 jam,> 12 jam,> 8 jam,> 12 jam,4 - 8 jam,< 2 jam,> 4 Kali,2 kali,Tidak,Ya,Tidak,Tidak,Ya,Tidak,Tidak,9-12 Jam,3-8 Jam,<2 Jam,<2 Jam,<2 Jam,9-12 Jam,Ya,Tidak mempunyai kendaraan listrik,Rp. 1.000.001 - Rp 1.500.000,Stabil ( Tiap Bulan Beda 100.000),Tidak Ada perbedaan signifikan,Siang (11:00 - 15:59),4.0,Ac dan lampu d pakai seperlunya sj
Iya,Jakarta,Rumah,4,Panas,2200 VA,Tidak,10-15,1,Tidak ada,Tidak ada,Tidak ada,Tidak ada,Tidak ada,Tidak ada,Tidak ada,Tidak ada,2,Tidak ada,1,4,Tidak ada,3,1,8.0,10.0,6.0,5.0,9.0,7.0,3.0,2.0,4.0,1.0,2 - 4 jam,4 - 8 jam,4 - 8 jam,4 - 8 jam,Tidak punya komputer,Tidak punya komputer,4 kali,4 kali,Tidak,Ya,Tidak,Tidak,Tidak,Tidak,Tidak,<2 Jam,3-8 Jam,3-8 Jam,3-8 Jam,3-8 Jam,9-12 Jam,TIdak,Tidak mempunyai kendaraan listrik,Rp. 500.000 - Rp. 1.000.000,Stabil ( Tiap Bulan Beda 100.000),Tidak Ada perbedaan signifikan,Malam (19:00 - 04:59),3.0,tidak boros listrik
Iya,Jakarta,Rumah,5,Panas,> 2200 VA,Ya,lebih dari 20,1,Tidak ada,Tidak ada,Tidak ada,Tidak ada,Tidak ada,Tidak ada,1,Tidak ada,3,Tidak ada,1,4,Tidak ada,3,1,7.0,6.0,5.0,8.0,10.0,9.0,3.0,2.0,4.0,1.0,2 - 4 jam,2 - 4 jam,> 8 jam,8 - 12 jam,Tidak punya komputer,Tidak punya komputer,> 4 Kali,> 4 kali,Ya,Ya,Tidak,Tidak,Tidak,Ya,Tidak,9-12 Jam,<2 Jam,3-8 Jam,<2 Jam,3-8 Jam,> 12 Jam,TIdak,Tidak mempunyai kendaraan listrik,Rp. 500.000 - Rp. 1.000.000,Terus Mengalami Kenaikan ( Hampir Tiap Bulan Naik 100.000),"Juni, Juli, Agustus, September",Malam (19:00 - 04:59),2.0,-
Iya,Jakarta,Rumah,4,Panas,2200 VA,Ya,10-15,1,Tidak ada,Tidak ada,Tidak ada,1,Tidak ada,Tidak ada,Tidak ada,Tidak ada,2,Tidak ada,1,3,Tidak ada,2,1,7.0,6.0,5.0,9.0,10.0,8.0,3.0,2.0,4.0,1.0,2 - 4 jam,2 - 4 jam,> 8 jam,8 - 12 jam,Tidak punya komputer,Tidak punya komputer,> 4 Kali,> 4 kali,Tidak,Ya,Tidak,Tidak,Tidak,Tidak,Tidak,3-8 Jam,<2 Jam,3-8 Jam,<2 Jam,3-8 Jam,> 12 Jam,Ya,Tidak mempunyai kendaraan listrik,Rp. 500.000 - Rp. 1.000.000,Stabil ( Tiap Bulan Beda 100.000),Tidak Ada perbedaan signifikan,Malam (19:00 - 04:59),3.0,berhemat listrik
Iya,Bandung,Kos,1,Panas,1300 VA,Tidak,1-5,Tidak ada,Tidak ada,Tidak ada,Tidak ada,Tidak ada,Tidak ada,Tidak ada,Tidak ada,1,Tidak ada,1,Tidak ada,1,Tidak ada,1,Tidak ada,6.0,5.0,4.0,3.0,2.0,9.0,7.0,8.0,10.0,1.0,Tidak punya TV,Tidak punya TV,4 - 8 jam,4 - 8 jam,Tidak punya komputer,Tidak punya komputer,Tidak punya mesin cuci,Tidak punya setrika,Tidak,Tidak,Tidak,Tidak,Tidak,Tidak,Tidak,3-8 Jam,<2 Jam,<2 Jam,<2 Jam,<2 Jam,<2 Jam,TIdak,Tidak mempunyai kendaraan listrik,< Rp. 500.000,Stabil ( Tiap Bulan Beda 100.000),Tidak Ada perbedaan signifikan,Malam (19:00 - 04:59),1.0,-
Iya,Malang,Kos,1,Sejuk,1300 VA,Tidak,1-5,Tidak ada,Tidak ada,Tidak ada,Tidak ada,Tidak ada,Tidak ada,Tidak ada,Tidak ada,Tidak ada,Tidak ada,Tidak ada,Tidak ada,1,Tidak ada,1,Tidak ada,8.0,7.0,6.0,5.0,4.0,9.0,3.0,2.0,10.0,1.0,Tidak punya TV,Tidak punya TV,Tidak punya AC/kipas angin,Tidak punya AC/kipas angin,Tidak punya komputer,Tidak punya komputer,Tidak punya mesin cuci,Tidak punya setrika,Tidak,Tidak,Tidak,Tidak,Tidak,Tidak,Tidak,3-8 Jam,<2 Jam,<2 Jam,<2 Jam,<2 Jam,<2 Jam,TIdak,Tidak mempunyai kendaraan listrik,< Rp. 500.000,Stabil ( Tiap Bulan Beda 100.000),Tidak Ada perbedaan signifikan,Malam (19:00 - 04:59),2.0,-
Iya,Surabaya,Kos,1,Panas,1300 VA,Tidak,1-5,Tidak ada,Tidak ada,Tidak ada,Tidak ada,Tidak ada,Tidak ada,Tidak ada,Tidak ada,1,1,Tidak ada,Tidak ada,1,Tidak ada,1,Tidak ada,2.0,8.0,7.0,6.0,5.0,9.0,4.0,3.0,10.0,1.0,2 - 4 jam,2 - 4 jam,4 - 8 jam,4 - 8 jam,Tidak punya komputer,Tidak punya komputer,Tidak punya mesin cuci,Tidak punya setrika,Tidak,Tidak,Tidak,Tidak,Tidak,Tidak,Tidak,9-12 Jam,<2 Jam,<2 Jam,<2 Jam,<2 Jam,<2 Jam,TIdak,Tidak mempunyai kendaraan listrik,< Rp. 500.000,Stabil ( Tiap Bulan Beda 100.000),Tidak Ada perbedaan signifikan,Malam (19:00 - 04:59),1.0,-
Iya,Serang,Rumah,4,Sejuk,2200 VA,Ya,16-20,1,1,1,1,Tidak ada,1,1,1,Tidak ada,1,2,1,3,Tidak ada,2,1,2.0,3.0,5.0,4.0,10.0,8.0,9.0,6.0,7.0,1.0,2 - 4 jam,2 - 4 jam,4 - 8 jam,8 - 12 jam,2 - 4 jam,2 - 4 jam,3 kali,2 kali,Ya,Ya,Tidak,Tidak,Tidak,Tidak,Ya,3-8 Jam,9-12 Jam,3-8 Jam,3-8 Jam,3-8 Jam,9-12 Jam,Ya,Tidak mempunyai kendaraan listrik,Rp. 1.000.001 - Rp 1.500.000,Stabil ( Tiap Bulan Beda 100.000),"Januari, Agustus, September",Malam (19:00 - 04:59),4.0,-
Iya,Banten,Rumah,3,Sejuk,2200 VA,Ya,10-15,1,1,1,1,1,1,1,1,Tidak ada,1,2,1,3,1,2,1,3.0,2.0,5.0,4.0,10.0,8.0,9.0,6.0,7.0,1.0,2 - 4 jam,2 - 4 jam,4 - 8 jam,8 - 12 jam,2 - 4 jam,4 - 8 jam,2 kali,1 kali,Ya,Ya,Tidak,Tidak,Ya,Tidak,Ya,3-8 Jam,9-12 Jam,<2 Jam,3-8 Jam,9-12 Jam,9-12 Jam,Ya,Tidak mempunyai kendaraan listrik,Rp. 1.000.001 - Rp 1.500.000,Stabil ( Tiap Bulan Beda 100.000),"Maret, April, November, Desember",Malam (19:00 - 04:59),4.0,Tidak sering sering nyalakan AC
Iya,Banten,Rumah,3,Sejuk,1300 VA,Ya,10-15,1,Tidak ada,1,Tidak ada,Tidak ada,Tidak ada,1,1,Tidak ada,1,1,1,2,Tidak ada,2,Tidak ada,3.0,2.0,4.0,5.0,10.0,8.0,9.0,6.0,7.0,1.0,< 2 jam,2 - 4 jam,4 - 8 jam,8 - 12 jam,< 2 jam,2 - 4 jam,Tidak punya mesin cuci,2 kali,Ya,Ya,Tidak,Tidak,Tidak,Tidak,Ya,3-8 Jam,9-12 Jam,<2 Jam,3-8 Jam,3-8 Jam,9-12 Jam,Ya,Tidak mempunyai kendaraan listrik,Rp. 500.000 - Rp. 1.000.000,Stabil ( Tiap Bulan Beda 100.000),"Februari, Maret, Juni, Juli, Desember",Malam (19:00 - 04:59),4.0,kurangi pemakaian komputer dan AC
Iya,Banten,Rumah,4,Sejuk,2200 VA,Ya,16-20,1,Tidak ada,1,2,Tidak ada,1,1,1,Tidak ada,1,1,1,3,Tidak ada,2,1,3.0,2.0,5.0,4.0,10.0,8.0,9.0,7.0,6.0,1.0,< 2 jam,2 - 4 jam,4 - 8 jam,4 - 8 jam,2 - 4 jam,8 - 12 jam,1 kali,2 kali,Ya,Ya,Tidak,Tidak,Tidak,Tidak,Ya,3-8 Jam,9-12 Jam,<2 Jam,3-8 Jam,3-8 Jam,9-12 Jam,Ya,Tidak mempunyai kendaraan listrik,Rp. 500.000 - Rp. 1.000.000,Stabil ( Tiap Bulan Beda 100.000),"April, Juni, Juli",Malam (19:00 - 04:59),4.0,-
Iya,Surabaya,Rumah,4,Panas,2200 VA,Ya,lebih dari 20,2,Tidak ada,Tidak ada,Tidak ada,Tidak ada,Tidak ada,Tidak ada,1,Tidak ada,1,Tidak ada,1,4,Tidak ada,1,Tidak ada,2.0,3.0,4.0,9.0,10.0,8.0,7.0,5.0,6.0,1.0,2 - 4 jam,2 - 4 jam,4 - 8 jam,4 - 8 jam,8 - 12 jam,4 - 8 jam,3 kali,2 kali,Ya,Ya,Tidak,Tidak,Tidak,Tidak,Ya,9-12 Jam,3-8 Jam,3-8 Jam,3-8 Jam,3-8 Jam,> 12 Jam,Ya,1-2 Jam,Rp. 1.000.001 - Rp 1.500.000,Naik Turun ( Tiap Bulan Naik 100.000 atau Turun 100.000),"Januari, Juli, Agustus, Oktober",Malam (19:00 - 04:59),4.0,"Saya membiasakan keluarga untuk mematikan lampu, AC, dan peralatan elektronik ketika tidak digunakan. Selain itu, saya menggunakan peralatan rumah tangga yang hemat energi seperti AC inverter dan lampu LED, serta mengatur jadwal penggunaan mesin cuci dan setrika agar tidak berlebihan. Untuk AC dan dispenser, saya juga rutin melakukan perawatan agar lebih efisien dan tidak boros daya."
Iya,Banten,Rumah,4,Sejuk,> 2200 VA,Ya,10-15,1,1,1,1,1,1,2,1,Tidak ada,2,3,1,3,1,2,1,3.0,2.0,5.0,4.0,10.0,8.0,9.0,6.0,7.0,1.0,< 2 jam,2 - 4 jam,4 - 8 jam,8 - 12 jam,2 - 4 jam,2 - 4 jam,2 kali,2 kali,Ya,Ya,Tidak,Tidak,Tidak,Tidak,Ya,3-8 Jam,3-8 Jam,<2 Jam,3-8 Jam,9-12 Jam,9-12 Jam,Ya,<1 Jam,Rp. 1.000.001 - Rp 1.500.000,Stabil ( Tiap Bulan Beda 100.000),Tidak Ada perbedaan signifikan,Malam (19:00 - 04:59),4.0,-
Iya,Serang,Rumah,5,Sejuk,2200 VA,Ya,10-15,1,1,1,1,Tidak ada,1,1,1,Tidak ada,1,2,1,3,1,2,1,2.0,3.0,4.0,5.0,10.0,8.0,9.0,7.0,6.0,1.0,< 2 jam,2 - 4 jam,4 - 8 jam,8 - 12 jam,4 - 8 jam,2 - 4 jam,3 kali,2 kali,Ya,Ya,Tidak,Tidak,Tidak,Tidak,Ya,3-8 Jam,9-12 Jam,<2 Jam,3-8 Jam,3-8 Jam,9-12 Jam,Ya,Tidak mempunyai kendaraan listrik,Rp. 1.000.001 - Rp 1.500.000,Stabil ( Tiap Bulan Beda 100.000),Tidak Ada perbedaan signifikan,Malam (19:00 - 04:59),4.0,.
Iya,Serang,Rumah,> 5,Sejuk,> 2200 VA,Tidak,lebih dari 20,1,1,1,1,1,1,2,1,Tidak ada,2,2,1,4,1,2,1,2.0,3.0,4.0,5.0,10.0,8.0,9.0,6.0,7.0,1.0,2 - 4 jam,2 - 4 jam,4 - 8 jam,4 - 8 jam,2 - 4 jam,2 - 4 jam,3 kali,2 kali,Ya,Ya,Tidak,Tidak,Ya,Tidak,Ya,3-8 Jam,9-12 Jam,3-8 Jam,3-8 Jam,9-12 Jam,> 12 Jam,Ya,<1 Jam,Rp. 1.500.001 - Rp 2.000.000,Stabil ( Tiap Bulan Beda 100.000),Tidak Ada perbedaan signifikan,Malam (19:00 - 04:59),4.0,","
Iya,Serang,Rumah,4,Sejuk,2200 VA,Ya,16-20,1,1,1,1,1,1,1,1,Tidak ada,1,1,1,3,1,2,1,3.0,2.0,4.0,5.0,10.0,8.0,9.0,6.0,7.0,1.0,2 - 4 jam,2 - 4 jam,4 - 8 jam,4 - 8 jam,2 - 4 jam,2 - 4 jam,2 kali,2 kali,Ya,Ya,Tidak,Tidak,Tidak,Tidak,Ya,3-8 Jam,9-12 Jam,3-8 Jam,3-8 Jam,3-8 Jam,9-12 Jam,Ya,Tidak mempunyai kendaraan listrik,Rp. 1.000.001 - Rp 1.500.000,Stabil ( Tiap Bulan Beda 100.000),Tidak Ada perbedaan signifikan,Malam (19:00 - 04:59),4.0,o
Iya,Serang,Rumah,4,Sejuk,2200 VA,Ya,10-15,1,Tidak ada,1,1,Tidak ada,1,2,1,Tidak ada,1,2,1,3,1,2,1,3.0,2.0,4.0,5.0,10.0,8.0,9.0,6.0,7.0,1.0,2 - 4 jam,2 - 4 jam,4 - 8 jam,4 - 8 jam,2 - 4 jam,4 - 8 jam,2 kali,2 kali,Ya,Ya,Tidak,Tidak,Tidak,Tidak,Ya,3-8 Jam,9-12 Jam,3-8 Jam,3-8 Jam,3-8 Jam,9-12 Jam,Ya,<1 Jam,Rp. 1.000.001 - Rp 1.500.000,Stabil ( Tiap Bulan Beda 100.000),Tidak Ada perbedaan signifikan,Malam (19:00 - 04:59),4.0,gunakan alat listrik secukupnya
Iya,Banten,Rumah,4,Sejuk,2200 VA,Ya,16-20,1,Tidak ada,1,1,1,1,1,1,Tidak ada,1,1,1,3,1,2,1,3.0,2.0,4.0,5.0,10.0,8.0,9.0,6.0,7.0,1.0,< 2 jam,2 - 4 jam,4 - 8 jam,4 - 8 jam,2 - 4 jam,2 - 4 jam,2 kali,2 kali,Ya,Ya,Tidak,Tidak,Ya,Tidak,Ya,3-8 Jam,9-12 Jam,<2 Jam,3-8 Jam,9-12 Jam,> 12 Jam,Ya,1-2 Jam,Rp. 1.000.001 - Rp 1.500.000,Stabil ( Tiap Bulan Beda 100.000),Tidak Ada perbedaan signifikan,Malam (19:00 - 04:59),4.0,-
Iya,Banten,Rumah,5,Sejuk,2200 VA,Ya,10-15,1,1,2,Tidak ada,1,1,1,1,Tidak ada,2,1,1,4,1,2,1,2.0,3.0,4.0,5.0,10.0,8.0,9.0,6.0,7.0,1.0,< 2 jam,2 - 4 jam,4 - 8 jam,8 - 12 jam,2 - 4 jam,2 - 4 jam,3 kali,2 kali,Ya,Ya,Tidak,Tidak,Tidak,Tidak,Ya,3-8 Jam,9-12 Jam,<2 Jam,3-8 Jam,3-8 Jam,9-12 Jam,Ya,1-2 Jam,Rp. 1.000.001 - Rp 1.500.000,Stabil ( Tiap Bulan Beda 100.000),Tidak Ada perbedaan signifikan,Malam (19:00 - 04:59),3.0,tidak menyalakan banyak lampu saat malam hari
Iya,Serang,Rumah,5,Sejuk,2200 VA,Tidak,16-20,1,1,1,1,Tidak ada,1,1,1,Tidak ada,1,2,1,3,1,2,1,2.0,3.0,5.0,4.0,10.0,8.0,9.0,6.0,7.0,1.0,< 2 jam,2 - 4 jam,4 - 8 jam,4 - 8 jam,2 - 4 jam,2 - 4 jam,2 kali,2 kali,Ya,Ya,Tidak,Tidak,Ya,Tidak,Ya,3-8 Jam,9-12 Jam,<2 Jam,3-8 Jam,9-12 Jam,> 12 Jam,Ya,1-2 Jam,Rp. 1.000.001 - Rp 1.500.000,Stabil ( Tiap Bulan Beda 100.000),Tidak Ada perbedaan signifikan,Malam (19:00 - 04:59),3.0,-
Iya,Serang,Rumah,4,Sejuk,2200 VA,Tidak,10-15,1,1,1,1,1,1,2,1,Tidak ada,1,2,1,3,Tidak ada,2,1,3.0,2.0,4.0,5.0,10.0,8.0,9.0,7.0,6.0,1.0,2 - 4 jam,< 2 jam,4 - 8 jam,4 - 8 jam,2 - 4 jam,4 - 8 jam,2 kali,3 kali,Ya,Ya,Tidak,Tidak,Tidak,Tidak,Ya,3-8 Jam,9-12 Jam,<2 Jam,<2 Jam,3-8 Jam,> 12 Jam,Ya,Tidak mempunyai kendaraan listrik,Rp. 1.000.001 - Rp 1.500.000,Stabil ( Tiap Bulan Beda 100.000),Tidak Ada perbedaan signifikan,Malam (19:00 - 04:59),4.0,Gunakan AC hanya di  malam hari
Iya,Banten,Rumah,4,Sejuk,1300 VA,Tidak,6-10,1,1,1,Tidak ada,Tidak ada,Tidak ada,Tidak ada,1,Tidak ada,1,Tidak ada,1,2,Tidak ada,2,1,4.0,3.0,6.0,5.0,10.0,8.0,9.0,1.0,7.0,2.0,2 - 4 jam,2 - 4 jam,4 - 8 jam,4 - 8 jam,Tidak punya komputer,Tidak punya komputer,2 kali,2 kali,Ya,Ya,Tidak,Tidak,Ya,Tidak,Tidak,3-8 Jam,3-8 Jam,<2 Jam,3-8 Jam,9-12 Jam,> 12 Jam,Ya,Tidak mempunyai kendaraan listrik,Rp. 500.000 - Rp. 1.000.000,Stabil ( Tiap Bulan Beda 100.000),Tidak Ada perbedaan signifikan,Malam (19:00 - 04:59),4.0,.
Iya,Banten,Rumah,3,Sejuk,1300 VA,Tidak,10-15,1,Tidak ada,1,1,1,Tidak ada,Tidak ada,1,Tidak ada,1,Tidak ada,1,2,1,2,Tidak ada,4.0,2.0,5.0,6.0,10.0,8.0,9.0,1.0,7.0,3.0,2 - 4 jam,2 - 4 jam,4 - 8 jam,8 - 12 jam,Tidak punya komputer,Tidak punya komputer,Tidak punya mesin cuci,2 kali,Ya,Ya,Tidak,Tidak,Tidak,Tidak,Ya,3-8 Jam,9-12 Jam,3-8 Jam,3-8 Jam,3-8 Jam,> 12 Jam,Ya,1-2 Jam,Rp. 500.000 - Rp. 1.000.000,Stabil ( Tiap Bulan Beda 100.000),Tidak Ada perbedaan signifikan,Malam (19:00 - 04:59),3.0,k
Iya,Jakarta,Kontrakan,4,Sejuk,1300 VA,Tidak,10-15,1,Tidak ada,1,1,Tidak ada,Tidak ada,Tidak ada,1,Tidak ada,1,Tidak ada,1,2,Tidak ada,2,1,3.0,4.0,5.0,6.0,10.0,8.0,9.0,2.0,7.0,1.0,< 2 jam,2 - 4 jam,4 - 8 jam,4 - 8 jam,Tidak punya komputer,Tidak punya komputer,2 kali,2 kali,Ya,Ya,Tidak,Tidak,Tidak,Tidak,Ya,3-8 Jam,9-12 Jam,3-8 Jam,3-8 Jam,3-8 Jam,> 12 Jam,Ya,Tidak mempunyai kendaraan listrik,Rp. 500.000 - Rp. 1.000.000,Stabil ( Tiap Bulan Beda 100.000),Tidak Ada perbedaan signifikan,Malam (19:00 - 04:59),3.0,Batasi penggunaan AC
Iya,Tangerang,Rumah,4,Sejuk,1300 VA,Tidak,10-15,1,Tidak ada,Tidak ada,1,Tidak ada,Tidak ada,1,1,Tidak ada,1,1,1,2,1,1,Tidak ada,3.0,1.0,5.0,4.0,10.0,8.0,9.0,6.0,7.0,2.0,2 - 4 jam,2 - 4 jam,4 - 8 jam,4 - 8 jam,2 - 4 jam,2 - 4 jam,Tidak punya mesin cuci,3 kali,Tidak,Ya,Tidak,Tidak,Tidak,Tidak,Ya,3-8 Jam,9-12 Jam,<2 Jam,3-8 Jam,3-8 Jam,> 12 Jam,Ya,1-2 Jam,Rp. 500.000 - Rp. 1.000.000,Stabil ( Tiap Bulan Beda 100.000),Tidak Ada perbedaan signifikan,Malam (19:00 - 04:59),3.0,-
Iya,Tangerang,Rumah,4,Sejuk,1300 VA,Tidak,10-15,1,Tidak ada,Tidak ada,Tidak ada,Tidak ada,Tidak ada,Tidak ada,1,Tidak ada,1,Tidak ada,1,2,1,2,Tidak ada,4.0,2.0,5.0,6.0,10.0,8.0,9.0,1.0,7.0,3.0,2 - 4 jam,2 - 4 jam,4 - 8 jam,4 - 8 jam,Tidak punya komputer,Tidak punya komputer,Tidak punya mesin cuci,3 kali,Ya,Ya,Tidak,Tidak,Ya,Tidak,Ya,3-8 Jam,9-12 Jam,<2 Jam,3-8 Jam,9-12 Jam,> 12 Jam,Ya,1-2 Jam,Rp. 500.000 - Rp. 1.000.000,Stabil ( Tiap Bulan Beda 100.000),Tidak Ada perbedaan signifikan,Malam (19:00 - 04:59),4.0,-
Iya,Depok,Rumah,4,Panas,2200 VA,Ya,lebih dari 20,1,1,Tidak ada,Tidak ada,1,Tidak ada,1,1,Tidak ada,3,Tidak ada,3,Tidak ada,Tidak ada,2,1,5.0,4.0,7.0,3.0,10.0,8.0,9.0,2.0,6.0,1.0,4 - 8 jam,8 - 12 jam,4 - 8 jam,4 - 8 jam,2 - 4 jam,< 2 jam,> 4 Kali,> 4 kali,Tidak,Ya,Tidak,Tidak,Tidak,Tidak,Ya,3-8 Jam,> 12 Jam,3-8 Jam,9-12 Jam,3-8 Jam,3-8 Jam,Ya,Tidak mempunyai kendaraan listrik,Rp. 500.000 - Rp. 1.000.000,Naik Turun ( Tiap Bulan Naik 100.000 atau Turun 100.000),Tidak Ada perbedaan signifikan,Siang (11:00 - 15:59),4.0,"mematikan lampu disaat tidak digunakan, mencabut charger/mematikan stop kontak saat tidak digunakan"
Iya,Jakarta,Rumah,5,Sejuk,900 VA,Ya,16-20,1,1,1,1,1,Tidak ada,1,1,1,1,1,1,1,Tidak ada,1,1,2.0,3.0,1.0,4.0,5.0,6.0,7.0,8.0,9.0,10.0,< 2 jam,2 - 4 jam,> 8 jam,> 12 jam,4 - 8 jam,2 - 4 jam,> 4 Kali,> 4 kali,Tidak,Ya,Tidak,Tidak,Tidak,Tidak,Ya,<2 Jam,> 12 Jam,<2 Jam,9-12 Jam,9-12 Jam,> 12 Jam,Ya,Tidak mempunyai kendaraan listrik,> Rp 2.000.000,Naik Turun ( Tiap Bulan Naik 100.000 atau Turun 100.000),Tidak Ada perbedaan signifikan,Sore (16:00 - 18:59),4.0,Matikan lampu sebelum tidur
Iya,Jakarta,Rumah,5,Sejuk,> 2200 VA,Ya,16-20,1,1,1,1,1,1,2,1,Tidak ada,1,3,1,4,Tidak ada,2,1,3.0,2.0,4.0,5.0,10.0,8.0,9.0,6.0,7.0,1.0,< 2 jam,2 - 4 jam,4 - 8 jam,8 - 12 jam,4 - 8 jam,4 - 8 jam,3 kali,2 kali,Ya,Ya,Tidak,Tidak,Tidak,Tidak,Ya,3-8 Jam,9-12 Jam,<2 Jam,3-8 Jam,3-8 Jam,> 12 Jam,Ya,Tidak mempunyai kendaraan listrik,Rp. 1.500.001 - Rp 2.000.000,Naik Turun ( Tiap Bulan Naik 100.000 atau Turun 100.000),"Januari, Juni, Agustus, Desember, Tidak Ada perbedaan signifikan",Malam (19:00 - 04:59),4.0,-
Iya,Jakarta,Rumah,4,Sejuk,2200 VA,Tidak,10-15,1,Tidak ada,1,1,1,Tidak ada,1,1,Tidak ada,1,2,1,3,Tidak ada,2,1,3.0,2.0,5.0,4.0,10.0,8.0,9.0,6.0,7.0,1.0,2 - 4 jam,2 - 4 jam,4 - 8 jam,8 - 12 jam,2 - 4 jam,4 - 8 jam,3 kali,2 kali,Ya,Ya,Tidak,Tidak,Tidak,Tidak,Ya,3-8 Jam,9-12 Jam,3-8 Jam,3-8 Jam,3-8 Jam,> 12 Jam,Ya,Tidak mempunyai kendaraan listrik,Rp. 1.000.001 - Rp 1.500.000,Stabil ( Tiap Bulan Beda 100.000),Tidak Ada perbedaan signifikan,Malam (19:00 - 04:59),4.0,-
Iya,Jakarta,Rumah,4,Sejuk,2200 VA,Tidak,10-15,1,1,1,1,Tidak ada,1,2,1,Tidak ada,1,2,1,3,Tidak ada,2,1,2.0,3.0,4.0,5.0,10.0,8.0,9.0,7.0,6.0,1.0,< 2 jam,< 2 jam,4 - 8 jam,4 - 8 jam,2 - 4 jam,2 - 4 jam,2 kali,2 kali,Tidak,Ya,Tidak,Tidak,Tidak,Tidak,Ya,3-8 Jam,9-12 Jam,<2 Jam,<2 Jam,3-8 Jam,> 12 Jam,Ya,Tidak mempunyai kendaraan listrik,Rp. 500.000 - Rp. 1.000.000,Stabil ( Tiap Bulan Beda 100.000),Tidak Ada perbedaan signifikan,Malam (19:00 - 04:59),3.0,b
Iya,Jakarta,Rumah,5,Sejuk,2200 VA,Ya,16-20,1,Tidak ada,1,1,Tidak ada,1,2,1,Tidak ada,1,2,1,4,Tidak ada,2,1,2.0,3.0,5.0,4.0,10.0,8.0,9.0,7.0,6.0,1.0,2 - 4 jam,2 - 4 jam,4 - 8 jam,8 - 12 jam,2 - 4 jam,4 - 8 jam,3 kali,2 kali,Ya,Ya,Tidak,Tidak,Ya,Tidak,Ya,3-8 Jam,9-12 Jam,3-8 Jam,3-8 Jam,9-12 Jam,> 12 Jam,Ya,Tidak mempunyai kendaraan listrik,Rp. 1.000.001 - Rp 1.500.000,Stabil ( Tiap Bulan Beda 100.000),Tidak Ada perbedaan signifikan,Malam (19:00 - 04:59),3.0,Batasi penggunaan komputer
Iya,Jakarta,Rumah,3,Sejuk,2200 VA,Ya,10-15,1,Tidak ada,1,1,1,Tidak ada,Tidak ada,1,Tidak ada,1,3,1,2,1,2,1,3.0,2.0,4.0,5.0,10.0,8.0,9.0,7.0,6.0,1.0,2 - 4 jam,2 - 4 jam,4 - 8 jam,8 - 12 jam,8 - 12 jam,4 - 8 jam,2 kali,2 kali,Ya,Ya,Tidak,Tidak,Tidak,Tidak,Ya,3-8 Jam,9-12 Jam,3-8 Jam,3-8 Jam,3-8 Jam,> 12 Jam,Ya,Tidak mempunyai kendaraan listrik,Rp. 1.000.001 - Rp 1.500.000,Stabil ( Tiap Bulan Beda 100.000),Tidak Ada perbedaan signifikan,Malam (19:00 - 04:59),3.0,hanya menggunakan lampu dimalam hari
Iya,Jakarta,Rumah,3,Sejuk,2200 VA,Ya,10-15,1,1,1,1,Tidak ada,Tidak ada,1,1,Tidak ada,1,2,1,3,Tidak ada,1,1,3.0,2.0,4.0,5.0,10.0,8.0,9.0,7.0,6.0,1.0,2 - 4 jam,2 - 4 jam,4 - 8 jam,8 - 12 jam,4 - 8 jam,4 - 8 jam,2 kali,2 kali,Ya,Ya,Tidak,Tidak,Tidak,Tidak,Ya,3-8 Jam,9-12 Jam,3-8 Jam,3-8 Jam,3-8 Jam,9-12 Jam,TIdak,Tidak mempunyai kendaraan listrik,Rp. 500.000 - Rp. 1.000.000,Stabil ( Tiap Bulan Beda 100.000),Tidak Ada perbedaan signifikan,Malam (19:00 - 04:59),4.0,Jarang menggunakan alat listrik besar 
Iya,Bandung,Kos,4,Panas,900 VA,Tidak,1-5,Tidak ada,Tidak ada,Tidak ada,Tidak ada,Tidak ada,Tidak ada,Tidak ada,Tidak ada,Tidak ada,1,Tidak ada,1,Tidak ada,Tidak ada,Tidak ada,1,10.0,9.0,8.0,7.0,6.0,5.0,4.0,3.0,2.0,1.0,4 - 8 jam,8 - 12 jam,Tidak punya AC/kipas angin,Tidak punya AC/kipas angin,Tidak punya komputer,Tidak punya komputer,2 kali,2 kali,Tidak,Ya,Tidak,Tidak,Ya,Tidak,Ya,<2 Jam,> 12 Jam,<2 Jam,<2 Jam,3-8 Jam,3-8 Jam,Ya,Tidak mempunyai kendaraan listrik,< Rp. 500.000,Naik Turun ( Tiap Bulan Naik 100.000 atau Turun 100.000),Januari,Siang (11:00 - 15:59),3.0,Gunakan seperlunya saja
Iya,Bandung,Rumah,> 5,Panas,900 VA,Tidak,6-10,1,Tidak ada,Tidak ada,Tidak ada,Tidak ada,Tidak ada,Tidak ada,1,Tidak ada,1,Tidak ada,1,Tidak ada,Tidak ada,1,Tidak ada,5.0,2.0,7.0,10.0,6.0,9.0,3.0,4.0,8.0,1.0,4 - 8 jam,4 - 8 jam,4 - 8 jam,2 - 4 jam,Tidak punya komputer,Tidak punya komputer,Tidak punya mesin cuci,2 kali,Tidak,Ya,Tidak,Tidak,Ya,Ya,Ya,3-8 Jam,9-12 Jam,3-8 Jam,3-8 Jam,3-8 Jam,3-8 Jam,Ya,Tidak mempunyai kendaraan listrik,< Rp. 500.000,Naik Turun ( Tiap Bulan Naik 100.000 atau Turun 100.000),Tidak Ada perbedaan signifikan,Pagi (05:00 - 10:59),4.0,Menghemat
Iya,Bandung,Rumah,5,Sejuk,2200 VA,Ya,16-20,2,Tidak ada,1,Tidak ada,1,Tidak ada,1,1,Tidak ada,1,Tidak ada,1,1,Tidak ada,1,Tidak ada,3.0,8.0,5.0,2.0,4.0,7.0,6.0,9.0,1.0,10.0,< 2 jam,2 - 4 jam,< 2 jam,< 2 jam,Tidak punya komputer,Tidak punya komputer,Tidak punya mesin cuci,> 4 kali,Tidak,Ya,Tidak,Ya,Tidak,Tidak,Tidak,3-8 Jam,<2 Jam,3-8 Jam,3-8 Jam,3-8 Jam,> 12 Jam,TIdak,Tidak mempunyai kendaraan listrik,> Rp 2.000.000,Naik Turun ( Tiap Bulan Naik 100.000 atau Turun 100.000),Tidak Ada perbedaan signifikan,Sore (16:00 - 18:59),2.0,Mematikan lampu/peralatan listrik lainnya yang tidak dipakai.
Iya,Bandung,Rumah,> 5,Sejuk,2200 VA,Tidak,6-10,1,Tidak ada,2,Tidak ada,1,Tidak ada,2,1,Tidak ada,1,Tidak ada,1,1,Tidak ada,1,Tidak ada,2.0,8.0,3.0,7.0,10.0,4.0,6.0,5.0,9.0,1.0,2 - 4 jam,4 - 8 jam,< 2 jam,< 2 jam,< 2 jam,< 2 jam,Tidak punya mesin cuci,3 kali,Ya,Ya,Ya,Ya,Ya,Ya,Ya,> 12 Jam,> 12 Jam,9-12 Jam,> 12 Jam,> 12 Jam,3-8 Jam,TIdak,Tidak mempunyai kendaraan listrik,< Rp. 500.000,Naik Turun ( Tiap Bulan Naik 100.000 atau Turun 100.000),September,Malam (19:00 - 04:59),3.0,Sesekali menggunakannya 
Iya,Bandung,Rumah,4,Sejuk,1300 VA,Tidak,10-15,1,1,1,1,1,1,1,1,Tidak ada,1,1,1,1,Tidak ada,1,1,5.0,4.0,2.0,9.0,10.0,3.0,8.0,7.0,6.0,1.0,< 2 jam,< 2 jam,4 - 8 jam,4 - 8 jam,2 - 4 jam,2 - 4 jam,1 kali,> 4 kali,Tidak,Ya,Tidak,Tidak,Ya,Tidak,Tidak,3-8 Jam,<2 Jam,<2 Jam,3-8 Jam,3-8 Jam,3-8 Jam,Ya,Tidak mempunyai kendaraan listrik,Rp. 500.000 - Rp. 1.000.000,Stabil ( Tiap Bulan Beda 100.000),Tidak Ada perbedaan signifikan,Malam (19:00 - 04:59),4.0,Rumah dibuat dengan pencahayaan maksimal 
Iya,Bandung,Rumah,3,Sejuk,1300 VA,Tidak,6-10,1,Tidak ada,1,Tidak ada,1,Tidak ada,1,1,Tidak ada,1,1,1,1,Tidak ada,1,1,3.0,9.0,8.0,2.0,10.0,4.0,5.0,6.0,7.0,1.0,4 - 8 jam,4 - 8 jam,4 - 8 jam,2 - 4 jam,2 - 4 jam,2 - 4 jam,3 kali,2 kali,Tidak,Ya,Ya,Tidak,Ya,Tidak,Ya,<2 Jam,3-8 Jam,3-8 Jam,<2 Jam,<2 Jam,3-8 Jam,TIdak,Tidak mempunyai kendaraan listrik,Rp. 500.000 - Rp. 1.000.000,Naik Turun ( Tiap Bulan Naik 100.000 atau Turun 100.000),Tidak Ada perbedaan signifikan,Siang (11:00 - 15:59),3.0,Mencabut colokan
Iya,Bandung,Rumah,5,Sejuk,1300 VA,Tidak,10-15,1,1,1,Tidak ada,Tidak ada,Tidak ada,1,1,Tidak ada,1,Tidak ada,1,Tidak ada,Tidak ada,1,1,10.0,9.0,8.0,7.0,6.0,5.0,4.0,3.0,2.0,1.0,> 8 jam,8 - 12 jam,2 - 4 jam,4 - 8 jam,< 2 jam,< 2 jam,3 kali,3 kali,Tidak,Ya,Tidak,Tidak,Tidak,Tidak,Ya,3-8 Jam,3-8 Jam,3-8 Jam,3-8 Jam,<2 Jam,3-8 Jam,Ya,<1 Jam,< Rp. 500.000,Stabil ( Tiap Bulan Beda 100.000),Tidak Ada perbedaan signifikan,Pagi (05:00 - 10:59),4.0,"Matikan alat listrik saat tidak digunakan. Misalnya, TV, lampu, AC, atau charger ponsel jangan dibiarkan menyala terus. 	•	Gunakan listrik seperlunya. Nyalakan AC hanya di ruangan yang dipakai, atau atur suhu tidak terlalu rendah (sekitar 24–26°C)."
Iya,Bandung,Rumah,5,Sejuk,> 2200 VA,Ya,6-10,1,Tidak ada,1,Tidak ada,Tidak ada,Tidak ada,1,1,Tidak ada,1,Tidak ada,2,Tidak ada,Tidak ada,2,2,3.0,8.0,9.0,7.0,10.0,6.0,2.0,5.0,4.0,1.0,4 - 8 jam,2 - 4 jam,4 - 8 jam,4 - 8 jam,Tidak punya komputer,Tidak punya komputer,> 4 Kali,3 kali,Tidak,Ya,Tidak,Tidak,Tidak,Ya,Tidak,3-8 Jam,<2 Jam,<2 Jam,3-8 Jam,<2 Jam,3-8 Jam,Ya,Tidak mempunyai kendaraan listrik,Rp. 500.000 - Rp. 1.000.000,Stabil ( Tiap Bulan Beda 100.000),Juli,Malam (19:00 - 04:59),3.0,Mematikan varang elektronik yg tdk terpakai
Iya,Bandung,Rumah,4,Sejuk,2200 VA,Ya,lebih dari 20,1,Tidak ada,1,1,1,1,1,1,Tidak ada,1,1,1,1,Tidak ada,3,1,8.0,7.0,2.0,10.0,6.0,4.0,5.0,3.0,9.0,1.0,2 - 4 jam,4 - 8 jam,4 - 8 jam,4 - 8 jam,< 2 jam,2 - 4 jam,4 kali,4 kali,Tidak,Ya,Tidak,Tidak,Tidak,Tidak,Tidak,3-8 Jam,3-8 Jam,9-12 Jam,9-12 Jam,3-8 Jam,9-12 Jam,Ya,Tidak mempunyai kendaraan listrik,Rp. 500.000 - Rp. 1.000.000,Naik Turun ( Tiap Bulan Naik 100.000 atau Turun 100.000),Tidak Ada perbedaan signifikan,Malam (19:00 - 04:59),3.0,"Hidup sederhana dan selalu teliti dengan penggunaan listrik, selalu mematikan ketika sudah tidak digunakan "
Iya,Bandung,Rumah,3,Sejuk,2200 VA,Ya,16-20,1,Tidak ada,1,Tidak ada,1,Tidak ada,Tidak ada,1,1,1,Tidak ada,1,Tidak ada,Tidak ada,1,1,3.0,6.0,8.0,7.0,10.0,5.0,4.0,2.0,9.0,1.0,2 - 4 jam,4 - 8 jam,4 - 8 jam,8 - 12 jam,4 - 8 jam,2 - 4 jam,2 kali,3 kali,Tidak,Ya,Tidak,Tidak,Ya,Tidak,Tidak,3-8 Jam,<2 Jam,<2 Jam,3-8 Jam,3-8 Jam,3-8 Jam,Ya,Tidak mempunyai kendaraan listrik,< Rp. 500.000,Stabil ( Tiap Bulan Beda 100.000),Tidak Ada perbedaan signifikan,Malam (19:00 - 04:59),4.0,"menggunakan elektronik dengan daya rendah, menambah masukan cahaya matahari sehingga pada siang hari tdk perlu menyalakan lampu"
Iya,Bandung,Gudang,5,Panas,2200 VA,Tidak,16-20,1,Tidak ada,1,Tidak ada,Tidak ada,Tidak ada,1,1,Tidak ada,1,Tidak ada,1,Tidak ada,Tidak ada,1,1,1.0,2.0,5.0,4.0,10.0,6.0,3.0,7.0,8.0,9.0,4 - 8 jam,8 - 12 jam,2 - 4 jam,2 - 4 jam,2 - 4 jam,< 2 jam,1 kali,1 kali,Ya,Ya,Tidak,Tidak,Ya,Ya,Tidak,3-8 Jam,<2 Jam,<2 Jam,<2 Jam,3-8 Jam,3-8 Jam,TIdak,Tidak mempunyai kendaraan listrik,< Rp. 500.000,Stabil ( Tiap Bulan Beda 100.000),Tidak Ada perbedaan signifikan,Malam (19:00 - 04:59),4.0,Menghemat listrik 
Iya,Bandung,Rumah,4,Sejuk,900 VA,Tidak,1-5,1,Tidak ada,1,Tidak ada,Tidak ada,Tidak ada,Tidak ada,1,Tidak ada,1,Tidak ada,1,Tidak ada,Tidak ada,Tidak ada,1,9.0,5.0,8.0,7.0,10.0,2.0,3.0,4.0,6.0,1.0,2 - 4 jam,4 - 8 jam,Tidak punya AC/kipas angin,Tidak punya AC/kipas angin,Tidak punya komputer,Tidak punya komputer,3 kali,> 4 kali,Ya,Ya,Tidak,Tidak,Ya,Ya,Ya,9-12 Jam,> 12 Jam,<2 Jam,3-8 Jam,9-12 Jam,3-8 Jam,Ya,Tidak mempunyai kendaraan listrik,< Rp. 500.000,Stabil ( Tiap Bulan Beda 100.000),Tidak Ada perbedaan signifikan,Malam (19:00 - 04:59),4.0,Mematikan lampu yg tidak digunakan
Iya,Bandung,Rumah,> 5,Sejuk,2200 VA,Tidak,10-15,1,Tidak ada,1,Tidak ada,Tidak ada,Tidak ada,3,1,Tidak ada,3,3,1,Tidak ada,Tidak ada,1,1,4.0,7.0,8.0,5.0,10.0,2.0,3.0,9.0,6.0,1.0,< 2 jam,< 2 jam,< 2 jam,< 2 jam,8 - 12 jam,2 - 4 jam,> 4 Kali,3 kali,Tidak,Ya,Tidak,Tidak,Tidak,Tidak,Tidak,<2 Jam,<2 Jam,<2 Jam,<2 Jam,3-8 Jam,3-8 Jam,Ya,Tidak mempunyai kendaraan listrik,Rp. 500.000 - Rp. 1.000.000,Naik Turun ( Tiap Bulan Naik 100.000 atau Turun 100.000),Tidak Ada perbedaan signifikan,Malam (19:00 - 04:59),4.0,Cabut alat listrik yg tidak di pakai. Misal charger hp.
Iya,Bandung,Rumah,4,Sejuk,1300 VA,Tidak,6-10,1,Tidak ada,1,Tidak ada,Tidak ada,Tidak ada,Tidak ada,1,Tidak ada,1,Tidak ada,1,Tidak ada,Tidak ada,Tidak ada,1,3.0,5.0,6.0,7.0,8.0,2.0,9.0,4.0,10.0,1.0,2 - 4 jam,4 - 8 jam,Tidak punya AC/kipas angin,Tidak punya AC/kipas angin,Tidak punya komputer,Tidak punya komputer,> 4 Kali,> 4 kali,Ya,Ya,Tidak,Ya,Ya,Ya,Ya,> 12 Jam,<2 Jam,<2 Jam,<2 Jam,3-8 Jam,9-12 Jam,TIdak,Tidak mempunyai kendaraan listrik,< Rp. 500.000,Stabil ( Tiap Bulan Beda 100.000),Tidak Ada perbedaan signifikan,Malam (19:00 - 04:59),4.0,Matikan listrik pada saat tidak digunakan 
Iya,Bandung,Rumah,> 5,Panas,1300 VA,Tidak,6-10,1,Tidak ada,Tidak ada,Tidak ada,Tidak ada,Tidak ada,Tidak ada,Tidak ada,Tidak ada,1,Tidak ada,1,Tidak ada,Tidak ada,2,1,5.0,6.0,8.0,10.0,9.0,4.0,2.0,3.0,7.0,1.0,2 - 4 jam,2 - 4 jam,< 2 jam,< 2 jam,Tidak punya komputer,Tidak punya komputer,2 kali,2 kali,Tidak,Ya,Tidak,Tidak,Tidak,Tidak,Tidak,3-8 Jam,<2 Jam,<2 Jam,<2 Jam,<2 Jam,3-8 Jam,Ya,Tidak mempunyai kendaraan listrik,< Rp. 500.000,Naik Turun ( Tiap Bulan Naik 100.000 atau Turun 100.000),Tidak Ada perbedaan signifikan,Pagi (05:00 - 10:59),4.0,"Selesai memakai harus di matikan seperti lampu,tv,kipas angin dll dan jgn sampai stand by terutama listrik listrik yang besar seperti majikom "
Iya,Bandung,Rumah,3,Sejuk,900 VA,Tidak,1-5,1,Tidak ada,Tidak ada,Tidak ada,Tidak ada,Tidak ada,Tidak ada,Tidak ada,Tidak ada,Tidak ada,Tidak ada,2,Tidak ada,Tidak ada,Tidak ada,Tidak ada,2.0,10.0,6.0,7.0,9.0,8.0,5.0,3.0,4.0,1.0,Tidak punya TV,Tidak punya TV,Tidak punya AC/kipas angin,< 2 jam,Tidak punya komputer,Tidak punya komputer,Tidak punya mesin cuci,Tidak punya setrika,Ya,Ya,Tidak,Tidak,Ya,Ya,Ya,> 12 Jam,> 12 Jam,<2 Jam,<2 Jam,<2 Jam,> 12 Jam,Ya,Tidak mempunyai kendaraan listrik,< Rp. 500.000,Naik Turun ( Tiap Bulan Naik 100.000 atau Turun 100.000),Tidak Ada perbedaan signifikan,Malam (19:00 - 04:59),4.0,"Menyalakan lampu jika memang diperlukan, Selalu memcabut charger jika sudah selesai digunakan"
Iya,Bandung,Rumah,4,Panas,1300 VA,Tidak,6-10,1,Tidak ada,1,Tidak ada,1,Tidak ada,Tidak ada,1,1,1,Tidak ada,1,1,Tidak ada,1,1,6.0,4.0,5.0,8.0,9.0,3.0,7.0,2.0,10.0,1.0,> 8 jam,> 12 jam,< 2 jam,< 2 jam,< 2 jam,< 2 jam,4 kali,> 4 kali,Ya,Ya,Tidak,Tidak,Tidak,Ya,Tidak,3-8 Jam,3-8 Jam,3-8 Jam,3-8 Jam,3-8 Jam,3-8 Jam,TIdak,Tidak mempunyai kendaraan listrik,< Rp. 500.000,Terus Mengalami Kenaikan ( Hampir Tiap Bulan Naik 100.000),September,Malam (19:00 - 04:59),4.0,matikan lampu ketika malam
Iya,Bandung,Rumah,3,Panas,1300 VA,Tidak,10-15,1,Tidak ada,Tidak ada,Tidak ada,Tidak ada,Tidak ada,Tidak ada,1,Tidak ada,1,Tidak ada,1,Tidak ada,Tidak ada,1,1,8.0,9.0,4.0,7.0,10.0,6.0,3.0,2.0,5.0,1.0,< 2 jam,< 2 jam,< 2 jam,2 - 4 jam,Tidak punya komputer,Tidak punya komputer,3 kali,3 kali,Tidak,Ya,Tidak,Tidak,Ya,Tidak,Ya,3-8 Jam,> 12 Jam,3-8 Jam,3-8 Jam,> 12 Jam,9-12 Jam,TIdak,Tidak mempunyai kendaraan listrik,< Rp. 500.000,Stabil ( Tiap Bulan Beda 100.000),Tidak Ada perbedaan signifikan,Pagi (05:00 - 10:59),3.0,"TV jarang dinyalakan, matikan lampu saat tidak ada di rumah, charger hp setelah dipakai seharusnya dicabut "
Iya,Bandung,Rumah,> 5,Sejuk,1300 VA,Tidak,6-10,2,Tidak ada,1,Tidak ada,Tidak ada,Tidak ada,Tidak ada,Tidak ada,Tidak ada,1,Tidak ada,2,Tidak ada,Tidak ada,1,1,8.0,7.0,5.0,6.0,10.0,4.0,3.0,2.0,9.0,1.0,2 - 4 jam,4 - 8 jam,Tidak punya AC/kipas angin,Tidak punya AC/kipas angin,Tidak punya komputer,Tidak punya komputer,1 kali,1 kali,Ya,Ya,Tidak,Ya,Tidak,Ya,Tidak,3-8 Jam,<2 Jam,<2 Jam,3-8 Jam,3-8 Jam,3-8 Jam,Ya,Tidak mempunyai kendaraan listrik,< Rp. 500.000,Stabil ( Tiap Bulan Beda 100.000),Tidak Ada perbedaan signifikan,Sore (16:00 - 18:59),3.0,Mematikan listrik yang tidak perlu
Iya,Bandung,Rumah,> 5,Panas,1300 VA,Tidak,10-15,2,Tidak ada,1,Tidak ada,1,Tidak ada,Tidak ada,Tidak ada,Tidak ada,2,1,3,Tidak ada,Tidak ada,2,2,5.0,7.0,6.0,8.0,10.0,4.0,2.0,3.0,9.0,1.0,2 - 4 jam,4 - 8 jam,4 - 8 jam,> 12 jam,< 2 jam,< 2 jam,2 kali,1 kali,Tidak,Ya,Tidak,Ya,Ya,Tidak,Ya,9-12 Jam,> 12 Jam,3-8 Jam,9-12 Jam,> 12 Jam,3-8 Jam,Ya,Tidak mempunyai kendaraan listrik,< Rp. 500.000,Stabil ( Tiap Bulan Beda 100.000),Tidak Ada perbedaan signifikan,Malam (19:00 - 04:59),4.0,Memakai lampu double contoh nya memakai lampu yg watt nya lebih kecil pd siang hari di ruangan yg tidak bisa dimasukin cahaya dari luar ( ruangan yg full dinyalakan lampu nya 24 jam)
Iya,Bandung,Rumah,3,Sejuk,> 2200 VA,Tidak,1-5,1,Tidak ada,1,Tidak ada,1,Tidak ada,1,1,Tidak ada,1,Tidak ada,1,Tidak ada,Tidak ada,1,1,6.0,5.0,9.0,8.0,10.0,2.0,4.0,3.0,7.0,1.0,> 8 jam,8 - 12 jam,< 2 jam,< 2 jam,< 2 jam,< 2 jam,2 kali,1 kali,Ya,Ya,Tidak,Tidak,Ya,Ya,Ya,3-8 Jam,> 12 Jam,<2 Jam,<2 Jam,3-8 Jam,3-8 Jam,Ya,Tidak mempunyai kendaraan listrik,< Rp. 500.000,Stabil ( Tiap Bulan Beda 100.000),Tidak Ada perbedaan signifikan,Sore (16:00 - 18:59),4.0,Hemat penggunaan alat listrik 
Iya,Bandung,Rumah,4,Sejuk,2200 VA,Ya,10-15,1,1,1,Tidak ada,Tidak ada,Tidak ada,Tidak ada,1,Tidak ada,2,Tidak ada,1,2,Tidak ada,2,1,2.0,3.0,5.0,7.0,9.0,8.0,4.0,6.0,10.0,1.0,4 - 8 jam,8 - 12 jam,4 - 8 jam,4 - 8 jam,< 2 jam,< 2 jam,4 kali,2 kali,Tidak,Ya,Tidak,Tidak,Ya,Tidak,Ya,3-8 Jam,9-12 Jam,3-8 Jam,3-8 Jam,3-8 Jam,3-8 Jam,Ya,Tidak mempunyai kendaraan listrik,< Rp. 500.000,Stabil ( Tiap Bulan Beda 100.000),Tidak Ada perbedaan signifikan,Sore (16:00 - 18:59),4.0,Mematikan sunber listrik yg tdk perlu
Iya,Bandung,Rumah,5,Sejuk,2200 VA,Ya,lebih dari 20,1,1,1,Tidak ada,1,Tidak ada,1,1,Tidak ada,1,Tidak ada,1,1,Tidak ada,1,1,3.0,4.0,6.0,7.0,9.0,5.0,8.0,2.0,10.0,1.0,> 8 jam,8 - 12 jam,> 8 jam,8 - 12 jam,4 - 8 jam,4 - 8 jam,4 kali,> 4 kali,Tidak,Ya,Tidak,Tidak,Tidak,Tidak,Tidak,<2 Jam,3-8 Jam,<2 Jam,<2 Jam,3-8 Jam,3-8 Jam,TIdak,Tidak mempunyai kendaraan listrik,Rp. 500.000 - Rp. 1.000.000,Stabil ( Tiap Bulan Beda 100.000),Tidak Ada perbedaan signifikan,Malam (19:00 - 04:59),3.0,Mematikan lampu/elekteonik diruangan yg tidak terpakai
Iya,Bandung,Rumah,> 5,Sejuk,1300 VA,Tidak,10-15,1,1,1,Tidak ada,Tidak ada,Tidak ada,Tidak ada,1,Tidak ada,1,Tidak ada,1,Tidak ada,Tidak ada,Tidak ada,Tidak ada,4.0,5.0,6.0,7.0,8.0,2.0,9.0,3.0,10.0,1.0,4 - 8 jam,8 - 12 jam,Tidak punya AC/kipas angin,Tidak punya AC/kipas angin,Tidak punya komputer,Tidak punya komputer,Tidak punya mesin cuci,3 kali,Tidak,Ya,Ya,Tidak,Ya,Tidak,Ya,3-8 Jam,> 12 Jam,> 12 Jam,9-12 Jam,> 12 Jam,9-12 Jam,Ya,Tidak mempunyai kendaraan listrik,< Rp. 500.000,Stabil ( Tiap Bulan Beda 100.000),Tidak Ada perbedaan signifikan,Malam (19:00 - 04:59),3.0,Tidak menggunakan listrik ketika tidak digunakan 
Iya,Bandung,Rumah,3,Panas,> 2200 VA,Ya,10-15,1,1,1,Tidak ada,1,Tidak ada,Tidak ada,Tidak ada,1,2,Tidak ada,1,3,Tidak ada,1,1,3.0,4.0,7.0,9.0,10.0,8.0,6.0,2.0,5.0,1.0,4 - 8 jam,8 - 12 jam,4 - 8 jam,8 - 12 jam,< 2 jam,< 2 jam,> 4 Kali,> 4 kali,Ya,Ya,Tidak,Tidak,Ya,Ya,Ya,3-8 Jam,> 12 Jam,3-8 Jam,3-8 Jam,3-8 Jam,3-8 Jam,Ya,Tidak mempunyai kendaraan listrik,Rp. 1.000.001 - Rp 1.500.000,Stabil ( Tiap Bulan Beda 100.000),Juni,Malam (19:00 - 04:59),3.0,Mematikan lampu apabila tidak terpakai 
Iya,Bandung,Rumah,3,Panas,1300 VA,Ya,6-10,1,1,1,1,1,Tidak ada,1,1,Tidak ada,2,1,1,1,Tidak ada,3,1,6.0,7.0,9.0,8.0,10.0,5.0,4.0,3.0,2.0,1.0,2 - 4 jam,4 - 8 jam,4 - 8 jam,4 - 8 jam,2 - 4 jam,2 - 4 jam,> 4 Kali,4 kali,Tidak,Ya,Tidak,Ya,Tidak,Tidak,Ya,<2 Jam,9-12 Jam,3-8 Jam,9-12 Jam,3-8 Jam,3-8 Jam,Ya,Tidak mempunyai kendaraan listrik,< Rp. 500.000,Stabil ( Tiap Bulan Beda 100.000),Tidak Ada perbedaan signifikan,Siang (11:00 - 15:59),4.0,Tidak menggunakan alat elektronik di malam hari
Iya,Bandung,Rumah,4,Panas,1300 VA,Tidak,6-10,2,1,1,Tidak ada,1,Tidak ada,1,1,Tidak ada,1,Tidak ada,1,Tidak ada,Tidak ada,2,1,10.0,9.0,8.0,7.0,6.0,5.0,4.0,3.0,2.0,1.0,2 - 4 jam,4 - 8 jam,4 - 8 jam,8 - 12 jam,4 - 8 jam,2 - 4 jam,> 4 Kali,> 4 kali,Tidak,Ya,Tidak,Tidak,Ya,Tidak,Tidak,<2 Jam,<2 Jam,3-8 Jam,3-8 Jam,3-8 Jam,9-12 Jam,Ya,Tidak mempunyai kendaraan listrik,< Rp. 500.000,Stabil ( Tiap Bulan Beda 100.000),Tidak Ada perbedaan signifikan,Pagi (05:00 - 10:59),4.0,Menggunakan seperlunya
Iya,Bandung,Rumah,4,Panas,900 VA,Tidak,6-10,1,Tidak ada,1,Tidak ada,Tidak ada,Tidak ada,Tidak ada,1,Tidak ada,1,Tidak ada,1,Tidak ada,Tidak ada,1,1,8.0,7.0,9.0,6.0,10.0,4.0,5.0,3.0,2.0,1.0,2 - 4 jam,4 - 8 jam,Tidak punya AC/kipas angin,Tidak punya AC/kipas angin,Tidak punya komputer,Tidak punya komputer,3 kali,> 4 kali,Tidak,Ya,Tidak,Tidak,Ya,Tidak,Ya,> 12 Jam,> 12 Jam,3-8 Jam,3-8 Jam,> 12 Jam,3-8 Jam,Ya,Tidak mempunyai kendaraan listrik,< Rp. 500.000,Naik Turun ( Tiap Bulan Naik 100.000 atau Turun 100.000),April,Pagi (05:00 - 10:59),4.0,Memakainya secara bergantian
Iya,Banjarmasin,Rumah,3,Panas,1300 VA,Tidak,6-10,1,Tidak ada,1,Tidak ada,Tidak ada,Tidak ada,1,Tidak ada,Tidak ada,1,Tidak ada,1,2,Tidak ada,1,1,7.0,6.0,8.0,9.0,10.0,5.0,2.0,4.0,3.0,1.0,4 - 8 jam,8 - 12 jam,4 - 8 jam,4 - 8 jam,8 - 12 jam,< 2 jam,1 kali,1 kali,Ya,Ya,Tidak,Tidak,Ya,Ya,Tidak,> 12 Jam,<2 Jam,9-12 Jam,9-12 Jam,> 12 Jam,3-8 Jam,Ya,Tidak mempunyai kendaraan listrik,< Rp. 500.000,Stabil ( Tiap Bulan Beda 100.000),Tidak Ada perbedaan signifikan,Malam (19:00 - 04:59),4.0,Mematikan perangkat yang tidak digunakan
Iya,Bandung,Rumah,5,Sejuk,2200 VA,Ya,10-15,1,Tidak ada,1,Tidak ada,1,Tidak ada,1,1,1,1,1,1,Tidak ada,Tidak ada,1,1,7.0,9.0,4.0,8.0,5.0,3.0,2.0,6.0,10.0,1.0,4 - 8 jam,2 - 4 jam,< 2 jam,< 2 jam,< 2 jam,< 2 jam,3 kali,3 kali,Tidak,Ya,Tidak,Ya,Ya,Tidak,Tidak,3-8 Jam,<2 Jam,3-8 Jam,9-12 Jam,3-8 Jam,3-8 Jam,Ya,Tidak mempunyai kendaraan listrik,Rp. 500.000 - Rp. 1.000.000,Stabil ( Tiap Bulan Beda 100.000),Juni,Malam (19:00 - 04:59),3.0,Mematikan lampu kamar mandi
Iya,Bandung,Rumah,5,Sejuk,900 VA,Tidak,10-15,1,Tidak ada,1,Tidak ada,Tidak ada,Tidak ada,Tidak ada,1,Tidak ada,1,1,1,Tidak ada,1,1,1,1.0,10.0,7.0,8.0,9.0,4.0,5.0,3.0,6.0,2.0,4 - 8 jam,8 - 12 jam,< 2 jam,< 2 jam,2 - 4 jam,2 - 4 jam,4 kali,1 kali,Tidak,Ya,Tidak,Tidak,Ya,Tidak,Ya,<2 Jam,> 12 Jam,3-8 Jam,3-8 Jam,3-8 Jam,9-12 Jam,Ya,1-2 Jam,< Rp. 500.000,Stabil ( Tiap Bulan Beda 100.000),Tidak Ada perbedaan signifikan,Malam (19:00 - 04:59),4.0,Mematikan lampu dan alat elektronik yang tidak digunakan
Iya,Bandung,Rumah,5,Sejuk,1300 VA,Tidak,10-15,2,1,1,Tidak ada,1,Tidak ada,1,2,2,2,Tidak ada,1,Tidak ada,Tidak ada,2,1,10.0,9.0,8.0,7.0,6.0,5.0,3.0,2.0,1.0,4.0,4 - 8 jam,8 - 12 jam,2 - 4 jam,4 - 8 jam,4 - 8 jam,8 - 12 jam,> 4 Kali,> 4 kali,Ya,Ya,Tidak,Tidak,Tidak,Ya,Ya,> 12 Jam,> 12 Jam,9-12 Jam,9-12 Jam,3-8 Jam,<2 Jam,Ya,Tidak mempunyai kendaraan listrik,< Rp. 500.000,Naik Turun ( Tiap Bulan Naik 100.000 atau Turun 100.000),Tidak Ada perbedaan signifikan,Pagi (05:00 - 10:59),2.0,Mematikan lampu kalo tidak di gunakan
Iya,Kab.Bandung,Rumah,3,Panas,900 VA,Tidak,6-10,1,Tidak ada,Tidak ada,Tidak ada,Tidak ada,Tidak ada,1,Tidak ada,Tidak ada,Tidak ada,Tidak ada,Tidak ada,Tidak ada,Tidak ada,Tidak ada,Tidak ada,10.0,1.0,2.0,3.0,4.0,5.0,6.0,7.0,8.0,9.0,Tidak punya TV,Tidak punya TV,Tidak punya AC/kipas angin,Tidak punya AC/kipas angin,Tidak punya komputer,2 - 4 jam,Tidak punya mesin cuci,> 4 kali,Tidak,Ya,Tidak,Tidak,Ya,Tidak,Ya,9-12 Jam,9-12 Jam,3-8 Jam,<2 Jam,9-12 Jam,9-12 Jam,Ya,Tidak mempunyai kendaraan listrik,< Rp. 500.000,Stabil ( Tiap Bulan Beda 100.000),Agustus,Sore (16:00 - 18:59),3.0,.
Iya,Bandung,Rumah,4,Sejuk,1300 VA,Tidak,6-10,1,Tidak ada,Tidak ada,Tidak ada,Tidak ada,Tidak ada,Tidak ada,Tidak ada,Tidak ada,1,Tidak ada,Tidak ada,Tidak ada,1,1,1,7.0,8.0,6.0,9.0,5.0,1.0,2.0,3.0,10.0,4.0,< 2 jam,< 2 jam,< 2 jam,< 2 jam,Tidak punya komputer,Tidak punya komputer,3 kali,4 kali,Ya,Ya,Tidak,Ya,Tidak,Tidak,Ya,3-8 Jam,> 12 Jam,<2 Jam,3-8 Jam,3-8 Jam,3-8 Jam,Ya,Tidak mempunyai kendaraan listrik,< Rp. 500.000,Stabil ( Tiap Bulan Beda 100.000),Tidak Ada perbedaan signifikan,Malam (19:00 - 04:59),4.0,Mengurangi penggunaan listrik yang berlebihan
Iya,Jakarta,Kontrakan,3,Sejuk,1300 VA,Tidak,6-10,1,Tidak ada,Tidak ada,Tidak ada,Tidak ada,Tidak ada,Tidak ada,1,Tidak ada,1,Tidak ada,1,1,Tidak ada,1,Tidak ada,4.0,3.0,6.0,5.0,10.0,8.0,9.0,2.0,7.0,1.0,2 - 4 jam,2 - 4 jam,4 - 8 jam,4 - 8 jam,Tidak punya komputer,Tidak punya komputer,Tidak punya mesin cuci,2 kali,Ya,Ya,Tidak,Tidak,Tidak,Tidak,Ya,3-8 Jam,9-12 Jam,<2 Jam,3-8 Jam,3-8 Jam,9-12 Jam,Ya,Tidak mempunyai kendaraan listrik,< Rp. 500.000,Stabil ( Tiap Bulan Beda 100.000),Tidak Ada perbedaan signifikan,Malam (19:00 - 04:59),4.0,matikan lampu sebelum matahari terbit
Iya,Tangerang,Rumah,4,Sejuk,2200 VA,Tidak,16-20,1,Tidak ada,1,1,1,1,1,1,Tidak ada,1,1,1,3,Tidak ada,2,1,2.0,3.0,4.0,5.0,10.0,8.0,9.0,6.0,7.0,1.0,2 - 4 jam,2 - 4 jam,4 - 8 jam,8 - 12 jam,2 - 4 jam,2 - 4 jam,2 kali,2 kali,Ya,Ya,Tidak,Tidak,Ya,Tidak,Ya,3-8 Jam,9-12 Jam,<2 Jam,3-8 Jam,9-12 Jam,> 12 Jam,Ya,Tidak mempunyai kendaraan listrik,Rp. 500.000 - Rp. 1.000.000,Stabil ( Tiap Bulan Beda 100.000),Tidak Ada perbedaan signifikan,Malam (19:00 - 04:59),4.0,-
Iya,Tangerang Selatan,Rumah,4,Sejuk,> 2200 VA,Ya,lebih dari 20,1,1,1,1,1,1,2,1,Tidak ada,1,2,1,3,Tidak ada,1,1,3.0,2.0,4.0,5.0,10.0,8.0,9.0,7.0,6.0,1.0,2 - 4 jam,2 - 4 jam,4 - 8 jam,8 - 12 jam,2 - 4 jam,4 - 8 jam,3 kali,2 kali,Ya,Ya,Tidak,Tidak,Ya,Tidak,Ya,3-8 Jam,9-12 Jam,<2 Jam,3-8 Jam,9-12 Jam,> 12 Jam,Ya,Tidak mempunyai kendaraan listrik,Rp. 1.500.001 - Rp 2.000.000,Stabil ( Tiap Bulan Beda 100.000),Tidak Ada perbedaan signifikan,Pagi (05:00 - 10:59),4.0,-
Iya,Bandung,Rumah,5,Sejuk,1300 VA,Tidak,10-15,1,Tidak ada,1,Tidak ada,1,Tidak ada,2,2,Tidak ada,1,Tidak ada,1,Tidak ada,Tidak ada,2,Tidak ada,5.0,6.0,3.0,9.0,10.0,8.0,7.0,2.0,4.0,1.0,2 - 4 jam,< 2 jam,4 - 8 jam,8 - 12 jam,2 - 4 jam,2 - 4 jam,> 4 Kali,> 4 kali,Tidak,Ya,Tidak,Tidak,Tidak,Tidak,Tidak,3-8 Jam,9-12 Jam,<2 Jam,3-8 Jam,9-12 Jam,3-8 Jam,Ya,Tidak mempunyai kendaraan listrik,Rp. 500.000 - Rp. 1.000.000,Stabil ( Tiap Bulan Beda 100.000),Juli,Pagi (05:00 - 10:59),4.0,Gunakan seperlunya 
Iya,Bandung,Rumah,4,Panas,450 VA,Tidak,6-10,Tidak ada,Tidak ada,1,Tidak ada,Tidak ada,Tidak ada,Tidak ada,2,Tidak ada,2,Tidak ada,1,Tidak ada,Tidak ada,1,Tidak ada,1.0,2.0,3.0,4.0,5.0,6.0,7.0,8.0,9.0,10.0,2 - 4 jam,8 - 12 jam,2 - 4 jam,8 - 12 jam,Tidak punya komputer,Tidak punya komputer,Tidak punya mesin cuci,2 kali,Ya,Tidak,Ya,Ya,Ya,Tidak,Ya,9-12 Jam,> 12 Jam,> 12 Jam,> 12 Jam,> 12 Jam,9-12 Jam,Ya,Tidak mempunyai kendaraan listrik,< Rp. 500.000,Stabil ( Tiap Bulan Beda 100.000),Tidak Ada perbedaan signifikan,Malam (19:00 - 04:59),4.0,menghemat jika tidak perlu di gunakan gak usah di nyalakan
Iya,Bandung,Rumah,5,Panas,900 VA,Tidak,6-10,1,Tidak ada,1,1,Tidak ada,Tidak ada,Tidak ada,2,Tidak ada,1,Tidak ada,1,Tidak ada,Tidak ada,1,1,1.0,2.0,3.0,4.0,5.0,6.0,7.0,8.0,9.0,10.0,4 - 8 jam,4 - 8 jam,< 2 jam,< 2 jam,Tidak punya komputer,Tidak punya komputer,3 kali,3 kali,Ya,Ya,Ya,Ya,Ya,Ya,Ya,9-12 Jam,> 12 Jam,9-12 Jam,<2 Jam,<2 Jam,<2 Jam,Ya,Tidak mempunyai kendaraan listrik,< Rp. 500.000,Stabil ( Tiap Bulan Beda 100.000),Tidak Ada perbedaan signifikan,Malam (19:00 - 04:59),4.0,Yang tidak digunakan lebih baik tidak digunakan
