,x1,x3,x4,x5,x6,x7,x8,x9,x10,x11,x12,x13,x14,x15,x16,x17,x18,x19,x20,x21,x22,x23,x24,x35,x36,x37,x38,x39,x40,x41,x42,x43,x44,x45,x46,x47,x48,x49,x50,x51,x52,x53,x54,x55,x56,x57,x58,x60,x62
0,Iya,Rumah,4,Sejuk,> 2200 VA,Tidak,lebih dari 20,Tidak ada,Tidak ada,1,Tidak ada,1,Tidak ada,Tidak ada,Tidak ada,Tidak ada,3,1,1,4,Tidak ada,lebih dari 5,1,2 - 4 jam,4 - 8 jam,> 8 jam,> 12 jam,2 - 4 jam,8 - 12 jam,> 4 Kali,> 4 kali,Ya,Ya,Tidak,Tidak,Tidak,Ya,Ya,9-12 Jam,> 12 Jam,3-8 Jam,3-8 Jam,3-8 Jam,9-12 Jam,TIdak,Tidak mempunyai kendaraan listrik,Rp. 1.000.001 - Rp 1.500.000,"Januari, Juni, Juli, Desember",3.0
1,Iya,Rumah,4,Sejuk,> 2200 VA,Ya,lebih dari 20,2,1,1,1,Tidak ada,Tidak ada,2,3,2,2,2,2,4,Tidak ada,2,2,4 - 8 jam,4 - 8 jam,4 - 8 jam,8 - 12 jam,8 - 12 jam,4 - 8 jam,2 kali,2 kali,Ya,Ya,Ya,Tidak,Ya,Ya,Tidak,> 12 Jam,3-8 Jam,9-12 Jam,9-12 Jam,3-8 Jam,9-12 Jam,Ya,Tidak mempunyai kendaraan listrik,Rp. 1.500.001 - Rp 2.000.000,Tidak Ada perbedaan signifikan,2.0
2,Iya,Kos,1,Sejuk,900 VA,Ya,1-5,1,Tidak ada,Tidak ada,1,Tidak ada,Tidak ada,1,1,1,Tidak ada,1,1,1,Tidak ada,Tidak ada,Tidak ada,Tidak punya TV,Tidak punya TV,4 - 8 jam,8 - 12 jam,4 - 8 jam,8 - 12 jam,Tidak punya mesin cuci,Tidak punya setrika,Tidak,Tidak,Tidak,Tidak,Tidak,Tidak,Tidak,9-12 Jam,<2 Jam,<2 Jam,<2 Jam,<2 Jam,<2 Jam,TIdak,Tidak mempunyai kendaraan listrik,< Rp. 500.000,"November, Desember",4.0
3,Iya,Rumah,> 5,Panas,> 2200 VA,Ya,lebih dari 20,1,1,1,1,1,Tidak ada,Tidak ada,Tidak ada,Tidak ada,1,2,1,4,Tidak ada,2,1,< 2 jam,< 2 jam,> 8 jam,> 12 jam,Tidak punya komputer,Tidak punya komputer,3 kali,1 kali,Ya,Ya,Tidak,Tidak,Tidak,Tidak,Tidak,9-12 Jam,<2 Jam,<2 Jam,<2 Jam,3-8 Jam,9-12 Jam,Ya,Tidak mempunyai kendaraan listrik,> Rp 2.000.000,Tidak Ada perbedaan signifikan,3.0
4,Iya,Rumah,5,Panas,900 VA,Ya,lebih dari 20,1,Tidak ada,1,Tidak ada,Tidak ada,2,1,Tidak ada,Tidak ada,lebih dari 5,Tidak ada,2,lebih dari 5,Tidak ada,2,Tidak ada,< 2 jam,< 2 jam,4 - 8 jam,4 - 8 jam,4 - 8 jam,4 - 8 jam,Tidak punya mesin cuci,Tidak punya setrika,Tidak,Ya,Tidak,Tidak,Tidak,Tidak,Tidak,3-8 Jam,<2 Jam,3-8 Jam,3-8 Jam,<2 Jam,9-12 Jam,TIdak,Tidak mempunyai kendaraan listrik,Rp. 1.500.001 - Rp 2.000.000,September,3.0
5,Iya,Rumah,> 5,Panas,> 2200 VA,Ya,lebih dari 20,2,Tidak ada,1,1,Tidak ada,Tidak ada,3,1,1,3,2,2,4,Tidak ada,3,2,< 2 jam,< 2 jam,> 8 jam,8 - 12 jam,8 - 12 jam,8 - 12 jam,> 4 Kali,> 4 kali,Tidak,Tidak,Tidak,Tidak,Tidak,Tidak,Ya,3-8 Jam,> 12 Jam,<2 Jam,<2 Jam,9-12 Jam,<2 Jam,TIdak,Tidak mempunyai kendaraan listrik,> Rp 2.000.000,Tidak Ada perbedaan signifikan,4.0
6,Iya,Rumah,3,Sejuk,> 2200 VA,Tidak,10-15,1,Tidak ada,1,1,Tidak ada,Tidak ada,Tidak ada,Tidak ada,Tidak ada,1,1,1,2,Tidak ada,3,2,< 2 jam,< 2 jam,> 8 jam,8 - 12 jam,Tidak punya komputer,Tidak punya komputer,> 4 Kali,> 4 kali,Tidak,Ya,Ya,,,,Ya,<2 Jam,> 12 Jam,> 12 Jam,> 12 Jam,> 12 Jam,> 12 Jam,Ya,Tidak mempunyai kendaraan listrik,Rp. 1.500.001 - Rp 2.000.000,"Januari, Februari, Maret, April, Mei, Juni, Juli, Agustus, September, Oktober, November, Desember, Tidak Ada perbedaan signifikan",1.0
7,Iya,Rumah,5,Sejuk,> 2200 VA,Ya,lebih dari 20,1,1,1,Tidak ada,1,Tidak ada,Tidak ada,Tidak ada,Tidak ada,1,Tidak ada,1,1,Tidak ada,1,1,< 2 jam,2 - 4 jam,> 8 jam,> 12 jam,Tidak punya komputer,Tidak punya komputer,> 4 Kali,> 4 kali,Tidak,Ya,Tidak,Tidak,Tidak,Tidak,Tidak,9-12 Jam,<2 Jam,9-12 Jam,9-12 Jam,9-12 Jam,3-8 Jam,Ya,Tidak mempunyai kendaraan listrik,Rp. 1.500.001 - Rp 2.000.000,Tidak Ada perbedaan signifikan,4.0
8,Iya,Rumah,4,Panas,1300 VA,Ya,10-15,1,1,1,1,1,Tidak ada,1,1,1,2,2,1,2,1,Tidak ada,1,2 - 4 jam,< 2 jam,> 8 jam,8 - 12 jam,8 - 12 jam,4 - 8 jam,2 kali,2 kali,Tidak,Tidak,Tidak,Ya,Ya,Tidak,Ya,> 12 Jam,3-8 Jam,3-8 Jam,9-12 Jam,> 12 Jam,<2 Jam,Ya,1-2 Jam,Rp. 1.000.001 - Rp 1.500.000,Tidak Ada perbedaan signifikan,3.0
9,Iya,Kos,1,Sejuk,2200 VA,Ya,1-5,Tidak ada,Tidak ada,Tidak ada,Tidak ada,Tidak ada,Tidak ada,Tidak ada,Tidak ada,Tidak ada,1,Tidak ada,1,1,Tidak ada,Tidak ada,Tidak ada,< 2 jam,< 2 jam,4 - 8 jam,4 - 8 jam,Tidak punya komputer,Tidak punya komputer,Tidak punya mesin cuci,Tidak punya setrika,Tidak,Ya,Tidak,Tidak,Tidak,Tidak,Tidak,9-12 Jam,<2 Jam,9-12 Jam,9-12 Jam,3-8 Jam,9-12 Jam,TIdak,Tidak mempunyai kendaraan listrik,< Rp. 500.000,Tidak Ada perbedaan signifikan,2.0
10,Iya,Rumah,4,Sejuk,> 2200 VA,Ya,10-15,2,1,2,1,1,Tidak ada,1,1,1,3,1,2,3,Tidak ada,3,1,4 - 8 jam,8 - 12 jam,> 8 jam,> 12 jam,4 - 8 jam,8 - 12 jam,> 4 Kali,4 kali,Ya,Tidak,Tidak,Ya,Ya,Ya,Tidak,9-12 Jam,<2 Jam,3-8 Jam,3-8 Jam,3-8 Jam,3-8 Jam,TIdak,Tidak mempunyai kendaraan listrik,Rp. 1.500.001 - Rp 2.000.000,Tidak Ada perbedaan signifikan,2.0
11,Iya,Kos,1,Panas,2200 VA,Ya,1-5,1,1,Tidak ada,Tidak ada,Tidak ada,Tidak ada,1,Tidak ada,1,Tidak ada,Tidak ada,1,1,Tidak ada,Tidak ada,1,Tidak punya TV,Tidak punya TV,4 - 8 jam,8 - 12 jam,4 - 8 jam,4 - 8 jam,1 kali,Tidak punya setrika,Tidak,Tidak,Tidak,Tidak,Tidak,Tidak,Tidak,3-8 Jam,<2 Jam,<2 Jam,<2 Jam,<2 Jam,<2 Jam,TIdak,Tidak mempunyai kendaraan listrik,< Rp. 500.000,"Juli, Agustus, September",3.0
12,Iya,Rumah,3,Sejuk,2200 VA,Ya,6-10,1,1,Tidak ada,Tidak ada,Tidak ada,1,1,1,Tidak ada,1,2,1,2,Tidak ada,3,1,4 - 8 jam,2 - 4 jam,> 8 jam,8 - 12 jam,> 12 jam,> 12 jam,3 kali,3 kali,Tidak,Ya,,Ya,,,Ya,> 12 Jam,> 12 Jam,3-8 Jam,3-8 Jam,3-8 Jam,3-8 Jam,TIdak,Tidak mempunyai kendaraan listrik,Rp. 1.500.001 - Rp 2.000.000,Tidak Ada perbedaan signifikan,1.0
13,Iya,Rumah,1,Sejuk,> 2200 VA,Ya,lebih dari 20,1,1,1,1,1,Tidak ada,1,1,Tidak ada,3,1,2,4,Tidak ada,2,1,4 - 8 jam,2 - 4 jam,> 8 jam,4 - 8 jam,8 - 12 jam,4 - 8 jam,> 4 Kali,> 4 kali,Tidak,Ya,Tidak,Tidak,Tidak,Tidak,Ya,9-12 Jam,3-8 Jam,3-8 Jam,3-8 Jam,3-8 Jam,9-12 Jam,Ya,Tidak mempunyai kendaraan listrik,Rp. 1.000.001 - Rp 1.500.000,Tidak Ada perbedaan signifikan,3.0
14,Iya,Rumah,2,Panas,2200 VA,Tidak,6-10,1,Tidak ada,1,Tidak ada,Tidak ada,Tidak ada,1,1,Tidak ada,1,1,1,1,Tidak ada,1,1,2 - 4 jam,2 - 4 jam,> 8 jam,8 - 12 jam,8 - 12 jam,4 - 8 jam,3 kali,2 kali,Tidak,Ya,Tidak,Tidak,Ya,Tidak,Ya,9-12 Jam,3-8 Jam,3-8 Jam,3-8 Jam,9-12 Jam,9-12 Jam,Ya,Tidak mempunyai kendaraan listrik,< Rp. 500.000,Tidak Ada perbedaan signifikan,3.0
15,Iya,Rumah,4,Panas,2200 VA,Tidak,lebih dari 20,Tidak ada,Tidak ada,1,Tidak ada,Tidak ada,Tidak ada,1,Tidak ada,Tidak ada,1,Tidak ada,1,3,Tidak ada,1,1,4 - 8 jam,4 - 8 jam,> 8 jam,8 - 12 jam,< 2 jam,2 - 4 jam,4 kali,4 kali,Ya,Ya,Ya,Ya,Tidak,Ya,Ya,9-12 Jam,9-12 Jam,9-12 Jam,9-12 Jam,9-12 Jam,9-12 Jam,Ya,Tidak mempunyai kendaraan listrik,Rp. 1.500.001 - Rp 2.000.000,Juni,4.0
16,Iya,Rumah,4,Sejuk,1300 VA,Tidak,6-10,1,1,1,Tidak ada,1,Tidak ada,Tidak ada,1,1,1,Tidak ada,1,Tidak ada,Tidak ada,1,1,< 2 jam,2 - 4 jam,4 - 8 jam,8 - 12 jam,Tidak punya komputer,Tidak punya komputer,3 kali,2 kali,Tidak,Ya,Tidak,Tidak,Tidak,Tidak,Tidak,> 12 Jam,<2 Jam,3-8 Jam,9-12 Jam,<2 Jam,3-8 Jam,Ya,Tidak mempunyai kendaraan listrik,Rp. 1.500.001 - Rp 2.000.000,Tidak Ada perbedaan signifikan,4.0
17,Iya,Rumah,3,Panas,> 2200 VA,Ya,lebih dari 20,1,1,1,1,1,Tidak ada,1,1,1,1,Tidak ada,1,1,Tidak ada,1,1,4 - 8 jam,8 - 12 jam,4 - 8 jam,2 - 4 jam,2 - 4 jam,2 - 4 jam,3 kali,> 4 kali,Tidak,Ya,Tidak,Tidak,Tidak,Tidak,Tidak,3-8 Jam,<2 Jam,<2 Jam,3-8 Jam,3-8 Jam,9-12 Jam,TIdak,Tidak mempunyai kendaraan listrik,> Rp 2.000.000,Tidak Ada perbedaan signifikan,4.0
18,Iya,Rumah,4,Sejuk,2200 VA,Tidak,1-5,1,Tidak ada,1,Tidak ada,1,Tidak ada,1,1,Tidak ada,1,Tidak ada,1,Tidak ada,Tidak ada,1,Tidak ada,< 2 jam,2 - 4 jam,4 - 8 jam,8 - 12 jam,2 - 4 jam,< 2 jam,Tidak punya mesin cuci,1 kali,Tidak,Ya,Tidak,Tidak,Tidak,Tidak,Tidak,<2 Jam,<2 Jam,<2 Jam,3-8 Jam,3-8 Jam,3-8 Jam,TIdak,Tidak mempunyai kendaraan listrik,< Rp. 500.000,Tidak Ada perbedaan signifikan,4.0
19,Iya,Rumah,4,Sejuk,1300 VA,Tidak,6-10,1,Tidak ada,Tidak ada,Tidak ada,Tidak ada,Tidak ada,Tidak ada,1,Tidak ada,1,Tidak ada,1,Tidak ada,Tidak ada,1,1,< 2 jam,< 2 jam,< 2 jam,< 2 jam,Tidak punya komputer,Tidak punya komputer,3 kali,1 kali,Tidak,Ya,Ya,Tidak,Ya,Ya,Ya,3-8 Jam,3-8 Jam,3-8 Jam,<2 Jam,3-8 Jam,<2 Jam,Ya,Tidak mempunyai kendaraan listrik,< Rp. 500.000,Juli,4.0
20,Iya,Rumah,4,Sejuk,1300 VA,Tidak,6-10,1,Tidak ada,1,Tidak ada,Tidak ada,Tidak ada,1,Tidak ada,Tidak ada,1,Tidak ada,1,Tidak ada,Tidak ada,1,1,< 2 jam,< 2 jam,> 8 jam,8 - 12 jam,2 - 4 jam,< 2 jam,> 4 Kali,3 kali,Tidak,Ya,,,,,,3-8 Jam,3-8 Jam,<2 Jam,9-12 Jam,9-12 Jam,9-12 Jam,Ya,Tidak mempunyai kendaraan listrik,< Rp. 500.000,Tidak Ada perbedaan signifikan,4.0
21,Iya,Rumah,3,Panas,2200 VA,Tidak,6-10,1,Tidak ada,1,Tidak ada,Tidak ada,Tidak ada,Tidak ada,Tidak ada,Tidak ada,1,Tidak ada,3,2,Tidak ada,1,1,2 - 4 jam,4 - 8 jam,> 8 jam,8 - 12 jam,< 2 jam,< 2 jam,2 kali,2 kali,Tidak,Ya,Tidak,Tidak,Tidak,Tidak,Ya,3-8 Jam,3-8 Jam,<2 Jam,<2 Jam,<2 Jam,9-12 Jam,Ya,Tidak mempunyai kendaraan listrik,Rp. 500.000 - Rp. 1.000.000,Tidak Ada perbedaan signifikan,4.0
22,Iya,Rumah,5,Sejuk,> 2200 VA,Ya,lebih dari 20,1,1,1,1,Tidak ada,Tidak ada,3,1,Tidak ada,2,Tidak ada,1,5,1,1,1,4 - 8 jam,> 12 jam,> 8 jam,> 12 jam,< 2 jam,< 2 jam,> 4 Kali,> 4 kali,Tidak,Ya,Tidak,Tidak,Ya,Ya,Ya,9-12 Jam,> 12 Jam,<2 Jam,9-12 Jam,3-8 Jam,> 12 Jam,TIdak,>4 Jam,Rp. 1.500.001 - Rp 2.000.000,Tidak Ada perbedaan signifikan,3.0
23,Iya,Rumah,4,Sejuk,450 VA,Tidak,6-10,1,1,1,Tidak ada,Tidak ada,Tidak ada,1,1,Tidak ada,1,1,1,Tidak ada,Tidak ada,1,1,2 - 4 jam,4 - 8 jam,4 - 8 jam,8 - 12 jam,4 - 8 jam,4 - 8 jam,3 kali,3 kali,Tidak,Ya,Tidak,Ya,Tidak,Tidak,Tidak,<2 Jam,<2 Jam,<2 Jam,<2 Jam,3-8 Jam,9-12 Jam,Ya,Tidak mempunyai kendaraan listrik,< Rp. 500.000,Tidak Ada perbedaan signifikan,2.0
24,Iya,Kontrakan,3,Panas,1300 VA,Tidak,10-15,1,Tidak ada,1,1,Tidak ada,Tidak ada,Tidak ada,Tidak ada,Tidak ada,1,Tidak ada,1,Tidak ada,Tidak ada,1,Tidak ada,< 2 jam,2 - 4 jam,> 8 jam,8 - 12 jam,Tidak punya komputer,Tidak punya komputer,Tidak punya mesin cuci,3 kali,Tidak,Ya,Ya,,,,,9-12 Jam,<2 Jam,3-8 Jam,3-8 Jam,3-8 Jam,9-12 Jam,Ya,Tidak mempunyai kendaraan listrik,< Rp. 500.000,Tidak Ada perbedaan signifikan,4.0
25,Iya,Rumah,1,Panas,1300 VA,Tidak,6-10,1,Tidak ada,1,Tidak ada,Tidak ada,Tidak ada,1,Tidak ada,Tidak ada,Tidak ada,Tidak ada,1,1,Tidak ada,1,Tidak ada,Tidak punya TV,Tidak punya TV,> 8 jam,> 12 jam,8 - 12 jam,> 12 jam,Tidak punya mesin cuci,1 kali,Ya,Tidak,Tidak,Tidak,Tidak,Ya,Ya,9-12 Jam,<2 Jam,<2 Jam,<2 Jam,3-8 Jam,<2 Jam,TIdak,Tidak mempunyai kendaraan listrik,< Rp. 500.000,Tidak Ada perbedaan signifikan,2.0
26,Iya,Rumah,3,Sejuk,1300 VA,Tidak,6-10,1,Tidak ada,1,Tidak ada,Tidak ada,Tidak ada,Tidak ada,1,Tidak ada,1,Tidak ada,1,1,Tidak ada,1,1,< 2 jam,2 - 4 jam,4 - 8 jam,4 - 8 jam,Tidak punya komputer,Tidak punya komputer,3 kali,3 kali,Tidak,Ya,Ya,Tidak,Tidak,Tidak,Tidak,3-8 Jam,3-8 Jam,3-8 Jam,3-8 Jam,3-8 Jam,9-12 Jam,Ya,Tidak mempunyai kendaraan listrik,Rp. 500.000 - Rp. 1.000.000,Tidak Ada perbedaan signifikan,4.0
27,Iya,Rumah,3,Panas,450 VA,Tidak,6-10,1,1,1,1,Tidak ada,Tidak ada,1,Tidak ada,Tidak ada,1,Tidak ada,1,1,Tidak ada,2,Tidak ada,2 - 4 jam,4 - 8 jam,4 - 8 jam,4 - 8 jam,2 - 4 jam,2 - 4 jam,Tidak punya mesin cuci,1 kali,Tidak,Ya,Tidak,Ya,Tidak,Tidak,Tidak,3-8 Jam,<2 Jam,<2 Jam,9-12 Jam,<2 Jam,> 12 Jam,Ya,Tidak mempunyai kendaraan listrik,< Rp. 500.000,Mei,4.0
28,Iya,Rumah,4,Sejuk,1300 VA,Tidak,10-15,1,1,Tidak ada,Tidak ada,Tidak ada,Tidak ada,Tidak ada,Tidak ada,Tidak ada,Tidak ada,Tidak ada,1,1,Tidak ada,3,Tidak ada,Tidak punya TV,Tidak punya TV,> 8 jam,> 12 jam,Tidak punya komputer,Tidak punya komputer,Tidak punya mesin cuci,3 kali,Ya,Ya,Tidak,Tidak,Tidak,Ya,Tidak,> 12 Jam,3-8 Jam,<2 Jam,<2 Jam,<2 Jam,9-12 Jam,TIdak,Tidak mempunyai kendaraan listrik,Rp. 500.000 - Rp. 1.000.000,Tidak Ada perbedaan signifikan,2.0
29,Iya,Rumah,3,Panas,900 VA,Tidak,6-10,1,Tidak ada,1,Tidak ada,Tidak ada,Tidak ada,1,Tidak ada,Tidak ada,1,Tidak ada,1,2,Tidak ada,2,Tidak ada,2 - 4 jam,2 - 4 jam,> 8 jam,8 - 12 jam,< 2 jam,< 2 jam,Tidak punya mesin cuci,1 kali,Tidak,Ya,Tidak,Tidak,Tidak,Tidak,Ya,3-8 Jam,9-12 Jam,<2 Jam,3-8 Jam,3-8 Jam,9-12 Jam,Ya,Tidak mempunyai kendaraan listrik,< Rp. 500.000,Tidak Ada perbedaan signifikan,4.0
30,Iya,Rumah,> 5,Sejuk,1300 VA,Tidak,16-20,1,1,1,Tidak ada,Tidak ada,Tidak ada,Tidak ada,1,Tidak ada,2,Tidak ada,2,2,Tidak ada,2,1,< 2 jam,2 - 4 jam,4 - 8 jam,4 - 8 jam,4 - 8 jam,< 2 jam,> 4 Kali,3 kali,Tidak,Ya,Tidak,Tidak,Tidak,Tidak,Ya,3-8 Jam,3-8 Jam,3-8 Jam,3-8 Jam,3-8 Jam,3-8 Jam,Ya,Tidak mempunyai kendaraan listrik,Rp. 1.500.001 - Rp 2.000.000,Tidak Ada perbedaan signifikan,4.0
31,Iya,Rumah,> 5,Panas,1300 VA,Tidak,lebih dari 20,1,Tidak ada,1,Tidak ada,Tidak ada,Tidak ada,Tidak ada,1,Tidak ada,1,Tidak ada,1,2,Tidak ada,2,1,< 2 jam,< 2 jam,4 - 8 jam,4 - 8 jam,Tidak punya komputer,Tidak punya komputer,> 4 Kali,3 kali,Tidak,Ya,Tidak,Tidak,Tidak,Tidak,Tidak,3-8 Jam,3-8 Jam,<2 Jam,3-8 Jam,3-8 Jam,3-8 Jam,TIdak,Tidak mempunyai kendaraan listrik,Rp. 1.000.001 - Rp 1.500.000,Tidak Ada perbedaan signifikan,4.0
32,Iya,Rumah,3,Sejuk,1300 VA,Tidak,6-10,1,Tidak ada,1,Tidak ada,Tidak ada,Tidak ada,2,Tidak ada,1,Tidak ada,Tidak ada,1,1,Tidak ada,3,1,Tidak punya TV,Tidak punya TV,4 - 8 jam,8 - 12 jam,> 12 jam,> 12 jam,3 kali,4 kali,Tidak,Ya,Tidak,Tidak,Ya,Tidak,Ya,3-8 Jam,> 12 Jam,3-8 Jam,3-8 Jam,3-8 Jam,3-8 Jam,TIdak,Tidak mempunyai kendaraan listrik,< Rp. 500.000,Tidak Ada perbedaan signifikan,3.0
33,Iya,Kos,1,Panas,900 VA,Tidak,1-5,1,Tidak ada,Tidak ada,Tidak ada,Tidak ada,1,Tidak ada,1,Tidak ada,Tidak ada,Tidak ada,Tidak ada,1,Tidak ada,1,Tidak ada,Tidak punya TV,Tidak punya TV,4 - 8 jam,4 - 8 jam,Tidak punya komputer,Tidak punya komputer,Tidak punya mesin cuci,1 kali,Tidak,Tidak,Tidak,Tidak,Tidak,Tidak,Tidak,9-12 Jam,<2 Jam,<2 Jam,<2 Jam,<2 Jam,<2 Jam,Ya,Tidak mempunyai kendaraan listrik,< Rp. 500.000,Tidak Ada perbedaan signifikan,3.0
34,Iya,Rumah,> 5,Panas,> 2200 VA,Ya,lebih dari 20,2,1,2,1,1,Tidak ada,2,1,Tidak ada,2,1,3,3,Tidak ada,3,2,> 8 jam,8 - 12 jam,> 8 jam,> 12 jam,4 - 8 jam,4 - 8 jam,> 4 Kali,> 4 kali,Ya,Ya,Ya,Ya,Tidak,Tidak,Ya,> 12 Jam,> 12 Jam,> 12 Jam,> 12 Jam,> 12 Jam,> 12 Jam,Ya,Tidak mempunyai kendaraan listrik,> Rp 2.000.000,Desember,3.0
35,Iya,Rumah,3,Sejuk,1300 VA,Tidak,6-10,1,Tidak ada,1,1,Tidak ada,Tidak ada,Tidak ada,Tidak ada,Tidak ada,1,Tidak ada,1,4,Tidak ada,1,1,< 2 jam,2 - 4 jam,2 - 4 jam,4 - 8 jam,< 2 jam,2 - 4 jam,1 kali,1 kali,Tidak,Ya,Tidak,Tidak,Tidak,Ya,Tidak,3-8 Jam,<2 Jam,<2 Jam,<2 Jam,<2 Jam,3-8 Jam,Ya,Tidak mempunyai kendaraan listrik,Rp. 500.000 - Rp. 1.000.000,"Mei, Desember",4.0
36,Iya,Rumah,3,Sejuk,1300 VA,Tidak,6-10,1,Tidak ada,1,Tidak ada,Tidak ada,Tidak ada,2,Tidak ada,Tidak ada,Tidak ada,Tidak ada,1,1,Tidak ada,1,1,Tidak punya TV,Tidak punya TV,> 8 jam,8 - 12 jam,8 - 12 jam,< 2 jam,4 kali,2 kali,Tidak,Tidak,Tidak,Tidak,Tidak,Ya,Ya,3-8 Jam,<2 Jam,3-8 Jam,3-8 Jam,<2 Jam,3-8 Jam,Ya,Tidak mempunyai kendaraan listrik,< Rp. 500.000,Tidak Ada perbedaan signifikan,4.0
37,Iya,Rumah,5,Sejuk,2200 VA,Tidak,lebih dari 20,1,Tidak ada,1,Tidak ada,Tidak ada,Tidak ada,3,1,Tidak ada,3,3,1,3,Tidak ada,1,1,4 - 8 jam,8 - 12 jam,> 8 jam,8 - 12 jam,4 - 8 jam,4 - 8 jam,4 kali,4 kali,Tidak,Tidak,Tidak,Ya,Tidak,Ya,Tidak,9-12 Jam,<2 Jam,3-8 Jam,9-12 Jam,3-8 Jam,9-12 Jam,Ya,Tidak mempunyai kendaraan listrik,Rp. 1.500.001 - Rp 2.000.000,Tidak Ada perbedaan signifikan,3.0
38,Iya,Rumah,2,Sejuk,1300 VA,Tidak,10-15,1,Tidak ada,1,1,Tidak ada,Tidak ada,Tidak ada,Tidak ada,Tidak ada,2,Tidak ada,2,1,Tidak ada,2,1,2 - 4 jam,2 - 4 jam,< 2 jam,4 - 8 jam,Tidak punya komputer,Tidak punya komputer,2 kali,3 kali,Tidak,Ya,Tidak,Tidak,Tidak,Tidak,Ya,3-8 Jam,9-12 Jam,3-8 Jam,3-8 Jam,3-8 Jam,9-12 Jam,Ya,Tidak mempunyai kendaraan listrik,< Rp. 500.000,Tidak Ada perbedaan signifikan,4.0
39,Iya,Rumah,> 5,Panas,> 2200 VA,Tidak,16-20,3,1,1,1,Tidak ada,Tidak ada,1,1,Tidak ada,2,1,1,4,Tidak ada,3,1,4 - 8 jam,8 - 12 jam,4 - 8 jam,> 12 jam,2 - 4 jam,2 - 4 jam,3 kali,4 kali,Ya,Ya,Tidak,Tidak,Tidak,Ya,Tidak,3-8 Jam,<2 Jam,<2 Jam,> 12 Jam,> 12 Jam,9-12 Jam,Ya,Tidak mempunyai kendaraan listrik,> Rp 2.000.000,Tidak Ada perbedaan signifikan,3.0
40,Iya,Rumah,3,Sejuk,2200 VA,Tidak,6-10,1,Tidak ada,1,Tidak ada,Tidak ada,Tidak ada,Tidak ada,Tidak ada,Tidak ada,1,Tidak ada,1,2,Tidak ada,1,Tidak ada,4 - 8 jam,4 - 8 jam,4 - 8 jam,4 - 8 jam,8 - 12 jam,4 - 8 jam,Tidak punya mesin cuci,2 kali,Tidak,Ya,Ya,Tidak,Tidak,Tidak,Tidak,3-8 Jam,<2 Jam,3-8 Jam,3-8 Jam,3-8 Jam,9-12 Jam,Ya,Tidak mempunyai kendaraan listrik,< Rp. 500.000,Agustus,4.0
41,Iya,Rumah,> 5,Panas,> 2200 VA,Ya,lebih dari 20,1,2,Tidak ada,1,Tidak ada,Tidak ada,1,2,Tidak ada,1,Tidak ada,1,1,Tidak ada,1,1,4 - 8 jam,8 - 12 jam,> 8 jam,8 - 12 jam,Tidak punya komputer,Tidak punya komputer,> 4 Kali,> 4 kali,Ya,Ya,Tidak,Tidak,Ya,Ya,Tidak,3-8 Jam,3-8 Jam,9-12 Jam,3-8 Jam,9-12 Jam,9-12 Jam,TIdak,Tidak mempunyai kendaraan listrik,> Rp 2.000.000,Tidak Ada perbedaan signifikan,4.0
42,Iya,Rumah,3,Panas,900 VA,Tidak,6-10,1,Tidak ada,1,Tidak ada,Tidak ada,Tidak ada,Tidak ada,1,Tidak ada,1,Tidak ada,1,1,Tidak ada,2,Tidak ada,4 - 8 jam,4 - 8 jam,> 8 jam,8 - 12 jam,Tidak punya komputer,Tidak punya komputer,Tidak punya mesin cuci,2 kali,Tidak,Ya,Tidak,Tidak,Ya,Tidak,Tidak,3-8 Jam,<2 Jam,<2 Jam,3-8 Jam,3-8 Jam,3-8 Jam,Ya,Tidak mempunyai kendaraan listrik,< Rp. 500.000,Tidak Ada perbedaan signifikan,4.0
43,Iya,Rumah,5,Panas,2200 VA,Tidak,6-10,1,Tidak ada,1,Tidak ada,Tidak ada,Tidak ada,Tidak ada,Tidak ada,Tidak ada,1,Tidak ada,1,2,Tidak ada,2,1,< 2 jam,< 2 jam,4 - 8 jam,8 - 12 jam,Tidak punya komputer,Tidak punya komputer,2 kali,1 kali,Tidak,Ya,Tidak,Tidak,Tidak,Tidak,Tidak,3-8 Jam,3-8 Jam,<2 Jam,<2 Jam,3-8 Jam,9-12 Jam,Ya,Tidak mempunyai kendaraan listrik,Rp. 500.000 - Rp. 1.000.000,Tidak Ada perbedaan signifikan,4.0
44,Iya,Rumah,2,Panas,2200 VA,Tidak,6-10,2,Tidak ada,1,Tidak ada,Tidak ada,Tidak ada,2,1,Tidak ada,1,2,Tidak ada,1,Tidak ada,2,1,< 2 jam,2 - 4 jam,> 8 jam,> 12 jam,8 - 12 jam,2 - 4 jam,2 kali,2 kali,Tidak,Ya,Tidak,Ya,Tidak,Ya,Ya,9-12 Jam,3-8 Jam,<2 Jam,9-12 Jam,3-8 Jam,9-12 Jam,Ya,Tidak mempunyai kendaraan listrik,< Rp. 500.000,Tidak Ada perbedaan signifikan,4.0
45,Iya,Rumah,4,Sejuk,2200 VA,Ya,6-10,1,1,1,1,Tidak ada,Tidak ada,Tidak ada,1,Tidak ada,1,Tidak ada,1,1,Tidak ada,Tidak ada,1,< 2 jam,< 2 jam,4 - 8 jam,8 - 12 jam,< 2 jam,< 2 jam,3 kali,3 kali,Ya,Ya,Tidak,Tidak,Ya,Ya,Tidak,> 12 Jam,3-8 Jam,3-8 Jam,3-8 Jam,9-12 Jam,9-12 Jam,Ya,Tidak mempunyai kendaraan listrik,Rp. 500.000 - Rp. 1.000.000,Tidak Ada perbedaan signifikan,4.0
46,Iya,Rumah,4,Panas,2200 VA,Ya,16-20,1,1,1,1,1,1,1,2,1,2,Tidak ada,1,2,Tidak ada,2,1,4 - 8 jam,8 - 12 jam,4 - 8 jam,4 - 8 jam,2 - 4 jam,2 - 4 jam,4 kali,4 kali,Tidak,Ya,Tidak,Tidak,Tidak,Ya,Ya,3-8 Jam,9-12 Jam,3-8 Jam,3-8 Jam,3-8 Jam,3-8 Jam,Ya,Tidak mempunyai kendaraan listrik,Rp. 1.000.001 - Rp 1.500.000,Tidak Ada perbedaan signifikan,4.0
47,Iya,Rumah,4,Panas,2200 VA,Tidak,6-10,1,Tidak ada,1,Tidak ada,Tidak ada,Tidak ada,Tidak ada,Tidak ada,Tidak ada,1,Tidak ada,2,3,Tidak ada,3,Tidak ada,< 2 jam,< 2 jam,4 - 8 jam,4 - 8 jam,Tidak punya komputer,Tidak punya komputer,Tidak punya mesin cuci,1 kali,Tidak,Ya,Tidak,Tidak,Tidak,Ya,Tidak,3-8 Jam,<2 Jam,<2 Jam,<2 Jam,<2 Jam,3-8 Jam,Ya,Tidak mempunyai kendaraan listrik,Rp. 500.000 - Rp. 1.000.000,Tidak Ada perbedaan signifikan,4.0
48,Iya,Rumah,> 5,Panas,2200 VA,Tidak,10-15,1,Tidak ada,1,Tidak ada,1,Tidak ada,3,1,Tidak ada,1,Tidak ada,2,3,Tidak ada,5,2,4 - 8 jam,8 - 12 jam,4 - 8 jam,> 12 jam,4 - 8 jam,< 2 jam,> 4 Kali,> 4 kali,Ya,Ya,Ya,Tidak,Ya,Tidak,Ya,> 12 Jam,> 12 Jam,9-12 Jam,3-8 Jam,> 12 Jam,9-12 Jam,TIdak,Tidak mempunyai kendaraan listrik,Rp. 1.000.001 - Rp 1.500.000,Tidak Ada perbedaan signifikan,4.0
49,Iya,Rumah,1,Sejuk,2200 VA,Tidak,6-10,1,Tidak ada,1,Tidak ada,Tidak ada,Tidak ada,Tidak ada,1,Tidak ada,Tidak ada,Tidak ada,3,1,Tidak ada,4,1,< 2 jam,< 2 jam,4 - 8 jam,4 - 8 jam,< 2 jam,< 2 jam,4 kali,4 kali,Ya,Ya,Tidak,Tidak,Ya,Ya,Tidak,3-8 Jam,<2 Jam,3-8 Jam,3-8 Jam,9-12 Jam,9-12 Jam,Ya,Tidak mempunyai kendaraan listrik,Rp. 500.000 - Rp. 1.000.000,Tidak Ada perbedaan signifikan,3.0
50,Iya,Rumah,4,Sejuk,2200 VA,Tidak,16-20,1,1,1,Tidak ada,Tidak ada,Tidak ada,1,1,Tidak ada,1,1,1,2,Tidak ada,2,1,2 - 4 jam,2 - 4 jam,4 - 8 jam,4 - 8 jam,4 - 8 jam,2 - 4 jam,1 kali,1 kali,Ya,Ya,Tidak,Ya,Ya,Ya,Ya,3-8 Jam,3-8 Jam,<2 Jam,3-8 Jam,3-8 Jam,3-8 Jam,Ya,Tidak mempunyai kendaraan listrik,Rp. 500.000 - Rp. 1.000.000,Agustus,4.0
51,Iya,Rumah,3,Sejuk,1300 VA,Ya,10-15,2,1,1,Tidak ada,1,Tidak ada,3,2,Tidak ada,1,1,1,3,Tidak ada,1,1,4 - 8 jam,> 12 jam,4 - 8 jam,> 12 jam,8 - 12 jam,8 - 12 jam,4 kali,> 4 kali,Tidak,Ya,Tidak,Ya,Tidak,Tidak,Ya,3-8 Jam,9-12 Jam,<2 Jam,3-8 Jam,3-8 Jam,9-12 Jam,TIdak,Tidak mempunyai kendaraan listrik,Rp. 500.000 - Rp. 1.000.000,Desember,4.0
52,Iya,Rumah,> 5,Sejuk,1300 VA,Tidak,6-10,lebih dari 5,Tidak ada,4,1,Tidak ada,Tidak ada,Tidak ada,Tidak ada,1,1,Tidak ada,5,3,Tidak ada,2,1,< 2 jam,< 2 jam,> 8 jam,8 - 12 jam,4 - 8 jam,4 - 8 jam,3 kali,3 kali,Ya,Ya,Tidak,Tidak,Tidak,Ya,Tidak,9-12 Jam,3-8 Jam,3-8 Jam,3-8 Jam,9-12 Jam,9-12 Jam,Ya,Tidak mempunyai kendaraan listrik,Rp. 500.000 - Rp. 1.000.000,Mei,4.0
53,Iya,Rumah,> 5,Sejuk,1300 VA,Ya,16-20,1,1,1,Tidak ada,1,1,1,Tidak ada,Tidak ada,Tidak ada,Tidak ada,2,Tidak ada,Tidak ada,3,1,Tidak punya TV,Tidak punya TV,4 - 8 jam,4 - 8 jam,< 2 jam,< 2 jam,2 kali,2 kali,Tidak,Ya,Tidak,Tidak,Tidak,Tidak,Tidak,3-8 Jam,<2 Jam,<2 Jam,3-8 Jam,3-8 Jam,3-8 Jam,Ya,Tidak mempunyai kendaraan listrik,Rp. 500.000 - Rp. 1.000.000,Tidak Ada perbedaan signifikan,3.0
54,Iya,Rumah,3,Panas,450 VA,Tidak,6-10,1,Tidak ada,1,Tidak ada,Tidak ada,Tidak ada,Tidak ada,Tidak ada,Tidak ada,Tidak ada,Tidak ada,1,1,Tidak ada,2,1,Tidak punya TV,Tidak punya TV,4 - 8 jam,4 - 8 jam,Tidak punya komputer,Tidak punya komputer,3 kali,3 kali,Ya,Ya,Tidak,Tidak,Tidak,Ya,Tidak,3-8 Jam,3-8 Jam,9-12 Jam,9-12 Jam,3-8 Jam,9-12 Jam,Ya,Tidak mempunyai kendaraan listrik,< Rp. 500.000,Tidak Ada perbedaan signifikan,4.0
55,Iya,Rumah,5,Panas,2200 VA,Tidak,6-10,1,Tidak ada,1,Tidak ada,1,Tidak ada,1,2,Tidak ada,1,Tidak ada,1,2,Tidak ada,2,1,< 2 jam,2 - 4 jam,2 - 4 jam,2 - 4 jam,2 - 4 jam,2 - 4 jam,2 kali,3 kali,Tidak,Ya,Tidak,Tidak,Tidak,Ya,Tidak,3-8 Jam,<2 Jam,3-8 Jam,3-8 Jam,<2 Jam,9-12 Jam,Ya,Tidak mempunyai kendaraan listrik,Rp. 1.500.001 - Rp 2.000.000,Tidak Ada perbedaan signifikan,4.0
56,Iya,Rumah,4,Sejuk,2200 VA,Ya,1-5,1,1,1,Tidak ada,Tidak ada,Tidak ada,Tidak ada,1,Tidak ada,1,Tidak ada,1,2,Tidak ada,1,Tidak ada,2 - 4 jam,4 - 8 jam,< 2 jam,2 - 4 jam,< 2 jam,4 - 8 jam,Tidak punya mesin cuci,3 kali,Tidak,Ya,Tidak,Ya,Tidak,Tidak,Tidak,3-8 Jam,<2 Jam,<2 Jam,3-8 Jam,<2 Jam,3-8 Jam,Ya,Tidak mempunyai kendaraan listrik,Rp. 1.000.001 - Rp 1.500.000,Tidak Ada perbedaan signifikan,4.0
57,Iya,Rumah,2,Sejuk,2200 VA,Tidak,10-15,1,1,1,1,Tidak ada,Tidak ada,1,1,Tidak ada,1,1,1,1,Tidak ada,2,1,2 - 4 jam,4 - 8 jam,4 - 8 jam,8 - 12 jam,4 - 8 jam,4 - 8 jam,4 kali,1 kali,Tidak,Ya,Tidak,Tidak,Tidak,Ya,Tidak,9-12 Jam,<2 Jam,<2 Jam,3-8 Jam,<2 Jam,9-12 Jam,Ya,Tidak mempunyai kendaraan listrik,Rp. 500.000 - Rp. 1.000.000,Tidak Ada perbedaan signifikan,4.0
58,Iya,Rumah,3,Panas,450 VA,Tidak,10-15,1,Tidak ada,1,Tidak ada,Tidak ada,Tidak ada,Tidak ada,Tidak ada,Tidak ada,2,Tidak ada,1,Tidak ada,Tidak ada,2,1,< 2 jam,< 2 jam,> 8 jam,> 12 jam,Tidak punya komputer,Tidak punya komputer,3 kali,2 kali,Tidak,Tidak,Tidak,Ya,Tidak,Tidak,Tidak,3-8 Jam,<2 Jam,<2 Jam,9-12 Jam,<2 Jam,<2 Jam,Ya,Tidak mempunyai kendaraan listrik,< Rp. 500.000,Tidak Ada perbedaan signifikan,3.0
59,Iya,Rumah,5,Sejuk,2200 VA,Tidak,lebih dari 20,1,Tidak ada,1,1,Tidak ada,Tidak ada,Tidak ada,Tidak ada,Tidak ada,1,Tidak ada,1,3,Tidak ada,3,1,< 2 jam,< 2 jam,> 8 jam,8 - 12 jam,Tidak punya komputer,Tidak punya komputer,3 kali,> 4 kali,Ya,Ya,Tidak,Tidak,Tidak,Ya,Tidak,> 12 Jam,<2 Jam,<2 Jam,9-12 Jam,9-12 Jam,9-12 Jam,Ya,Tidak mempunyai kendaraan listrik,Rp. 1.000.001 - Rp 1.500.000,Tidak Ada perbedaan signifikan,4.0
60,Iya,Rumah,4,Sejuk,900 VA,Ya,10-15,1,Tidak ada,1,Tidak ada,Tidak ada,Tidak ada,Tidak ada,1,Tidak ada,1,Tidak ada,1,Tidak ada,Tidak ada,2,1,4 - 8 jam,8 - 12 jam,2 - 4 jam,4 - 8 jam,Tidak punya komputer,Tidak punya komputer,3 kali,4 kali,Tidak,Ya,Tidak,Tidak,Tidak,Tidak,Ya,3-8 Jam,<2 Jam,3-8 Jam,3-8 Jam,3-8 Jam,3-8 Jam,Ya,Tidak mempunyai kendaraan listrik,< Rp. 500.000,Tidak Ada perbedaan signifikan,4.0
61,Iya,Rumah,> 5,Panas,2200 VA,Ya,lebih dari 20,1,1,1,Tidak ada,Tidak ada,Tidak ada,3,3,Tidak ada,2,2,lebih dari 5,5,Tidak ada,2,1,4 - 8 jam,4 - 8 jam,4 - 8 jam,8 - 12 jam,4 - 8 jam,8 - 12 jam,3 kali,2 kali,Ya,Ya,Ya,Ya,Ya,Ya,Ya,> 12 Jam,> 12 Jam,> 12 Jam,> 12 Jam,> 12 Jam,> 12 Jam,TIdak,Tidak mempunyai kendaraan listrik,> Rp 2.000.000,Tidak Ada perbedaan signifikan,2.0
62,Iya,Kos,1,Panas,1300 VA,Ya,1-5,Tidak ada,Tidak ada,Tidak ada,Tidak ada,Tidak ada,Tidak ada,Tidak ada,1,Tidak ada,1,Tidak ada,Tidak ada,1,Tidak ada,Tidak ada,Tidak ada,< 2 jam,< 2 jam,4 - 8 jam,4 - 8 jam,4 - 8 jam,2 - 4 jam,Tidak punya mesin cuci,Tidak punya setrika,Tidak,Tidak,Tidak,Tidak,Tidak,Tidak,Ya,9-12 Jam,> 12 Jam,<2 Jam,<2 Jam,<2 Jam,<2 Jam,Ya,Tidak mempunyai kendaraan listrik,< Rp. 500.000,Tidak Ada perbedaan signifikan,4.0
63,Iya,Rumah,> 5,Panas,1300 VA,Tidak,10-15,1,Tidak ada,1,Tidak ada,Tidak ada,Tidak ada,Tidak ada,Tidak ada,Tidak ada,1,Tidak ada,1,1,Tidak ada,3,1,< 2 jam,< 2 jam,> 8 jam,> 12 jam,4 - 8 jam,< 2 jam,> 4 Kali,3 kali,Tidak,Ya,Tidak,Tidak,Ya,Tidak,Tidak,3-8 Jam,<2 Jam,3-8 Jam,3-8 Jam,3-8 Jam,9-12 Jam,Ya,Tidak mempunyai kendaraan listrik,Rp. 500.000 - Rp. 1.000.000,Tidak Ada perbedaan signifikan,4.0
64,Iya,Rumah,4,Panas,1300 VA,Ya,10-15,1,1,1,1,Tidak ada,Tidak ada,Tidak ada,1,Tidak ada,1,Tidak ada,1,2,Tidak ada,2,1,< 2 jam,< 2 jam,4 - 8 jam,4 - 8 jam,2 - 4 jam,< 2 jam,3 kali,3 kali,Tidak,Ya,Tidak,Ya,Tidak,Tidak,Ya,3-8 Jam,3-8 Jam,<2 Jam,3-8 Jam,3-8 Jam,3-8 Jam,Ya,Tidak mempunyai kendaraan listrik,Rp. 500.000 - Rp. 1.000.000,Tidak Ada perbedaan signifikan,3.0
65,Iya,Rumah,5,Panas,2200 VA,Tidak,10-15,1,Tidak ada,1,Tidak ada,Tidak ada,Tidak ada,1,1,Tidak ada,1,Tidak ada,1,2,Tidak ada,1,1,< 2 jam,2 - 4 jam,< 2 jam,8 - 12 jam,2 - 4 jam,4 - 8 jam,3 kali,4 kali,Tidak,Ya,Tidak,Tidak,Tidak,Ya,Tidak,3-8 Jam,<2 Jam,<2 Jam,<2 Jam,3-8 Jam,3-8 Jam,TIdak,Tidak mempunyai kendaraan listrik,Rp. 1.000.001 - Rp 1.500.000,Tidak Ada perbedaan signifikan,4.0
66,Iya,Rumah,3,Sejuk,2200 VA,Tidak,6-10,1,1,1,1,1,Tidak ada,Tidak ada,1,Tidak ada,1,Tidak ada,1,1,Tidak ada,2,1,4 - 8 jam,4 - 8 jam,4 - 8 jam,8 - 12 jam,Tidak punya komputer,Tidak punya komputer,2 kali,2 kali,Tidak,Ya,Ya,Tidak,Tidak,Tidak,Tidak,3-8 Jam,3-8 Jam,3-8 Jam,<2 Jam,3-8 Jam,3-8 Jam,Ya,Tidak mempunyai kendaraan listrik,Rp. 500.000 - Rp. 1.000.000,"Januari, Februari, Maret, April, Mei, Juni, Juli, Agustus, September, Oktober, November, Desember, Tidak Ada perbedaan signifikan",4.0
67,Iya,Rumah,4,Sejuk,1300 VA,Ya,16-20,1,1,Tidak ada,Tidak ada,Tidak ada,1,2,1,Tidak ada,2,Tidak ada,1,3,Tidak ada,Tidak ada,1,< 2 jam,4 - 8 jam,> 8 jam,> 12 jam,> 12 jam,> 12 jam,1 kali,1 kali,Tidak,Ya,Tidak,Tidak,Tidak,Ya,Tidak,3-8 Jam,3-8 Jam,3-8 Jam,> 12 Jam,> 12 Jam,3-8 Jam,TIdak,Tidak mempunyai kendaraan listrik,Rp. 500.000 - Rp. 1.000.000,Tidak Ada perbedaan signifikan,4.0
68,Iya,Rumah,3,Sejuk,900 VA,Tidak,10-15,1,Tidak ada,1,Tidak ada,1,Tidak ada,Tidak ada,1,Tidak ada,1,Tidak ada,1,Tidak ada,Tidak ada,3,1,< 2 jam,< 2 jam,4 - 8 jam,4 - 8 jam,< 2 jam,2 - 4 jam,3 kali,1 kali,Tidak,Ya,Tidak,Tidak,Ya,Tidak,Tidak,3-8 Jam,<2 Jam,<2 Jam,<2 Jam,3-8 Jam,3-8 Jam,TIdak,Tidak mempunyai kendaraan listrik,< Rp. 500.000,"Maret, Tidak Ada perbedaan signifikan",4.0
69,Iya,Rumah,2,Panas,2200 VA,Tidak,6-10,1,Tidak ada,Tidak ada,Tidak ada,Tidak ada,Tidak ada,Tidak ada,Tidak ada,1,Tidak ada,Tidak ada,Tidak ada,2,Tidak ada,2,Tidak ada,Tidak punya TV,Tidak punya TV,> 8 jam,> 12 jam,Tidak punya komputer,< 2 jam,1 kali,3 kali,Tidak,Ya,Tidak,Tidak,Tidak,Tidak,Tidak,3-8 Jam,<2 Jam,<2 Jam,<2 Jam,<2 Jam,3-8 Jam,Ya,Tidak mempunyai kendaraan listrik,Rp. 500.000 - Rp. 1.000.000,Desember,3.0
70,Iya,Rumah,5,Panas,1300 VA,Tidak,16-20,1,Tidak ada,1,Tidak ada,Tidak ada,Tidak ada,1,Tidak ada,Tidak ada,1,1,1,2,Tidak ada,1,1,2 - 4 jam,4 - 8 jam,4 - 8 jam,8 - 12 jam,< 2 jam,2 - 4 jam,2 kali,3 kali,Tidak,Ya,Tidak,Ya,Tidak,Tidak,Tidak,3-8 Jam,3-8 Jam,9-12 Jam,9-12 Jam,3-8 Jam,9-12 Jam,Ya,Tidak mempunyai kendaraan listrik,Rp. 500.000 - Rp. 1.000.000,Tidak Ada perbedaan signifikan,3.0
71,Iya,Rumah,3,Sejuk,1300 VA,Ya,16-20,1,1,1,1,Tidak ada,1,2,1,Tidak ada,Tidak ada,Tidak ada,2,4,Tidak ada,3,2,Tidak punya TV,Tidak punya TV,> 8 jam,> 12 jam,2 - 4 jam,4 - 8 jam,1 kali,1 kali,Tidak,Ya,Tidak,Tidak,Tidak,Tidak,Tidak,9-12 Jam,3-8 Jam,<2 Jam,<2 Jam,3-8 Jam,> 12 Jam,TIdak,Tidak mempunyai kendaraan listrik,Rp. 500.000 - Rp. 1.000.000,Tidak Ada perbedaan signifikan,3.0
72,Iya,Rumah,4,Panas,900 VA,Ya,6-10,lebih dari 5,3,lebih dari 5,1,Tidak ada,Tidak ada,Tidak ada,lebih dari 5,lebih dari 5,lebih dari 5,lebih dari 5,lebih dari 5,5,Tidak ada,lebih dari 5,4,Tidak punya TV,< 2 jam,4 - 8 jam,2 - 4 jam,4 - 8 jam,4 - 8 jam,3 kali,2 kali,Tidak,Ya,Tidak,Tidak,Ya,Tidak,Ya,3-8 Jam,3-8 Jam,3-8 Jam,3-8 Jam,3-8 Jam,3-8 Jam,Ya,Tidak mempunyai kendaraan listrik,Rp. 500.000 - Rp. 1.000.000,Tidak Ada perbedaan signifikan,4.0
73,Iya,Apartemen,1,Panas,2200 VA,Ya,1-5,Tidak ada,Tidak ada,Tidak ada,1,Tidak ada,Tidak ada,1,Tidak ada,Tidak ada,Tidak ada,Tidak ada,1,1,Tidak ada,1,1,Tidak punya TV,Tidak punya TV,> 8 jam,> 12 jam,< 2 jam,4 - 8 jam,3 kali,1 kali,Ya,Tidak,Tidak,Tidak,Ya,Ya,Tidak,> 12 Jam,<2 Jam,<2 Jam,<2 Jam,> 12 Jam,<2 Jam,TIdak,Tidak mempunyai kendaraan listrik,Rp. 500.000 - Rp. 1.000.000,Tidak Ada perbedaan signifikan,2.0
74,Iya,Rumah,> 5,Sejuk,> 2200 VA,Ya,lebih dari 20,1,Tidak ada,1,1,Tidak ada,Tidak ada,Tidak ada,1,1,1,Tidak ada,1,1,Tidak ada,3,1,< 2 jam,< 2 jam,> 8 jam,8 - 12 jam,Tidak punya komputer,Tidak punya komputer,> 4 Kali,> 4 kali,Tidak,Ya,Ya,Tidak,Tidak,Tidak,Tidak,9-12 Jam,<2 Jam,9-12 Jam,9-12 Jam,9-12 Jam,> 12 Jam,TIdak,Tidak mempunyai kendaraan listrik,Rp. 1.500.001 - Rp 2.000.000,Tidak Ada perbedaan signifikan,3.0
75,Iya,Rumah,4,Sejuk,2200 VA,Ya,10-15,1,Tidak ada,Tidak ada,Tidak ada,Tidak ada,Tidak ada,1,1,Tidak ada,2,1,1,Tidak ada,Tidak ada,4,Tidak ada,2 - 4 jam,4 - 8 jam,4 - 8 jam,8 - 12 jam,< 2 jam,< 2 jam,> 4 Kali,4 kali,Tidak,Ya,Tidak,Tidak,Ya,Tidak,Tidak,3-8 Jam,<2 Jam,3-8 Jam,3-8 Jam,3-8 Jam,9-12 Jam,Ya,Tidak mempunyai kendaraan listrik,Rp. 500.000 - Rp. 1.000.000,Tidak Ada perbedaan signifikan,3.0
76,Iya,Rumah,4,Panas,2200 VA,Tidak,16-20,1,Tidak ada,1,Tidak ada,1,Tidak ada,1,1,Tidak ada,3,1,1,2,Tidak ada,5,1,4 - 8 jam,4 - 8 jam,4 - 8 jam,8 - 12 jam,2 - 4 jam,8 - 12 jam,> 4 Kali,> 4 kali,Tidak,Ya,Tidak,Tidak,Tidak,Tidak,Ya,3-8 Jam,<2 Jam,3-8 Jam,3-8 Jam,9-12 Jam,> 12 Jam,TIdak,Tidak mempunyai kendaraan listrik,Rp. 500.000 - Rp. 1.000.000,Tidak Ada perbedaan signifikan,2.0
77,Iya,Rumah,4,Panas,2200 VA,Tidak,10-15,1,Tidak ada,Tidak ada,Tidak ada,Tidak ada,Tidak ada,Tidak ada,1,Tidak ada,2,Tidak ada,1,4,Tidak ada,5,1,2 - 4 jam,4 - 8 jam,2 - 4 jam,8 - 12 jam,Tidak punya komputer,Tidak punya komputer,3 kali,3 kali,Ya,Ya,Ya,Tidak,Tidak,Ya,Tidak,3-8 Jam,<2 Jam,9-12 Jam,9-12 Jam,3-8 Jam,> 12 Jam,Ya,Tidak mempunyai kendaraan listrik,Rp. 500.000 - Rp. 1.000.000,Tidak Ada perbedaan signifikan,4.0
78,Iya,Rumah,4,Sejuk,2200 VA,Ya,16-20,1,Tidak ada,Tidak ada,Tidak ada,Tidak ada,Tidak ada,Tidak ada,Tidak ada,Tidak ada,2,Tidak ada,1,4,Tidak ada,4,1,< 2 jam,4 - 8 jam,4 - 8 jam,4 - 8 jam,Tidak punya komputer,Tidak punya komputer,> 4 Kali,4 kali,Tidak,Ya,Tidak,Tidak,Tidak,Tidak,Tidak,3-8 Jam,3-8 Jam,3-8 Jam,3-8 Jam,9-12 Jam,> 12 Jam,TIdak,Tidak mempunyai kendaraan listrik,Rp. 500.000 - Rp. 1.000.000,Tidak Ada perbedaan signifikan,3.0
79,Iya,Rumah,4,Panas,> 2200 VA,Tidak,lebih dari 20,1,1,Tidak ada,Tidak ada,Tidak ada,Tidak ada,Tidak ada,1,Tidak ada,3,Tidak ada,1,5,1,3,1,2 - 4 jam,8 - 12 jam,> 8 jam,> 12 jam,Tidak punya komputer,Tidak punya komputer,> 4 Kali,3 kali,Tidak,Ya,Tidak,Tidak,Tidak,Tidak,Tidak,3-8 Jam,3-8 Jam,3-8 Jam,3-8 Jam,3-8 Jam,9-12 Jam,Ya,>4 Jam,Rp. 1.000.001 - Rp 1.500.000,Tidak Ada perbedaan signifikan,2.0
80,Iya,Rumah,4,Sejuk,1300 VA,Tidak,10-15,1,1,1,1,1,Tidak ada,1,1,Tidak ada,1,1,1,1,Tidak ada,3,Tidak ada,< 2 jam,< 2 jam,2 - 4 jam,4 - 8 jam,< 2 jam,4 - 8 jam,2 kali,1 kali,Tidak,Ya,Tidak,Tidak,Ya,Tidak,Ya,3-8 Jam,3-8 Jam,<2 Jam,<2 Jam,3-8 Jam,3-8 Jam,Ya,Tidak mempunyai kendaraan listrik,Rp. 500.000 - Rp. 1.000.000,Tidak Ada perbedaan signifikan,4.0
81,Iya,Rumah,2,Panas,900 VA,Tidak,1-5,Tidak ada,Tidak ada,Tidak ada,Tidak ada,Tidak ada,Tidak ada,Tidak ada,Tidak ada,Tidak ada,1,Tidak ada,1,Tidak ada,Tidak ada,2,Tidak ada,2 - 4 jam,2 - 4 jam,> 8 jam,> 12 jam,Tidak punya komputer,Tidak punya komputer,Tidak punya mesin cuci,4 kali,Ya,Ya,Tidak,Tidak,Tidak,Ya,Tidak,9-12 Jam,3-8 Jam,<2 Jam,<2 Jam,3-8 Jam,> 12 Jam,TIdak,Tidak mempunyai kendaraan listrik,< Rp. 500.000,"Juli, Agustus, September",4.0
82,Iya,Rumah,3,Panas,900 VA,Tidak,1-5,Tidak ada,Tidak ada,Tidak ada,Tidak ada,Tidak ada,Tidak ada,Tidak ada,Tidak ada,Tidak ada,1,Tidak ada,1,Tidak ada,Tidak ada,3,Tidak ada,2 - 4 jam,4 - 8 jam,4 - 8 jam,8 - 12 jam,Tidak punya komputer,Tidak punya komputer,Tidak punya mesin cuci,3 kali,Tidak,Ya,Tidak,Tidak,Tidak,Tidak,Tidak,3-8 Jam,9-12 Jam,<2 Jam,<2 Jam,3-8 Jam,> 12 Jam,TIdak,Tidak mempunyai kendaraan listrik,< Rp. 500.000,"Juni, Juli, Agustus, September, Oktober, Tidak Ada perbedaan signifikan",1.0
83,Iya,Rumah,2,Sejuk,2200 VA,Tidak,6-10,1,Tidak ada,Tidak ada,Tidak ada,Tidak ada,Tidak ada,Tidak ada,Tidak ada,Tidak ada,2,Tidak ada,1,Tidak ada,Tidak ada,4,1,2 - 4 jam,2 - 4 jam,2 - 4 jam,2 - 4 jam,Tidak punya komputer,Tidak punya komputer,4 kali,3 kali,Tidak,Ya,Tidak,Tidak,Tidak,Tidak,Tidak,3-8 Jam,<2 Jam,<2 Jam,<2 Jam,3-8 Jam,9-12 Jam,TIdak,Tidak mempunyai kendaraan listrik,< Rp. 500.000,Tidak Ada perbedaan signifikan,2.0
84,Iya,Rumah,> 5,Panas,> 2200 VA,Ya,16-20,lebih dari 5,4,4,3,3,3,1,2,1,1,5,1,lebih dari 5,3,5,2,2 - 4 jam,8 - 12 jam,< 2 jam,Tidak punya AC/kipas angin,4 - 8 jam,4 - 8 jam,3 kali,3 kali,Tidak,Ya,Ya,Tidak,Tidak,Ya,Ya,<2 Jam,9-12 Jam,<2 Jam,<2 Jam,3-8 Jam,9-12 Jam,TIdak,Tidak mempunyai kendaraan listrik,< Rp. 500.000,"Januari, Februari, Maret, April, Mei, Juni, Juli, Agustus, September, Oktober, November, Desember, Tidak Ada perbedaan signifikan",3.0
85,Iya,Rumah,4,Sejuk,2200 VA,Tidak,16-20,1,Tidak ada,1,1,Tidak ada,Tidak ada,1,1,Tidak ada,2,1,1,1,1,2,1,2 - 4 jam,8 - 12 jam,2 - 4 jam,4 - 8 jam,4 - 8 jam,< 2 jam,3 kali,3 kali,Tidak,Ya,Tidak,Tidak,Ya,Tidak,Ya,9-12 Jam,> 12 Jam,3-8 Jam,9-12 Jam,> 12 Jam,<2 Jam,Ya,1-2 Jam,Rp. 1.500.001 - Rp 2.000.000,"Juni, Juli, Agustus",4.0
86,Iya,Rumah,3,Sejuk,2200 VA,Tidak,10-15,Tidak ada,1,Tidak ada,Tidak ada,Tidak ada,Tidak ada,1,1,Tidak ada,2,1,1,4,Tidak ada,4,1,4 - 8 jam,4 - 8 jam,4 - 8 jam,4 - 8 jam,2 - 4 jam,< 2 jam,4 kali,3 kali,Tidak,Ya,Tidak,Tidak,Tidak,Tidak,Tidak,<2 Jam,<2 Jam,3-8 Jam,3-8 Jam,3-8 Jam,9-12 Jam,TIdak,Tidak mempunyai kendaraan listrik,Rp. 500.000 - Rp. 1.000.000,Tidak Ada perbedaan signifikan,3.0
87,Iya,Kos,1,Panas,900 VA,Tidak,1-5,Tidak ada,Tidak ada,Tidak ada,Tidak ada,Tidak ada,Tidak ada,Tidak ada,Tidak ada,1,1,Tidak ada,Tidak ada,1,Tidak ada,1,Tidak ada,< 2 jam,< 2 jam,> 8 jam,8 - 12 jam,Tidak punya komputer,Tidak punya komputer,Tidak punya mesin cuci,Tidak punya setrika,Tidak,Tidak,Tidak,Tidak,Tidak,Tidak,Ya,3-8 Jam,> 12 Jam,<2 Jam,<2 Jam,<2 Jam,<2 Jam,TIdak,Tidak mempunyai kendaraan listrik,< Rp. 500.000,"Juni, Juli",1.0
88,Iya,Kos,1,Panas,900 VA,Tidak,1-5,Tidak ada,Tidak ada,Tidak ada,Tidak ada,Tidak ada,Tidak ada,1,Tidak ada,Tidak ada,Tidak ada,1,Tidak ada,Tidak ada,Tidak ada,1,Tidak ada,Tidak punya TV,Tidak punya TV,> 8 jam,> 12 jam,4 - 8 jam,> 12 jam,Tidak punya mesin cuci,Tidak punya setrika,Ya,Tidak,Tidak,Tidak,Tidak,Ya,Tidak,> 12 Jam,<2 Jam,<2 Jam,<2 Jam,<2 Jam,<2 Jam,TIdak,Tidak mempunyai kendaraan listrik,< Rp. 500.000,Tidak Ada perbedaan signifikan,1.0
89,Iya,Rumah,4,Panas,1300 VA,Ya,16-20,1,Tidak ada,1,1,1,Tidak ada,Tidak ada,1,Tidak ada,1,Tidak ada,1,3,Tidak ada,1,1,< 2 jam,< 2 jam,> 8 jam,> 12 jam,8 - 12 jam,8 - 12 jam,3 kali,3 kali,Tidak,Ya,Tidak,Tidak,Tidak,Tidak,Tidak,> 12 Jam,3-8 Jam,> 12 Jam,> 12 Jam,> 12 Jam,9-12 Jam,TIdak,Tidak mempunyai kendaraan listrik,Rp. 1.000.001 - Rp 1.500.000,Tidak Ada perbedaan signifikan,3.0
90,Iya,Rumah,3,Sejuk,900 VA,Tidak,10-15,1,Tidak ada,1,Tidak ada,Tidak ada,Tidak ada,Tidak ada,Tidak ada,Tidak ada,1,Tidak ada,1,Tidak ada,Tidak ada,2,1,2 - 4 jam,2 - 4 jam,< 2 jam,2 - 4 jam,Tidak punya komputer,Tidak punya komputer,> 4 Kali,3 kali,Tidak,Ya,Tidak,Tidak,Tidak,Tidak,Tidak,<2 Jam,3-8 Jam,3-8 Jam,3-8 Jam,3-8 Jam,9-12 Jam,TIdak,Tidak mempunyai kendaraan listrik,< Rp. 500.000,Tidak Ada perbedaan signifikan,3.0
91,Iya,Rumah,3,Sejuk,900 VA,Ya,6-10,1,Tidak ada,1,Tidak ada,Tidak ada,Tidak ada,Tidak ada,1,Tidak ada,1,Tidak ada,1,Tidak ada,Tidak ada,2,Tidak ada,< 2 jam,< 2 jam,2 - 4 jam,2 - 4 jam,Tidak punya komputer,Tidak punya komputer,Tidak punya mesin cuci,2 kali,Tidak,Ya,Tidak,Tidak,Tidak,Tidak,Tidak,<2 Jam,<2 Jam,<2 Jam,<2 Jam,3-8 Jam,3-8 Jam,Ya,Tidak mempunyai kendaraan listrik,< Rp. 500.000,Tidak Ada perbedaan signifikan,4.0
92,Iya,Rumah,4,Sejuk,900 VA,Tidak,6-10,1,Tidak ada,1,Tidak ada,Tidak ada,Tidak ada,Tidak ada,1,Tidak ada,1,Tidak ada,1,Tidak ada,Tidak ada,3,Tidak ada,2 - 4 jam,4 - 8 jam,< 2 jam,2 - 4 jam,Tidak punya komputer,Tidak punya komputer,1 kali,1 kali,Tidak,Ya,Tidak,Tidak,Tidak,Tidak,Ya,<2 Jam,3-8 Jam,<2 Jam,<2 Jam,<2 Jam,3-8 Jam,Ya,Tidak mempunyai kendaraan listrik,< Rp. 500.000,Tidak Ada perbedaan signifikan,4.0
93,Iya,Rumah,4,Sejuk,900 VA,Ya,6-10,1,Tidak ada,1,Tidak ada,Tidak ada,Tidak ada,Tidak ada,1,Tidak ada,1,Tidak ada,1,Tidak ada,Tidak ada,2,1,Tidak punya TV,Tidak punya TV,2 - 4 jam,2 - 4 jam,Tidak punya komputer,Tidak punya komputer,2 kali,1 kali,Tidak,Ya,Tidak,Tidak,Ya,Tidak,Ya,<2 Jam,3-8 Jam,<2 Jam,<2 Jam,3-8 Jam,3-8 Jam,Ya,Tidak mempunyai kendaraan listrik,< Rp. 500.000,Tidak Ada perbedaan signifikan,4.0
94,Iya,Rumah,5,Sejuk,1300 VA,Tidak,10-15,1,1,1,1,Tidak ada,Tidak ada,Tidak ada,1,Tidak ada,2,Tidak ada,1,1,Tidak ada,3,1,2 - 4 jam,4 - 8 jam,2 - 4 jam,2 - 4 jam,Tidak punya komputer,Tidak punya komputer,2 kali,1 kali,Tidak,Ya,Tidak,Tidak,Tidak,Tidak,Ya,<2 Jam,3-8 Jam,<2 Jam,<2 Jam,<2 Jam,3-8 Jam,Ya,Tidak mempunyai kendaraan listrik,Rp. 500.000 - Rp. 1.000.000,"Februari, April, Juni, Desember",4.0
95,Iya,Rumah,3,Sejuk,2200 VA,Tidak,10-15,1,1,1,1,1,Tidak ada,1,1,Tidak ada,1,2,1,1,Tidak ada,2,1,< 2 jam,2 - 4 jam,2 - 4 jam,4 - 8 jam,8 - 12 jam,4 - 8 jam,2 kali,2 kali,Tidak,Ya,Tidak,Tidak,Tidak,Tidak,Ya,<2 Jam,3-8 Jam,<2 Jam,<2 Jam,3-8 Jam,9-12 Jam,Ya,Tidak mempunyai kendaraan listrik,Rp. 1.000.001 - Rp 1.500.000,Tidak Ada perbedaan signifikan,4.0
96,Iya,Rumah,5,Sejuk,> 2200 VA,Tidak,16-20,1,1,1,1,1,1,1,1,Tidak ada,1,1,1,4,1,3,1,2 - 4 jam,2 - 4 jam,4 - 8 jam,4 - 8 jam,2 - 4 jam,2 - 4 jam,3 kali,2 kali,Tidak,Ya,Tidak,Tidak,Ya,Tidak,Tidak,<2 Jam,3-8 Jam,<2 Jam,<2 Jam,9-12 Jam,9-12 Jam,Ya,Tidak mempunyai kendaraan listrik,Rp. 1.500.001 - Rp 2.000.000,Tidak Ada perbedaan signifikan,3.0
97,Iya,Rumah,> 5,Sejuk,2200 VA,Tidak,16-20,1,1,1,1,1,1,1,1,Tidak ada,1,1,1,3,Tidak ada,2,1,< 2 jam,< 2 jam,2 - 4 jam,4 - 8 jam,Tidak punya komputer,4 - 8 jam,2 kali,1 kali,Tidak,Ya,Tidak,Tidak,Ya,Tidak,Ya,3-8 Jam,9-12 Jam,3-8 Jam,<2 Jam,9-12 Jam,9-12 Jam,Ya,Tidak mempunyai kendaraan listrik,Rp. 1.000.001 - Rp 1.500.000,Tidak Ada perbedaan signifikan,4.0
98,Iya,Rumah,4,Sejuk,1300 VA,Tidak,10-15,1,Tidak ada,Tidak ada,1,Tidak ada,Tidak ada,Tidak ada,1,Tidak ada,1,Tidak ada,1,2,Tidak ada,2,1,< 2 jam,< 2 jam,2 - 4 jam,2 - 4 jam,Tidak punya komputer,Tidak punya komputer,1 kali,2 kali,Tidak,Ya,Tidak,Tidak,Ya,Tidak,Ya,3-8 Jam,3-8 Jam,<2 Jam,<2 Jam,9-12 Jam,9-12 Jam,Ya,Tidak mempunyai kendaraan listrik,Rp. 500.000 - Rp. 1.000.000,"Februari, April, Mei, Desember",4.0
99,Iya,Rumah,3,Sejuk,1300 VA,Tidak,6-10,1,Tidak ada,1,Tidak ada,Tidak ada,1,1,1,Tidak ada,1,Tidak ada,1,Tidak ada,Tidak ada,3,Tidak ada,2 - 4 jam,2 - 4 jam,< 2 jam,2 - 4 jam,Tidak punya komputer,Tidak punya komputer,Tidak punya mesin cuci,2 kali,Tidak,Ya,Tidak,Tidak,Ya,Tidak,Ya,<2 Jam,9-12 Jam,3-8 Jam,3-8 Jam,3-8 Jam,9-12 Jam,Ya,Tidak mempunyai kendaraan listrik,Rp. 500.000 - Rp. 1.000.000,Tidak Ada perbedaan signifikan,4.0
100,Iya,Rumah,2,Sejuk,1300 VA,Tidak,6-10,1,1,1,1,Tidak ada,Tidak ada,Tidak ada,1,Tidak ada,1,Tidak ada,1,1,Tidak ada,2,Tidak ada,< 2 jam,2 - 4 jam,2 - 4 jam,2 - 4 jam,Tidak punya komputer,Tidak punya komputer,Tidak punya mesin cuci,2 kali,Ya,Ya,Tidak,Tidak,Tidak,Tidak,Ya,<2 Jam,9-12 Jam,3-8 Jam,3-8 Jam,3-8 Jam,9-12 Jam,Ya,Tidak mempunyai kendaraan listrik,Rp. 500.000 - Rp. 1.000.000,Tidak Ada perbedaan signifikan,4.0
101,Iya,Rumah,4,Sejuk,1300 VA,Tidak,6-10,1,Tidak ada,1,1,Tidak ada,Tidak ada,Tidak ada,1,Tidak ada,1,Tidak ada,1,1,Tidak ada,2,Tidak ada,2 - 4 jam,2 - 4 jam,< 2 jam,2 - 4 jam,Tidak punya komputer,Tidak punya komputer,Tidak punya mesin cuci,2 kali,Ya,Ya,Tidak,Tidak,Tidak,Tidak,Ya,3-8 Jam,9-12 Jam,<2 Jam,<2 Jam,3-8 Jam,9-12 Jam,Ya,Tidak mempunyai kendaraan listrik,< Rp. 500.000,Tidak Ada perbedaan signifikan,4.0
102,Iya,Rumah,3,Sejuk,900 VA,Tidak,6-10,1,Tidak ada,Tidak ada,Tidak ada,Tidak ada,Tidak ada,Tidak ada,1,Tidak ada,1,Tidak ada,1,Tidak ada,Tidak ada,2,Tidak ada,2 - 4 jam,2 - 4 jam,2 - 4 jam,2 - 4 jam,Tidak punya komputer,Tidak punya komputer,Tidak punya mesin cuci,2 kali,Ya,Ya,Tidak,Tidak,Tidak,Tidak,Ya,<2 Jam,9-12 Jam,<2 Jam,3-8 Jam,3-8 Jam,9-12 Jam,Ya,Tidak mempunyai kendaraan listrik,< Rp. 500.000,Tidak Ada perbedaan signifikan,4.0
103,Iya,Rumah,3,Sejuk,450 VA,Tidak,6-10,1,Tidak ada,1,Tidak ada,Tidak ada,Tidak ada,Tidak ada,1,Tidak ada,1,Tidak ada,1,Tidak ada,Tidak ada,2,Tidak ada,2 - 4 jam,2 - 4 jam,< 2 jam,2 - 4 jam,< 2 jam,Tidak punya komputer,Tidak punya mesin cuci,1 kali,Tidak,Ya,Tidak,Tidak,Tidak,Tidak,Tidak,<2 Jam,3-8 Jam,<2 Jam,3-8 Jam,3-8 Jam,9-12 Jam,Ya,Tidak mempunyai kendaraan listrik,< Rp. 500.000,Tidak Ada perbedaan signifikan,4.0
104,Iya,Rumah,5,Sejuk,900 VA,Ya,6-10,1,Tidak ada,Tidak ada,Tidak ada,1,Tidak ada,Tidak ada,1,Tidak ada,Tidak ada,Tidak ada,1,Tidak ada,Tidak ada,2,Tidak ada,< 2 jam,< 2 jam,< 2 jam,< 2 jam,Tidak punya komputer,Tidak punya komputer,Tidak punya mesin cuci,2 kali,Tidak,Ya,Tidak,Tidak,Tidak,Tidak,Tidak,3-8 Jam,3-8 Jam,<2 Jam,3-8 Jam,3-8 Jam,3-8 Jam,Ya,Tidak mempunyai kendaraan listrik,< Rp. 500.000,Tidak Ada perbedaan signifikan,4.0
105,Iya,Rumah,5,Sejuk,1300 VA,Tidak,10-15,1,Tidak ada,1,1,Tidak ada,Tidak ada,Tidak ada,1,Tidak ada,1,Tidak ada,1,2,1,2,1,< 2 jam,< 2 jam,4 - 8 jam,4 - 8 jam,Tidak punya komputer,Tidak punya komputer,1 kali,2 kali,Ya,Ya,Tidak,Tidak,Tidak,Tidak,Ya,3-8 Jam,3-8 Jam,<2 Jam,<2 Jam,3-8 Jam,9-12 Jam,Ya,1-2 Jam,Rp. 500.000 - Rp. 1.000.000,"Juni, Juli, Desember, Tidak Ada perbedaan signifikan",4.0
106,Iya,Rumah,4,Sejuk,1300 VA,Ya,6-10,1,Tidak ada,1,1,Tidak ada,Tidak ada,Tidak ada,1,Tidak ada,1,Tidak ada,1,2,Tidak ada,2,1,< 2 jam,< 2 jam,2 - 4 jam,2 - 4 jam,Tidak punya komputer,Tidak punya komputer,1 kali,2 kali,Ya,Ya,Tidak,Tidak,Ya,Tidak,Ya,3-8 Jam,9-12 Jam,3-8 Jam,3-8 Jam,9-12 Jam,9-12 Jam,Ya,Tidak mempunyai kendaraan listrik,Rp. 500.000 - Rp. 1.000.000,Tidak Ada perbedaan signifikan,4.0
107,Iya,Rumah,3,Sejuk,1300 VA,Tidak,6-10,1,1,1,1,Tidak ada,Tidak ada,Tidak ada,1,Tidak ada,1,Tidak ada,1,1,Tidak ada,2,1,2 - 4 jam,2 - 4 jam,2 - 4 jam,4 - 8 jam,Tidak punya komputer,Tidak punya komputer,2 kali,2 kali,Tidak,Ya,Tidak,Tidak,Tidak,Tidak,Ya,<2 Jam,3-8 Jam,<2 Jam,3-8 Jam,3-8 Jam,9-12 Jam,Ya,Tidak mempunyai kendaraan listrik,< Rp. 500.000,"Maret, April, Desember",4.0
108,Iya,Rumah,4,Sejuk,1300 VA,Tidak,6-10,1,Tidak ada,1,1,Tidak ada,Tidak ada,Tidak ada,1,Tidak ada,1,Tidak ada,1,2,Tidak ada,2,Tidak ada,< 2 jam,< 2 jam,2 - 4 jam,2 - 4 jam,Tidak punya komputer,Tidak punya komputer,Tidak punya mesin cuci,2 kali,Tidak,Ya,Tidak,Tidak,Tidak,Tidak,Tidak,3-8 Jam,3-8 Jam,3-8 Jam,<2 Jam,3-8 Jam,9-12 Jam,Ya,Tidak mempunyai kendaraan listrik,< Rp. 500.000,Tidak Ada perbedaan signifikan,4.0
109,Iya,Rumah,4,Sejuk,1300 VA,Tidak,6-10,1,Tidak ada,1,Tidak ada,Tidak ada,Tidak ada,Tidak ada,1,Tidak ada,1,Tidak ada,1,2,1,2,Tidak ada,2 - 4 jam,2 - 4 jam,2 - 4 jam,2 - 4 jam,Tidak punya komputer,Tidak punya komputer,Tidak punya mesin cuci,2 kali,Ya,Ya,Tidak,Tidak,Ya,Tidak,Ya,3-8 Jam,9-12 Jam,<2 Jam,<2 Jam,9-12 Jam,9-12 Jam,Ya,1-2 Jam,Rp. 500.000 - Rp. 1.000.000,Tidak Ada perbedaan signifikan,4.0
110,Iya,Rumah,5,Sejuk,1300 VA,Ya,10-15,1,Tidak ada,1,1,Tidak ada,Tidak ada,Tidak ada,1,Tidak ada,1,Tidak ada,1,2,1,2,1,2 - 4 jam,< 2 jam,2 - 4 jam,4 - 8 jam,Tidak punya komputer,Tidak punya komputer,1 kali,2 kali,Ya,Ya,Tidak,Tidak,Ya,Tidak,Ya,3-8 Jam,9-12 Jam,<2 Jam,<2 Jam,9-12 Jam,9-12 Jam,Ya,1-2 Jam,Rp. 500.000 - Rp. 1.000.000,Tidak Ada perbedaan signifikan,4.0
111,Iya,Rumah,5,Sejuk,1300 VA,Tidak,6-10,1,1,1,1,Tidak ada,Tidak ada,Tidak ada,1,Tidak ada,1,Tidak ada,1,2,1,3,1,2 - 4 jam,2 - 4 jam,2 - 4 jam,4 - 8 jam,Tidak punya komputer,Tidak punya komputer,1 kali,2 kali,Ya,Ya,Tidak,Tidak,Tidak,Tidak,Tidak,<2 Jam,3-8 Jam,<2 Jam,<2 Jam,3-8 Jam,3-8 Jam,Ya,1-2 Jam,Rp. 500.000 - Rp. 1.000.000,Tidak Ada perbedaan signifikan,4.0
112,Iya,Rumah,4,Sejuk,900 VA,Tidak,6-10,1,Tidak ada,1,Tidak ada,Tidak ada,Tidak ada,Tidak ada,1,Tidak ada,1,Tidak ada,1,Tidak ada,1,3,Tidak ada,2 - 4 jam,4 - 8 jam,2 - 4 jam,4 - 8 jam,Tidak punya komputer,Tidak punya komputer,Tidak punya mesin cuci,2 kali,Tidak,Ya,Tidak,Tidak,Tidak,Tidak,Tidak,<2 Jam,3-8 Jam,<2 Jam,3-8 Jam,3-8 Jam,9-12 Jam,Ya,1-2 Jam,< Rp. 500.000,Tidak Ada perbedaan signifikan,4.0
113,Iya,Rumah,> 5,Sejuk,> 2200 VA,Tidak,16-20,1,1,1,1,1,1,1,1,Tidak ada,2,3,1,4,1,3,1,2 - 4 jam,4 - 8 jam,4 - 8 jam,4 - 8 jam,8 - 12 jam,8 - 12 jam,3 kali,2 kali,Tidak,Ya,Tidak,Tidak,Ya,Tidak,Ya,3-8 Jam,9-12 Jam,3-8 Jam,3-8 Jam,9-12 Jam,9-12 Jam,Ya,1-2 Jam,Rp. 1.500.001 - Rp 2.000.000,Tidak Ada perbedaan signifikan,4.0
114,Iya,Rumah,> 5,Sejuk,1300 VA,Tidak,10-15,1,Tidak ada,1,1,1,Tidak ada,Tidak ada,1,Tidak ada,1,Tidak ada,1,Tidak ada,1,4,1,2 - 4 jam,4 - 8 jam,2 - 4 jam,4 - 8 jam,Tidak punya komputer,Tidak punya komputer,2 kali,2 kali,Tidak,Ya,Tidak,Tidak,Tidak,Tidak,Ya,3-8 Jam,9-12 Jam,<2 Jam,3-8 Jam,3-8 Jam,9-12 Jam,Ya,Tidak mempunyai kendaraan listrik,< Rp. 500.000,Tidak Ada perbedaan signifikan,4.0
115,Iya,Rumah,5,Sejuk,2200 VA,Tidak,16-20,1,Tidak ada,1,1,1,1,1,1,Tidak ada,2,1,1,4,Tidak ada,2,1,2 - 4 jam,8 - 12 jam,4 - 8 jam,4 - 8 jam,2 - 4 jam,8 - 12 jam,3 kali,2 kali,Tidak,Ya,Tidak,Tidak,Tidak,Tidak,Ya,3-8 Jam,9-12 Jam,<2 Jam,3-8 Jam,9-12 Jam,9-12 Jam,Ya,Tidak mempunyai kendaraan listrik,Rp. 1.000.001 - Rp 1.500.000,Tidak Ada perbedaan signifikan,4.0
116,Iya,Rumah,2,Panas,1300 VA,Ya,10-15,1,Tidak ada,1,1,Tidak ada,Tidak ada,Tidak ada,1,Tidak ada,1,Tidak ada,1,2,Tidak ada,1,1,< 2 jam,< 2 jam,4 - 8 jam,2 - 4 jam,Tidak punya komputer,Tidak punya komputer,1 kali,1 kali,Tidak,Ya,Tidak,Tidak,Ya,Tidak,Ya,9-12 Jam,> 12 Jam,<2 Jam,<2 Jam,> 12 Jam,3-8 Jam,TIdak,Tidak mempunyai kendaraan listrik,Rp. 1.000.001 - Rp 1.500.000,Tidak Ada perbedaan signifikan,4.0
117,Iya,Rumah,5,Sejuk,1300 VA,Tidak,16-20,1,Tidak ada,1,Tidak ada,1,1,1,Tidak ada,Tidak ada,2,2,1,2,Tidak ada,1,1,> 8 jam,> 12 jam,> 8 jam,> 12 jam,> 12 jam,> 12 jam,> 4 Kali,1 kali,Tidak,Ya,Tidak,Tidak,Tidak,Tidak,Tidak,3-8 Jam,<2 Jam,9-12 Jam,9-12 Jam,9-12 Jam,3-8 Jam,Ya,Tidak mempunyai kendaraan listrik,Rp. 1.500.001 - Rp 2.000.000,Tidak Ada perbedaan signifikan,3.0
118,Iya,Rumah,> 5,Sejuk,1300 VA,Ya,10-15,1,1,1,1,1,1,1,Tidak ada,Tidak ada,2,1,1,3,Tidak ada,3,Tidak ada,< 2 jam,< 2 jam,> 8 jam,> 12 jam,4 - 8 jam,4 - 8 jam,> 4 Kali,> 4 kali,Tidak,Ya,Tidak,Tidak,Tidak,Tidak,Tidak,<2 Jam,<2 Jam,<2 Jam,<2 Jam,<2 Jam,9-12 Jam,Ya,Tidak mempunyai kendaraan listrik,Rp. 1.000.001 - Rp 1.500.000,Tidak Ada perbedaan signifikan,4.0
119,Iya,Rumah,5,Sejuk,1300 VA,Tidak,10-15,1,Tidak ada,1,1,Tidak ada,Tidak ada,Tidak ada,1,Tidak ada,1,Tidak ada,1,1,1,3,Tidak ada,2 - 4 jam,2 - 4 jam,4 - 8 jam,8 - 12 jam,Tidak punya komputer,Tidak punya komputer,Tidak punya mesin cuci,3 kali,Tidak,Ya,Tidak,Tidak,Tidak,Tidak,Ya,3-8 Jam,9-12 Jam,<2 Jam,3-8 Jam,3-8 Jam,9-12 Jam,Ya,Tidak mempunyai kendaraan listrik,Rp. 500.000 - Rp. 1.000.000,Tidak Ada perbedaan signifikan,4.0
120,Iya,Rumah,> 5,Sejuk,2200 VA,Tidak,16-20,1,1,1,1,1,Tidak ada,Tidak ada,1,Tidak ada,2,Tidak ada,1,3,Tidak ada,3,1,2 - 4 jam,2 - 4 jam,2 - 4 jam,8 - 12 jam,4 - 8 jam,Tidak punya komputer,3 kali,2 kali,Ya,Ya,Tidak,Tidak,Tidak,Tidak,Ya,3-8 Jam,9-12 Jam,3-8 Jam,3-8 Jam,3-8 Jam,9-12 Jam,Ya,Tidak mempunyai kendaraan listrik,Rp. 500.000 - Rp. 1.000.000,Tidak Ada perbedaan signifikan,4.0
121,Iya,Rumah,4,Sejuk,1300 VA,Tidak,6-10,1,Tidak ada,1,1,Tidak ada,Tidak ada,Tidak ada,1,Tidak ada,1,Tidak ada,1,1,Tidak ada,2,1,2 - 4 jam,2 - 4 jam,4 - 8 jam,8 - 12 jam,Tidak punya komputer,Tidak punya komputer,2 kali,2 kali,Ya,Ya,Tidak,Tidak,Tidak,Tidak,Ya,<2 Jam,9-12 Jam,3-8 Jam,3-8 Jam,3-8 Jam,9-12 Jam,Ya,Tidak mempunyai kendaraan listrik,< Rp. 500.000,"April, Mei, Juli, Desember",4.0
122,Iya,Rumah,4,Sejuk,900 VA,Tidak,6-10,1,Tidak ada,1,Tidak ada,Tidak ada,Tidak ada,Tidak ada,Tidak ada,Tidak ada,1,Tidak ada,1,Tidak ada,1,Tidak ada,1,2 - 4 jam,2 - 4 jam,4 - 8 jam,8 - 12 jam,Tidak punya komputer,Tidak punya komputer,3 kali,3 kali,Ya,Ya,Tidak,Tidak,Tidak,Ya,Tidak,3-8 Jam,<2 Jam,3-8 Jam,3-8 Jam,<2 Jam,3-8 Jam,TIdak,>4 Jam,< Rp. 500.000,"Juni, Juli, Agustus",4.0
123,Iya,Rumah,4,Sejuk,1300 VA,Ya,10-15,1,Tidak ada,1,1,Tidak ada,1,Tidak ada,1,Tidak ada,1,Tidak ada,1,1,1,2,1,< 2 jam,2 - 4 jam,2 - 4 jam,4 - 8 jam,Tidak punya komputer,Tidak punya komputer,3 kali,2 kali,Ya,Ya,Tidak,Tidak,Tidak,Tidak,Ya,<2 Jam,9-12 Jam,3-8 Jam,3-8 Jam,3-8 Jam,9-12 Jam,Ya,1-2 Jam,Rp. 500.000 - Rp. 1.000.000,"Februari, Maret, April, Juni, Juli, Desember",4.0
124,Iya,Rumah,> 5,Sejuk,2200 VA,Tidak,10-15,1,Tidak ada,1,1,Tidak ada,Tidak ada,Tidak ada,1,Tidak ada,1,Tidak ada,1,2,1,1,Tidak ada,2 - 4 jam,2 - 4 jam,2 - 4 jam,4 - 8 jam,Tidak punya komputer,Tidak punya komputer,Tidak punya mesin cuci,2 kali,Tidak,Ya,Tidak,Tidak,Ya,Tidak,Ya,3-8 Jam,9-12 Jam,<2 Jam,3-8 Jam,9-12 Jam,9-12 Jam,Ya,1-2 Jam,< Rp. 500.000,Tidak Ada perbedaan signifikan,4.0
125,Iya,Rumah,3,Sejuk,1300 VA,Tidak,10-15,1,Tidak ada,1,1,Tidak ada,Tidak ada,Tidak ada,1,Tidak ada,1,1,1,2,Tidak ada,2,1,2 - 4 jam,2 - 4 jam,4 - 8 jam,8 - 12 jam,Tidak punya komputer,Tidak punya komputer,2 kali,2 kali,Ya,Ya,Tidak,Tidak,Tidak,Ya,Ya,9-12 Jam,3-8 Jam,3-8 Jam,3-8 Jam,3-8 Jam,9-12 Jam,Ya,Tidak mempunyai kendaraan listrik,Rp. 500.000 - Rp. 1.000.000,Tidak Ada perbedaan signifikan,4.0
126,Iya,Rumah,5,Sejuk,1300 VA,Ya,10-15,1,Tidak ada,1,Tidak ada,Tidak ada,Tidak ada,Tidak ada,1,Tidak ada,1,Tidak ada,1,2,Tidak ada,2,1,< 2 jam,2 - 4 jam,4 - 8 jam,4 - 8 jam,Tidak punya komputer,Tidak punya komputer,2 kali,2 kali,Ya,Ya,Tidak,Tidak,Ya,Tidak,Tidak,3-8 Jam,3-8 Jam,3-8 Jam,3-8 Jam,9-12 Jam,9-12 Jam,Ya,Tidak mempunyai kendaraan listrik,Rp. 500.000 - Rp. 1.000.000,Tidak Ada perbedaan signifikan,4.0
127,Iya,Rumah,5,Sejuk,1300 VA,Tidak,10-15,1,Tidak ada,1,1,Tidak ada,1,Tidak ada,1,Tidak ada,1,Tidak ada,1,1,1,3,1,2 - 4 jam,2 - 4 jam,2 - 4 jam,8 - 12 jam,Tidak punya komputer,Tidak punya komputer,2 kali,2 kali,Ya,Ya,Tidak,Tidak,Tidak,Tidak,Ya,3-8 Jam,9-12 Jam,<2 Jam,3-8 Jam,3-8 Jam,9-12 Jam,Ya,1-2 Jam,Rp. 500.000 - Rp. 1.000.000,Tidak Ada perbedaan signifikan,4.0
128,Iya,Rumah,3,Sejuk,1300 VA,Ya,10-15,1,1,1,1,Tidak ada,Tidak ada,Tidak ada,1,Tidak ada,1,Tidak ada,1,1,1,1,1,< 2 jam,2 - 4 jam,4 - 8 jam,8 - 12 jam,Tidak punya komputer,Tidak punya komputer,1 kali,2 kali,Ya,Ya,Tidak,Tidak,Ya,Tidak,Ya,3-8 Jam,9-12 Jam,3-8 Jam,3-8 Jam,9-12 Jam,9-12 Jam,Ya,1-2 Jam,Rp. 500.000 - Rp. 1.000.000,Tidak Ada perbedaan signifikan,4.0
129,Iya,Rumah,4,Sejuk,900 VA,Tidak,10-15,1,1,1,1,Tidak ada,Tidak ada,Tidak ada,1,Tidak ada,1,Tidak ada,1,Tidak ada,Tidak ada,4,Tidak ada,2 - 4 jam,2 - 4 jam,2 - 4 jam,4 - 8 jam,Tidak punya komputer,Tidak punya komputer,Tidak punya mesin cuci,3 kali,Ya,Ya,Tidak,Tidak,Tidak,Ya,Ya,9-12 Jam,9-12 Jam,<2 Jam,3-8 Jam,3-8 Jam,9-12 Jam,Ya,Tidak mempunyai kendaraan listrik,< Rp. 500.000,"Juni, Juli, Desember",4.0
130,Iya,Rumah,4,Sejuk,900 VA,Tidak,10-15,1,Tidak ada,1,Tidak ada,Tidak ada,Tidak ada,Tidak ada,1,Tidak ada,1,Tidak ada,1,1,Tidak ada,2,Tidak ada,2 - 4 jam,4 - 8 jam,2 - 4 jam,4 - 8 jam,Tidak punya komputer,Tidak punya komputer,Tidak punya mesin cuci,2 kali,Tidak,Ya,Tidak,Tidak,Tidak,Tidak,Tidak,3-8 Jam,3-8 Jam,3-8 Jam,3-8 Jam,3-8 Jam,> 12 Jam,Ya,Tidak mempunyai kendaraan listrik,< Rp. 500.000,Tidak Ada perbedaan signifikan,4.0
131,Iya,Rumah,4,Sejuk,1300 VA,Tidak,6-10,1,Tidak ada,1,1,1,Tidak ada,Tidak ada,1,1,1,Tidak ada,1,1,1,3,1,2 - 4 jam,2 - 4 jam,4 - 8 jam,8 - 12 jam,Tidak punya komputer,Tidak punya komputer,2 kali,3 kali,Ya,Ya,Tidak,Tidak,Ya,Tidak,Ya,3-8 Jam,9-12 Jam,<2 Jam,3-8 Jam,> 12 Jam,> 12 Jam,Ya,1-2 Jam,< Rp. 500.000,Tidak Ada perbedaan signifikan,4.0
132,Iya,Rumah,3,Sejuk,1300 VA,Tidak,10-15,1,1,1,Tidak ada,Tidak ada,Tidak ada,Tidak ada,1,Tidak ada,1,Tidak ada,1,2,1,2,Tidak ada,< 2 jam,4 - 8 jam,4 - 8 jam,8 - 12 jam,Tidak punya komputer,Tidak punya komputer,Tidak punya mesin cuci,2 kali,Ya,Ya,Tidak,Tidak,Ya,Tidak,Ya,3-8 Jam,9-12 Jam,<2 Jam,<2 Jam,9-12 Jam,> 12 Jam,Ya,1-2 Jam,Rp. 500.000 - Rp. 1.000.000,Tidak Ada perbedaan signifikan,4.0
133,Iya,Rumah,3,Sejuk,1300 VA,Tidak,10-15,1,1,1,1,Tidak ada,Tidak ada,Tidak ada,1,Tidak ada,1,Tidak ada,1,2,1,2,Tidak ada,4 - 8 jam,4 - 8 jam,4 - 8 jam,8 - 12 jam,Tidak punya komputer,Tidak punya komputer,Tidak punya mesin cuci,3 kali,Tidak,Ya,Tidak,Tidak,Tidak,Tidak,Tidak,3-8 Jam,3-8 Jam,3-8 Jam,3-8 Jam,3-8 Jam,> 12 Jam,Ya,1-2 Jam,Rp. 500.000 - Rp. 1.000.000,Tidak Ada perbedaan signifikan,4.0
134,Iya,Rumah,5,Sejuk,1300 VA,Tidak,10-15,1,1,1,1,Tidak ada,Tidak ada,Tidak ada,1,1,1,Tidak ada,1,2,1,2,1,2 - 4 jam,2 - 4 jam,2 - 4 jam,8 - 12 jam,Tidak punya komputer,Tidak punya komputer,3 kali,2 kali,Ya,Ya,Tidak,Tidak,Tidak,Ya,Ya,9-12 Jam,9-12 Jam,3-8 Jam,<2 Jam,3-8 Jam,> 12 Jam,Ya,1-2 Jam,Rp. 500.000 - Rp. 1.000.000,"April, Mei, Juli, Desember",4.0
135,Iya,Rumah,3,Sejuk,1300 VA,Tidak,10-15,1,1,1,1,Tidak ada,Tidak ada,Tidak ada,1,Tidak ada,1,Tidak ada,1,1,1,2,1,2 - 4 jam,2 - 4 jam,2 - 4 jam,8 - 12 jam,Tidak punya komputer,Tidak punya komputer,3 kali,2 kali,Ya,Ya,Tidak,Tidak,Tidak,Tidak,Tidak,3-8 Jam,3-8 Jam,<2 Jam,3-8 Jam,3-8 Jam,> 12 Jam,Ya,1-2 Jam,Rp. 500.000 - Rp. 1.000.000,Tidak Ada perbedaan signifikan,4.0
136,Iya,Rumah,3,Sejuk,900 VA,Tidak,6-10,1,Tidak ada,1,1,Tidak ada,Tidak ada,Tidak ada,1,Tidak ada,1,Tidak ada,1,Tidak ada,Tidak ada,4,1,2 - 4 jam,2 - 4 jam,4 - 8 jam,4 - 8 jam,Tidak punya komputer,Tidak punya komputer,2 kali,2 kali,Ya,Ya,Tidak,Tidak,Tidak,Tidak,Ya,<2 Jam,9-12 Jam,<2 Jam,3-8 Jam,3-8 Jam,9-12 Jam,Ya,Tidak mempunyai kendaraan listrik,< Rp. 500.000,Tidak Ada perbedaan signifikan,4.0
137,Iya,Rumah,3,Sejuk,900 VA,Tidak,6-10,1,Tidak ada,1,1,Tidak ada,Tidak ada,Tidak ada,1,Tidak ada,1,Tidak ada,1,Tidak ada,Tidak ada,3,1,2 - 4 jam,< 2 jam,2 - 4 jam,4 - 8 jam,Tidak punya komputer,Tidak punya komputer,2 kali,2 kali,Tidak,Ya,Tidak,Tidak,Ya,Tidak,Tidak,3-8 Jam,3-8 Jam,<2 Jam,3-8 Jam,9-12 Jam,9-12 Jam,Ya,Tidak mempunyai kendaraan listrik,< Rp. 500.000,Tidak Ada perbedaan signifikan,4.0
138,Iya,Rumah,3,Sejuk,900 VA,Tidak,10-15,1,Tidak ada,1,Tidak ada,Tidak ada,Tidak ada,Tidak ada,1,Tidak ada,1,Tidak ada,1,Tidak ada,1,4,Tidak ada,2 - 4 jam,4 - 8 jam,4 - 8 jam,4 - 8 jam,Tidak punya komputer,Tidak punya komputer,Tidak punya mesin cuci,3 kali,Ya,Ya,Tidak,Tidak,Ya,Tidak,Ya,3-8 Jam,9-12 Jam,<2 Jam,<2 Jam,9-12 Jam,9-12 Jam,Ya,1-2 Jam,< Rp. 500.000,Tidak Ada perbedaan signifikan,4.0
139,Iya,Rumah,4,Sejuk,2200 VA,Tidak,10-15,1,1,1,1,Tidak ada,1,1,Tidak ada,1,1,Tidak ada,1,1,1,1,1,4 - 8 jam,8 - 12 jam,> 8 jam,> 12 jam,8 - 12 jam,2 - 4 jam,3 kali,2 kali,Tidak,Tidak,Ya,Ya,Ya,Tidak,Ya,> 12 Jam,> 12 Jam,> 12 Jam,> 12 Jam,> 12 Jam,3-8 Jam,Ya,3-4 Jam,Rp. 1.000.001 - Rp 1.500.000,Tidak Ada perbedaan signifikan,1.0
140,Iya,Rumah,4,Panas,> 2200 VA,Tidak,lebih dari 20,1,1,1,Tidak ada,Tidak ada,Tidak ada,Tidak ada,1,Tidak ada,3,Tidak ada,1,4,1,3,1,2 - 4 jam,4 - 8 jam,4 - 8 jam,8 - 12 jam,Tidak punya komputer,Tidak punya komputer,> 4 Kali,4 kali,Tidak,Ya,Tidak,Tidak,Tidak,Tidak,Tidak,3-8 Jam,3-8 Jam,3-8 Jam,3-8 Jam,9-12 Jam,> 12 Jam,TIdak,>4 Jam,Rp. 1.000.001 - Rp 1.500.000,Tidak Ada perbedaan signifikan,3.0
141,Iya,Rumah,> 5,Panas,> 2200 VA,Tidak,lebih dari 20,1,1,1,Tidak ada,Tidak ada,Tidak ada,2,1,Tidak ada,lebih dari 5,2,1,lebih dari 5,2,lebih dari 5,1,4 - 8 jam,> 12 jam,> 8 jam,> 12 jam,4 - 8 jam,4 - 8 jam,> 4 Kali,> 4 kali,Ya,Ya,Tidak,Ya,Ya,Tidak,Tidak,3-8 Jam,9-12 Jam,3-8 Jam,9-12 Jam,9-12 Jam,> 12 Jam,TIdak,>4 Jam,Rp. 1.500.001 - Rp 2.000.000,"Juli, Agustus, September, Oktober",2.0
142,Iya,Rumah,5,Panas,> 2200 VA,Ya,lebih dari 20,1,1,1,Tidak ada,Tidak ada,Tidak ada,2,1,Tidak ada,5,2,1,lebih dari 5,1,5,1,2 - 4 jam,4 - 8 jam,> 8 jam,> 12 jam,4 - 8 jam,4 - 8 jam,> 4 Kali,> 4 kali,Ya,Ya,Tidak,Tidak,Tidak,Ya,Tidak,9-12 Jam,<2 Jam,3-8 Jam,3-8 Jam,3-8 Jam,> 12 Jam,TIdak,>4 Jam,Rp. 1.000.001 - Rp 1.500.000,Tidak Ada perbedaan signifikan,1.0
143,Iya,Kos,1,Sejuk,450 VA,Tidak,1-5,1,Tidak ada,Tidak ada,Tidak ada,Tidak ada,Tidak ada,1,Tidak ada,Tidak ada,Tidak ada,Tidak ada,Tidak ada,1,Tidak ada,1,Tidak ada,Tidak punya TV,Tidak punya TV,> 8 jam,> 12 jam,8 - 12 jam,8 - 12 jam,Tidak punya mesin cuci,3 kali,Ya,Ya,Tidak,Tidak,Ya,Ya,Ya,> 12 Jam,> 12 Jam,<2 Jam,<2 Jam,> 12 Jam,9-12 Jam,Ya,Tidak mempunyai kendaraan listrik,< Rp. 500.000,Tidak Ada perbedaan signifikan,3.0
144,Iya,Rumah,5,Sejuk,2200 VA,Tidak,16-20,1,1,1,Tidak ada,1,1,1,1,Tidak ada,2,2,1,3,Tidak ada,2,1,2 - 4 jam,2 - 4 jam,4 - 8 jam,8 - 12 jam,2 - 4 jam,2 - 4 jam,3 kali,2 kali,Ya,Ya,Tidak,Tidak,Tidak,Tidak,Ya,3-8 Jam,9-12 Jam,<2 Jam,3-8 Jam,3-8 Jam,9-12 Jam,Ya,Tidak mempunyai kendaraan listrik,Rp. 1.000.001 - Rp 1.500.000,Tidak Ada perbedaan signifikan,4.0
145,Iya,Rumah,4,Sejuk,1300 VA,Tidak,10-15,1,Tidak ada,1,1,Tidak ada,Tidak ada,Tidak ada,1,Tidak ada,1,Tidak ada,1,2,Tidak ada,2,1,2 - 4 jam,2 - 4 jam,4 - 8 jam,8 - 12 jam,Tidak punya komputer,Tidak punya komputer,1 kali,2 kali,Ya,Ya,Tidak,Tidak,Ya,Tidak,Tidak,3-8 Jam,3-8 Jam,<2 Jam,<2 Jam,9-12 Jam,9-12 Jam,Ya,Tidak mempunyai kendaraan listrik,Rp. 500.000 - Rp. 1.000.000,Tidak Ada perbedaan signifikan,4.0
146,Iya,Rumah,5,Sejuk,1300 VA,Ya,10-15,1,Tidak ada,1,1,Tidak ada,Tidak ada,1,1,Tidak ada,1,1,1,1,Tidak ada,3,1,2 - 4 jam,2 - 4 jam,4 - 8 jam,4 - 8 jam,< 2 jam,2 - 4 jam,2 kali,2 kali,Ya,Ya,Tidak,Tidak,Tidak,Tidak,Ya,3-8 Jam,9-12 Jam,<2 Jam,3-8 Jam,3-8 Jam,9-12 Jam,Ya,Tidak mempunyai kendaraan listrik,Rp. 500.000 - Rp. 1.000.000,Tidak Ada perbedaan signifikan,4.0
147,Iya,Rumah,4,Sejuk,2200 VA,Tidak,10-15,1,Tidak ada,1,1,1,1,1,1,Tidak ada,2,1,1,4,Tidak ada,2,1,< 2 jam,2 - 4 jam,4 - 8 jam,8 - 12 jam,2 - 4 jam,4 - 8 jam,2 kali,2 kali,Ya,Ya,Tidak,Tidak,Ya,Tidak,Ya,3-8 Jam,9-12 Jam,3-8 Jam,<2 Jam,9-12 Jam,> 12 Jam,Ya,Tidak mempunyai kendaraan listrik,Rp. 1.000.001 - Rp 1.500.000,"April, Juni, Juli, Desember",4.0
148,Iya,Rumah,5,Sejuk,2200 VA,Ya,16-20,1,1,1,1,Tidak ada,Tidak ada,1,1,Tidak ada,2,1,1,4,Tidak ada,3,1,2 - 4 jam,2 - 4 jam,4 - 8 jam,8 - 12 jam,2 - 4 jam,4 - 8 jam,2 kali,2 kali,Ya,Ya,Tidak,Tidak,Ya,Tidak,Ya,3-8 Jam,9-12 Jam,3-8 Jam,3-8 Jam,9-12 Jam,9-12 Jam,Ya,Tidak mempunyai kendaraan listrik,Rp. 1.000.001 - Rp 1.500.000,Tidak Ada perbedaan signifikan,4.0
149,Iya,Rumah,> 5,Panas,1300 VA,Tidak,10-15,1,Tidak ada,1,Tidak ada,Tidak ada,Tidak ada,1,1,Tidak ada,1,1,1,1,Tidak ada,5,1,2 - 4 jam,4 - 8 jam,4 - 8 jam,8 - 12 jam,2 - 4 jam,4 - 8 jam,3 kali,3 kali,Tidak,Ya,Tidak,Tidak,Tidak,Tidak,Tidak,3-8 Jam,<2 Jam,3-8 Jam,3-8 Jam,3-8 Jam,3-8 Jam,Ya,Tidak mempunyai kendaraan listrik,< Rp. 500.000,Tidak Ada perbedaan signifikan,4.0
150,Iya,Rumah,5,Panas,1300 VA,Tidak,6-10,1,Tidak ada,1,Tidak ada,1,Tidak ada,1,1,Tidak ada,1,1,1,Tidak ada,Tidak ada,2,1,4 - 8 jam,4 - 8 jam,4 - 8 jam,8 - 12 jam,2 - 4 jam,2 - 4 jam,3 kali,2 kali,Tidak,Ya,Tidak,Tidak,Tidak,Tidak,Ya,3-8 Jam,> 12 Jam,3-8 Jam,<2 Jam,9-12 Jam,9-12 Jam,TIdak,Tidak mempunyai kendaraan listrik,Rp. 500.000 - Rp. 1.000.000,"Juni, Agustus, Oktober, Desember",2.0
151,Iya,Rumah,3,Sejuk,1300 VA,Ya,6-10,1,Tidak ada,1,1,Tidak ada,Tidak ada,1,1,Tidak ada,1,1,1,1,Tidak ada,2,1,2 - 4 jam,2 - 4 jam,4 - 8 jam,2 - 4 jam,2 - 4 jam,2 - 4 jam,2 kali,3 kali,Tidak,Ya,Tidak,Tidak,Ya,Tidak,Ya,3-8 Jam,9-12 Jam,<2 Jam,<2 Jam,9-12 Jam,> 12 Jam,Ya,Tidak mempunyai kendaraan listrik,Rp. 500.000 - Rp. 1.000.000,Tidak Ada perbedaan signifikan,4.0
152,Iya,Rumah,> 5,Sejuk,2200 VA,Tidak,16-20,1,1,1,1,Tidak ada,1,1,1,Tidak ada,1,1,1,4,Tidak ada,1,1,< 2 jam,2 - 4 jam,2 - 4 jam,8 - 12 jam,2 - 4 jam,2 - 4 jam,3 kali,2 kali,Tidak,Ya,Tidak,Tidak,Ya,Tidak,Ya,3-8 Jam,9-12 Jam,<2 Jam,3-8 Jam,9-12 Jam,> 12 Jam,Ya,Tidak mempunyai kendaraan listrik,Rp. 1.000.001 - Rp 1.500.000,Tidak Ada perbedaan signifikan,4.0
153,Iya,Rumah,4,Sejuk,2200 VA,Tidak,10-15,1,Tidak ada,1,1,1,1,1,1,Tidak ada,1,2,1,3,Tidak ada,2,1,2 - 4 jam,2 - 4 jam,4 - 8 jam,8 - 12 jam,2 - 4 jam,4 - 8 jam,3 kali,2 kali,Ya,Ya,Tidak,Tidak,Tidak,Tidak,Ya,3-8 Jam,9-12 Jam,3-8 Jam,3-8 Jam,3-8 Jam,9-12 Jam,Ya,Tidak mempunyai kendaraan listrik,Rp. 1.000.001 - Rp 1.500.000,Tidak Ada perbedaan signifikan,4.0
154,Iya,Rumah,4,Sejuk,2200 VA,Tidak,10-15,1,1,1,2,1,1,Tidak ada,1,Tidak ada,2,Tidak ada,1,4,1,1,1,2 - 4 jam,2 - 4 jam,4 - 8 jam,4 - 8 jam,Tidak punya komputer,Tidak punya komputer,3 kali,2 kali,Tidak,Ya,Tidak,Tidak,Tidak,Tidak,Ya,3-8 Jam,3-8 Jam,3-8 Jam,3-8 Jam,9-12 Jam,> 12 Jam,Ya,Tidak mempunyai kendaraan listrik,Rp. 1.000.001 - Rp 1.500.000,"April, Agustus, September, Desember",4.0
155,Iya,Rumah,5,Sejuk,1300 VA,Ya,6-10,1,Tidak ada,1,1,1,Tidak ada,Tidak ada,1,Tidak ada,1,1,1,2,Tidak ada,1,1,< 2 jam,2 - 4 jam,2 - 4 jam,2 - 4 jam,Tidak punya komputer,Tidak punya komputer,2 kali,2 kali,Ya,Ya,Tidak,Tidak,Ya,Tidak,Ya,3-8 Jam,9-12 Jam,3-8 Jam,3-8 Jam,9-12 Jam,> 12 Jam,Ya,Tidak mempunyai kendaraan listrik,Rp. 500.000 - Rp. 1.000.000,Tidak Ada perbedaan signifikan,4.0
156,Iya,Rumah,4,Panas,900 VA,Tidak,6-10,1,Tidak ada,1,Tidak ada,Tidak ada,Tidak ada,1,Tidak ada,Tidak ada,1,Tidak ada,1,1,Tidak ada,2,1,2 - 4 jam,4 - 8 jam,> 8 jam,> 12 jam,> 12 jam,2 - 4 jam,3 kali,2 kali,Tidak,Ya,Tidak,Tidak,Ya,Tidak,Tidak,3-8 Jam,3-8 Jam,3-8 Jam,3-8 Jam,3-8 Jam,3-8 Jam,Ya,Tidak mempunyai kendaraan listrik,Rp. 500.000 - Rp. 1.000.000,Tidak Ada perbedaan signifikan,4.0
157,Iya,Rumah,4,Sejuk,2200 VA,Tidak,16-20,1,1,1,1,1,Tidak ada,3,Tidak ada,Tidak ada,1,Tidak ada,1,3,Tidak ada,1,1,2 - 4 jam,2 - 4 jam,> 8 jam,8 - 12 jam,2 - 4 jam,< 2 jam,4 kali,2 kali,Tidak,Ya,Tidak,Tidak,Tidak,Tidak,Tidak,3-8 Jam,<2 Jam,<2 Jam,3-8 Jam,<2 Jam,3-8 Jam,Ya,Tidak mempunyai kendaraan listrik,Rp. 1.000.001 - Rp 1.500.000,Tidak Ada perbedaan signifikan,4.0
158,Iya,Rumah,5,Panas,> 2200 VA,Tidak,16-20,1,Tidak ada,1,1,Tidak ada,Tidak ada,Tidak ada,Tidak ada,Tidak ada,1,Tidak ada,1,3,Tidak ada,Tidak ada,1,< 2 jam,< 2 jam,4 - 8 jam,8 - 12 jam,Tidak punya komputer,Tidak punya komputer,3 kali,3 kali,Tidak,Ya,Tidak,Tidak,Tidak,Tidak,Tidak,3-8 Jam,<2 Jam,<2 Jam,3-8 Jam,3-8 Jam,3-8 Jam,Ya,Tidak mempunyai kendaraan listrik,> Rp 2.000.000,Juni,4.0
159,Iya,Rumah,> 5,Panas,1300 VA,Tidak,6-10,1,Tidak ada,1,Tidak ada,1,Tidak ada,Tidak ada,Tidak ada,Tidak ada,1,Tidak ada,1,3,Tidak ada,3,1,2 - 4 jam,4 - 8 jam,4 - 8 jam,8 - 12 jam,Tidak punya komputer,Tidak punya komputer,> 4 Kali,2 kali,Tidak,Ya,Tidak,Tidak,Tidak,Tidak,Tidak,3-8 Jam,3-8 Jam,<2 Jam,3-8 Jam,3-8 Jam,3-8 Jam,Ya,Tidak mempunyai kendaraan listrik,Rp. 500.000 - Rp. 1.000.000,"Maret, April, Juni, Juli, Oktober, November",4.0
160,Iya,Rumah,4,Sejuk,2200 VA,Tidak,6-10,1,Tidak ada,1,1,1,Tidak ada,Tidak ada,Tidak ada,Tidak ada,1,Tidak ada,1,3,Tidak ada,2,1,< 2 jam,2 - 4 jam,4 - 8 jam,2 - 4 jam,Tidak punya komputer,Tidak punya komputer,3 kali,2 kali,Ya,Ya,Tidak,Tidak,Tidak,Ya,Tidak,9-12 Jam,<2 Jam,<2 Jam,3-8 Jam,3-8 Jam,9-12 Jam,Ya,Tidak mempunyai kendaraan listrik,Rp. 500.000 - Rp. 1.000.000,"Juni, Juli, Agustus",4.0
161,Iya,Rumah,5,Panas,2200 VA,Tidak,16-20,1,Tidak ada,Tidak ada,Tidak ada,Tidak ada,Tidak ada,1,1,Tidak ada,3,1,1,4,Tidak ada,4,1,2 - 4 jam,2 - 4 jam,> 8 jam,> 12 jam,2 - 4 jam,2 - 4 jam,3 kali,2 kali,Tidak,Ya,Tidak,Tidak,Tidak,Tidak,Tidak,3-8 Jam,3-8 Jam,3-8 Jam,3-8 Jam,9-12 Jam,> 12 Jam,TIdak,Tidak mempunyai kendaraan listrik,Rp. 500.000 - Rp. 1.000.000,Tidak Ada perbedaan signifikan,3.0
162,Iya,Rumah,> 5,Panas,> 2200 VA,Ya,lebih dari 20,1,1,1,Tidak ada,Tidak ada,Tidak ada,Tidak ada,1,Tidak ada,4,Tidak ada,1,4,Tidak ada,4,1,2 - 4 jam,4 - 8 jam,4 - 8 jam,8 - 12 jam,Tidak punya komputer,Tidak punya komputer,> 4 Kali,> 4 kali,Ya,Ya,Tidak,Tidak,Tidak,Ya,Tidak,> 12 Jam,3-8 Jam,3-8 Jam,3-8 Jam,3-8 Jam,> 12 Jam,TIdak,Tidak mempunyai kendaraan listrik,Rp. 1.000.001 - Rp 1.500.000,"Januari, Juni, Juli, November, Desember",4.0
163,Iya,Rumah,4,Panas,2200 VA,Ya,lebih dari 20,1,1,Tidak ada,Tidak ada,Tidak ada,Tidak ada,2,1,Tidak ada,4,2,1,4,Tidak ada,4,1,2 - 4 jam,8 - 12 jam,4 - 8 jam,4 - 8 jam,2 - 4 jam,8 - 12 jam,> 4 Kali,> 4 kali,Tidak,Ya,Tidak,Tidak,Tidak,Tidak,Tidak,3-8 Jam,3-8 Jam,3-8 Jam,3-8 Jam,9-12 Jam,> 12 Jam,TIdak,Tidak mempunyai kendaraan listrik,Rp. 500.000 - Rp. 1.000.000,Tidak Ada perbedaan signifikan,2.0
164,Iya,Kontrakan,4,Sejuk,900 VA,Tidak,6-10,1,Tidak ada,Tidak ada,Tidak ada,Tidak ada,Tidak ada,1,1,Tidak ada,1,1,Tidak ada,Tidak ada,Tidak ada,2,Tidak ada,< 2 jam,2 - 4 jam,4 - 8 jam,8 - 12 jam,2 - 4 jam,2 - 4 jam,Tidak punya mesin cuci,2 kali,Tidak,Ya,Tidak,Tidak,Tidak,Tidak,Ya,3-8 Jam,9-12 Jam,<2 Jam,<2 Jam,3-8 Jam,> 12 Jam,Ya,Tidak mempunyai kendaraan listrik,< Rp. 500.000,Tidak Ada perbedaan signifikan,4.0
165,Iya,Kontrakan,3,Panas,900 VA,Tidak,6-10,1,Tidak ada,1,Tidak ada,Tidak ada,Tidak ada,Tidak ada,1,Tidak ada,1,Tidak ada,1,Tidak ada,Tidak ada,2,Tidak ada,2 - 4 jam,2 - 4 jam,2 - 4 jam,8 - 12 jam,Tidak punya komputer,Tidak punya komputer,Tidak punya mesin cuci,Tidak punya setrika,Tidak,Ya,Tidak,Tidak,Tidak,Tidak,Ya,<2 Jam,9-12 Jam,3-8 Jam,<2 Jam,3-8 Jam,> 12 Jam,Ya,Tidak mempunyai kendaraan listrik,< Rp. 500.000,Tidak Ada perbedaan signifikan,4.0
166,Iya,Rumah,3,Sejuk,1300 VA,Tidak,10-15,1,Tidak ada,Tidak ada,Tidak ada,Tidak ada,Tidak ada,Tidak ada,1,Tidak ada,1,Tidak ada,1,1,Tidak ada,2,1,< 2 jam,2 - 4 jam,2 - 4 jam,4 - 8 jam,Tidak punya komputer,Tidak punya komputer,1 kali,2 kali,Ya,Ya,Tidak,Tidak,Tidak,Tidak,Ya,<2 Jam,9-12 Jam,3-8 Jam,3-8 Jam,3-8 Jam,9-12 Jam,Ya,Tidak mempunyai kendaraan listrik,Rp. 500.000 - Rp. 1.000.000,Tidak Ada perbedaan signifikan,4.0
167,Iya,Rumah,3,Sejuk,1300 VA,Ya,6-10,1,Tidak ada,1,Tidak ada,Tidak ada,Tidak ada,Tidak ada,1,Tidak ada,1,Tidak ada,1,1,Tidak ada,2,Tidak ada,< 2 jam,2 - 4 jam,4 - 8 jam,4 - 8 jam,Tidak punya komputer,Tidak punya komputer,Tidak punya mesin cuci,2 kali,Tidak,Ya,Tidak,Tidak,Ya,Tidak,Ya,3-8 Jam,9-12 Jam,<2 Jam,3-8 Jam,9-12 Jam,9-12 Jam,Ya,Tidak mempunyai kendaraan listrik,< Rp. 500.000,Tidak Ada perbedaan signifikan,4.0
168,Iya,Rumah,1,Sejuk,1300 VA,Ya,10-15,1,Tidak ada,Tidak ada,Tidak ada,1,Tidak ada,Tidak ada,1,Tidak ada,1,Tidak ada,1,1,Tidak ada,2,Tidak ada,2 - 4 jam,2 - 4 jam,4 - 8 jam,4 - 8 jam,Tidak punya komputer,Tidak punya komputer,Tidak punya mesin cuci,2 kali,Tidak,Ya,Tidak,Tidak,Tidak,Tidak,Ya,3-8 Jam,9-12 Jam,<2 Jam,<2 Jam,3-8 Jam,9-12 Jam,Ya,Tidak mempunyai kendaraan listrik,< Rp. 500.000,Tidak Ada perbedaan signifikan,4.0
169,Iya,Rumah,5,Panas,1300 VA,Tidak,6-10,1,Tidak ada,1,Tidak ada,1,Tidak ada,Tidak ada,Tidak ada,Tidak ada,1,Tidak ada,1,2,Tidak ada,2,1,4 - 8 jam,8 - 12 jam,4 - 8 jam,4 - 8 jam,Tidak punya komputer,Tidak punya komputer,4 kali,1 kali,Tidak,Ya,Tidak,Ya,Tidak,Tidak,Tidak,<2 Jam,<2 Jam,<2 Jam,3-8 Jam,3-8 Jam,3-8 Jam,Ya,Tidak mempunyai kendaraan listrik,Rp. 500.000 - Rp. 1.000.000,Tidak Ada perbedaan signifikan,4.0
170,Iya,Kos,> 5,Sejuk,450 VA,Tidak,1-5,Tidak ada,Tidak ada,Tidak ada,Tidak ada,Tidak ada,Tidak ada,Tidak ada,Tidak ada,Tidak ada,Tidak ada,Tidak ada,Tidak ada,Tidak ada,Tidak ada,4,Tidak ada,Tidak punya TV,Tidak punya TV,> 8 jam,8 - 12 jam,Tidak punya komputer,Tidak punya komputer,Tidak punya mesin cuci,3 kali,Tidak,Tidak,Tidak,Tidak,Tidak,Tidak,Tidak,<2 Jam,<2 Jam,<2 Jam,<2 Jam,<2 Jam,<2 Jam,Ya,Tidak mempunyai kendaraan listrik,< Rp. 500.000,Tidak Ada perbedaan signifikan,4.0
171,Iya,Rumah,4,Panas,2200 VA,Ya,lebih dari 20,1,1,Tidak ada,Tidak ada,Tidak ada,Tidak ada,1,Tidak ada,Tidak ada,3,1,1,4,Tidak ada,3,1,2 - 4 jam,2 - 4 jam,4 - 8 jam,8 - 12 jam,< 2 jam,2 - 4 jam,3 kali,2 kali,Tidak,Ya,Tidak,Tidak,Tidak,Tidak,Tidak,3-8 Jam,3-8 Jam,3-8 Jam,3-8 Jam,3-8 Jam,> 12 Jam,Ya,Tidak mempunyai kendaraan listrik,Rp. 500.000 - Rp. 1.000.000,Tidak Ada perbedaan signifikan,2.0
172,Iya,Rumah,4,Panas,2200 VA,Tidak,16-20,1,Tidak ada,Tidak ada,Tidak ada,1,Tidak ada,Tidak ada,1,Tidak ada,2,Tidak ada,1,3,Tidak ada,4,1,2 - 4 jam,4 - 8 jam,4 - 8 jam,4 - 8 jam,Tidak punya komputer,Tidak punya komputer,> 4 Kali,> 4 kali,Tidak,Ya,Tidak,Tidak,Tidak,Tidak,Tidak,3-8 Jam,<2 Jam,3-8 Jam,3-8 Jam,3-8 Jam,9-12 Jam,Ya,Tidak mempunyai kendaraan listrik,Rp. 500.000 - Rp. 1.000.000,"Januari, April, Agustus, November",3.0
173,Iya,Rumah,4,Panas,2200 VA,Ya,10-15,1,Tidak ada,1,Tidak ada,1,Tidak ada,1,1,Tidak ada,2,1,2,3,Tidak ada,1,2,2 - 4 jam,2 - 4 jam,4 - 8 jam,4 - 8 jam,8 - 12 jam,8 - 12 jam,> 4 Kali,4 kali,Ya,Ya,Tidak,Tidak,Ya,Tidak,Ya,> 12 Jam,> 12 Jam,3-8 Jam,3-8 Jam,9-12 Jam,3-8 Jam,Ya,Tidak mempunyai kendaraan listrik,< Rp. 500.000,Tidak Ada perbedaan signifikan,2.0
174,Iya,Kos,1,Panas,2200 VA,Tidak,1-5,Tidak ada,Tidak ada,Tidak ada,Tidak ada,Tidak ada,Tidak ada,Tidak ada,Tidak ada,Tidak ada,Tidak ada,Tidak ada,Tidak ada,Tidak ada,Tidak ada,Tidak ada,Tidak ada,Tidak punya TV,Tidak punya TV,> 8 jam,> 12 jam,> 12 jam,> 12 jam,Tidak punya mesin cuci,Tidak punya setrika,Tidak,Ya,Ya,Ya,Ya,Ya,Ya,> 12 Jam,> 12 Jam,> 12 Jam,> 12 Jam,> 12 Jam,> 12 Jam,TIdak,Tidak mempunyai kendaraan listrik,< Rp. 500.000,Tidak Ada perbedaan signifikan,4.0
175,Iya,Rumah,5,Sejuk,450 VA,Tidak,6-10,1,Tidak ada,1,Tidak ada,1,Tidak ada,2,1,Tidak ada,1,Tidak ada,1,Tidak ada,Tidak ada,2,1,2 - 4 jam,2 - 4 jam,4 - 8 jam,4 - 8 jam,> 12 jam,2 - 4 jam,3 kali,1 kali,Ya,Ya,Tidak,Tidak,Tidak,Tidak,Tidak,9-12 Jam,<2 Jam,3-8 Jam,3-8 Jam,3-8 Jam,3-8 Jam,Ya,Tidak mempunyai kendaraan listrik,< Rp. 500.000,Tidak Ada perbedaan signifikan,4.0
176,Iya,Rumah,5,Panas,900 VA,Tidak,10-15,1,Tidak ada,1,Tidak ada,Tidak ada,Tidak ada,Tidak ada,Tidak ada,Tidak ada,Tidak ada,Tidak ada,1,1,Tidak ada,4,1,Tidak punya TV,Tidak punya TV,> 8 jam,> 12 jam,Tidak punya komputer,Tidak punya komputer,2 kali,2 kali,Tidak,Tidak,Tidak,Tidak,Tidak,Tidak,Tidak,3-8 Jam,<2 Jam,3-8 Jam,3-8 Jam,<2 Jam,3-8 Jam,TIdak,Tidak mempunyai kendaraan listrik,< Rp. 500.000,Tidak Ada perbedaan signifikan,3.0
177,Iya,Rumah,> 5,Panas,> 2200 VA,Tidak,lebih dari 20,2,Tidak ada,2,1,Tidak ada,Tidak ada,1,1,1,1,Tidak ada,2,lebih dari 5,Tidak ada,2,1,2 - 4 jam,4 - 8 jam,> 8 jam,> 12 jam,< 2 jam,< 2 jam,> 4 Kali,3 kali,Tidak,Ya,Tidak,Tidak,Ya,Tidak,Tidak,9-12 Jam,<2 Jam,3-8 Jam,3-8 Jam,3-8 Jam,9-12 Jam,TIdak,Tidak mempunyai kendaraan listrik,Rp. 1.500.001 - Rp 2.000.000,"Juni, Juli, Agustus",3.0
178,Iya,Rumah,4,Sejuk,2200 VA,Tidak,16-20,1,1,1,1,1,1,1,1,Tidak ada,1,1,1,3,Tidak ada,2,1,2 - 4 jam,2 - 4 jam,4 - 8 jam,4 - 8 jam,2 - 4 jam,4 - 8 jam,3 kali,2 kali,Ya,Ya,Tidak,Tidak,Ya,Tidak,Ya,3-8 Jam,9-12 Jam,<2 Jam,3-8 Jam,9-12 Jam,9-12 Jam,Ya,Tidak mempunyai kendaraan listrik,Rp. 500.000 - Rp. 1.000.000,Tidak Ada perbedaan signifikan,4.0
179,Iya,Rumah,5,Sejuk,> 2200 VA,Tidak,16-20,1,1,1,1,Tidak ada,Tidak ada,2,1,Tidak ada,1,2,1,4,Tidak ada,2,1,< 2 jam,2 - 4 jam,4 - 8 jam,8 - 12 jam,4 - 8 jam,4 - 8 jam,3 kali,2 kali,Tidak,Ya,Tidak,Tidak,Ya,Tidak,Ya,3-8 Jam,9-12 Jam,<2 Jam,3-8 Jam,9-12 Jam,9-12 Jam,Ya,Tidak mempunyai kendaraan listrik,Rp. 1.000.001 - Rp 1.500.000,Tidak Ada perbedaan signifikan,4.0
180,Iya,Rumah,5,Sejuk,> 2200 VA,Tidak,16-20,1,2,2,1,Tidak ada,1,2,2,Tidak ada,2,3,1,4,Tidak ada,3,1,2 - 4 jam,2 - 4 jam,> 8 jam,8 - 12 jam,2 - 4 jam,4 - 8 jam,3 kali,2 kali,Ya,Ya,Tidak,Tidak,Ya,Tidak,Ya,9-12 Jam,3-8 Jam,3-8 Jam,3-8 Jam,9-12 Jam,> 12 Jam,Ya,Tidak mempunyai kendaraan listrik,Rp. 1.500.001 - Rp 2.000.000,Tidak Ada perbedaan signifikan,4.0
181,Iya,Rumah,3,Sejuk,2200 VA,Tidak,10-15,1,1,1,1,Tidak ada,1,1,1,Tidak ada,1,3,1,2,Tidak ada,2,1,2 - 4 jam,2 - 4 jam,4 - 8 jam,8 - 12 jam,2 - 4 jam,4 - 8 jam,2 kali,2 kali,Tidak,Ya,Tidak,Tidak,Tidak,Tidak,Ya,3-8 Jam,9-12 Jam,<2 Jam,3-8 Jam,3-8 Jam,9-12 Jam,Ya,Tidak mempunyai kendaraan listrik,Rp. 500.000 - Rp. 1.000.000,Tidak Ada perbedaan signifikan,4.0
182,Iya,Rumah,4,Sejuk,1300 VA,Tidak,10-15,1,Tidak ada,1,1,Tidak ada,Tidak ada,Tidak ada,1,Tidak ada,1,Tidak ada,1,2,Tidak ada,2,1,< 2 jam,2 - 4 jam,> 8 jam,8 - 12 jam,Tidak punya komputer,Tidak punya komputer,2 kali,2 kali,Tidak,Ya,Tidak,Tidak,Tidak,Tidak,Ya,3-8 Jam,9-12 Jam,3-8 Jam,3-8 Jam,3-8 Jam,9-12 Jam,Ya,Tidak mempunyai kendaraan listrik,Rp. 500.000 - Rp. 1.000.000,Tidak Ada perbedaan signifikan,4.0
183,Iya,Rumah,4,Sejuk,1300 VA,Tidak,10-15,1,Tidak ada,1,Tidak ada,Tidak ada,Tidak ada,1,1,Tidak ada,1,1,1,2,Tidak ada,2,Tidak ada,< 2 jam,2 - 4 jam,2 - 4 jam,4 - 8 jam,2 - 4 jam,2 - 4 jam,Tidak punya mesin cuci,2 kali,Tidak,Ya,Tidak,Tidak,Tidak,Tidak,Ya,3-8 Jam,9-12 Jam,3-8 Jam,3-8 Jam,3-8 Jam,9-12 Jam,TIdak,Tidak mempunyai kendaraan listrik,Rp. 500.000 - Rp. 1.000.000,Tidak Ada perbedaan signifikan,4.0
184,Iya,Rumah,3,Sejuk,1300 VA,Tidak,10-15,1,Tidak ada,1,1,Tidak ada,Tidak ada,1,1,Tidak ada,1,1,1,2,Tidak ada,2,1,< 2 jam,2 - 4 jam,4 - 8 jam,4 - 8 jam,2 - 4 jam,4 - 8 jam,2 kali,2 kali,Ya,Ya,Tidak,Tidak,Tidak,Tidak,Ya,3-8 Jam,9-12 Jam,3-8 Jam,3-8 Jam,3-8 Jam,9-12 Jam,Ya,Tidak mempunyai kendaraan listrik,Rp. 500.000 - Rp. 1.000.000,Tidak Ada perbedaan signifikan,4.0
185,Iya,Rumah,5,Sejuk,2200 VA,Tidak,16-20,1,Tidak ada,1,1,1,Tidak ada,1,1,Tidak ada,1,1,1,4,Tidak ada,1,1,2 - 4 jam,2 - 4 jam,> 8 jam,8 - 12 jam,2 - 4 jam,4 - 8 jam,2 kali,2 kali,Ya,Ya,Tidak,Tidak,Tidak,Tidak,Ya,3-8 Jam,9-12 Jam,<2 Jam,<2 Jam,3-8 Jam,9-12 Jam,Ya,Tidak mempunyai kendaraan listrik,Rp. 500.000 - Rp. 1.000.000,Tidak Ada perbedaan signifikan,4.0
186,Iya,Rumah,3,Sejuk,1300 VA,Tidak,10-15,1,1,1,1,Tidak ada,1,1,1,Tidak ada,1,1,1,2,Tidak ada,1,1,< 2 jam,< 2 jam,2 - 4 jam,2 - 4 jam,4 - 8 jam,4 - 8 jam,1 kali,2 kali,Ya,Ya,Tidak,Tidak,Tidak,Tidak,Ya,3-8 Jam,9-12 Jam,<2 Jam,3-8 Jam,3-8 Jam,9-12 Jam,Ya,Tidak mempunyai kendaraan listrik,Rp. 500.000 - Rp. 1.000.000,Tidak Ada perbedaan signifikan,4.0
187,Iya,Rumah,5,Sejuk,> 2200 VA,Tidak,16-20,1,1,1,1,Tidak ada,1,2,1,Tidak ada,1,2,1,4,Tidak ada,1,1,< 2 jam,< 2 jam,4 - 8 jam,8 - 12 jam,2 - 4 jam,4 - 8 jam,2 kali,2 kali,Ya,Ya,Tidak,Tidak,Ya,Tidak,Ya,3-8 Jam,9-12 Jam,<2 Jam,<2 Jam,3-8 Jam,> 12 Jam,Ya,Tidak mempunyai kendaraan listrik,Rp. 1.000.001 - Rp 1.500.000,Tidak Ada perbedaan signifikan,4.0
188,Iya,Rumah,4,Sejuk,1300 VA,Ya,6-10,1,1,1,Tidak ada,Tidak ada,Tidak ada,1,1,Tidak ada,1,1,1,2,Tidak ada,2,Tidak ada,< 2 jam,2 - 4 jam,4 - 8 jam,8 - 12 jam,2 - 4 jam,2 - 4 jam,Tidak punya mesin cuci,2 kali,Ya,Ya,Tidak,Tidak,Tidak,Tidak,Ya,3-8 Jam,> 12 Jam,<2 Jam,<2 Jam,9-12 Jam,> 12 Jam,Ya,Tidak mempunyai kendaraan listrik,Rp. 500.000 - Rp. 1.000.000,Tidak Ada perbedaan signifikan,4.0
189,Iya,Rumah,4,Sejuk,1300 VA,Tidak,10-15,1,Tidak ada,1,Tidak ada,Tidak ada,Tidak ada,Tidak ada,1,Tidak ada,1,Tidak ada,1,2,Tidak ada,2,1,2 - 4 jam,< 2 jam,4 - 8 jam,4 - 8 jam,Tidak punya komputer,Tidak punya komputer,2 kali,2 kali,Ya,Ya,Tidak,Tidak,Tidak,Tidak,Ya,3-8 Jam,9-12 Jam,3-8 Jam,<2 Jam,3-8 Jam,> 12 Jam,Ya,Tidak mempunyai kendaraan listrik,< Rp. 500.000,Tidak Ada perbedaan signifikan,4.0
190,Iya,Kontrakan,3,Sejuk,1300 VA,Tidak,10-15,1,1,1,1,Tidak ada,Tidak ada,Tidak ada,1,Tidak ada,1,Tidak ada,1,1,Tidak ada,2,Tidak ada,2 - 4 jam,2 - 4 jam,2 - 4 jam,4 - 8 jam,Tidak punya komputer,Tidak punya komputer,Tidak punya mesin cuci,2 kali,Ya,Ya,Tidak,Tidak,Ya,Tidak,Tidak,3-8 Jam,3-8 Jam,<2 Jam,3-8 Jam,9-12 Jam,9-12 Jam,Ya,Tidak mempunyai kendaraan listrik,< Rp. 500.000,Tidak Ada perbedaan signifikan,3.0
191,Iya,Rumah,5,Sejuk,1300 VA,Tidak,10-15,1,Tidak ada,1,1,Tidak ada,Tidak ada,Tidak ada,1,Tidak ada,1,Tidak ada,1,2,Tidak ada,2,Tidak ada,2 - 4 jam,2 - 4 jam,4 - 8 jam,8 - 12 jam,Tidak punya komputer,Tidak punya komputer,Tidak punya mesin cuci,3 kali,Ya,Ya,Tidak,Tidak,Tidak,Tidak,Tidak,3-8 Jam,3-8 Jam,<2 Jam,3-8 Jam,3-8 Jam,9-12 Jam,Ya,Tidak mempunyai kendaraan listrik,< Rp. 500.000,Tidak Ada perbedaan signifikan,4.0
192,Iya,Rumah,5,Sejuk,450 VA,Tidak,6-10,1,Tidak ada,1,Tidak ada,Tidak ada,Tidak ada,Tidak ada,Tidak ada,Tidak ada,1,Tidak ada,1,Tidak ada,1,1,1,2 - 4 jam,2 - 4 jam,4 - 8 jam,4 - 8 jam,Tidak punya komputer,Tidak punya komputer,2 kali,2 kali,Ya,Ya,Ya,Tidak,Tidak,Tidak,Ya,3-8 Jam,3-8 Jam,9-12 Jam,3-8 Jam,3-8 Jam,9-12 Jam,Ya,>4 Jam,< Rp. 500.000,Tidak Ada perbedaan signifikan,4.0
193,Iya,Rumah,5,Sejuk,2200 VA,Tidak,10-15,1,1,1,1,Tidak ada,1,1,1,Tidak ada,1,2,1,3,Tidak ada,2,1,2 - 4 jam,4 - 8 jam,4 - 8 jam,8 - 12 jam,2 - 4 jam,4 - 8 jam,3 kali,2 kali,Ya,Ya,Tidak,Tidak,Ya,Tidak,Ya,3-8 Jam,9-12 Jam,<2 Jam,3-8 Jam,3-8 Jam,3-8 Jam,Ya,Tidak mempunyai kendaraan listrik,Rp. 1.000.001 - Rp 1.500.000,Tidak Ada perbedaan signifikan,4.0
194,Iya,Rumah,5,Sejuk,2200 VA,Tidak,10-15,1,Tidak ada,1,1,Tidak ada,1,1,1,Tidak ada,1,1,1,4,Tidak ada,2,1,< 2 jam,2 - 4 jam,> 8 jam,8 - 12 jam,2 - 4 jam,4 - 8 jam,2 kali,2 kali,Ya,Ya,Tidak,Tidak,Ya,Tidak,Tidak,3-8 Jam,3-8 Jam,<2 Jam,3-8 Jam,9-12 Jam,> 12 Jam,Ya,Tidak mempunyai kendaraan listrik,Rp. 1.000.001 - Rp 1.500.000,"Maret, April, Oktober, November, Desember",4.0
195,Iya,Rumah,3,Panas,> 2200 VA,Ya,lebih dari 20,1,Tidak ada,Tidak ada,Tidak ada,Tidak ada,Tidak ada,Tidak ada,1,Tidak ada,3,Tidak ada,1,4,Tidak ada,3,1,2 - 4 jam,4 - 8 jam,4 - 8 jam,> 12 jam,Tidak punya komputer,Tidak punya komputer,4 kali,4 kali,Ya,Ya,Tidak,Tidak,Tidak,Ya,Tidak,9-12 Jam,<2 Jam,3-8 Jam,3-8 Jam,3-8 Jam,> 12 Jam,TIdak,Tidak mempunyai kendaraan listrik,Rp. 1.000.001 - Rp 1.500.000,Tidak Ada perbedaan signifikan,2.0
196,Iya,Rumah,4,Sejuk,> 2200 VA,Ya,16-20,1,1,1,1,Tidak ada,Tidak ada,2,1,1,1,2,1,2,Tidak ada,1,1,< 2 jam,< 2 jam,> 8 jam,> 12 jam,4 - 8 jam,8 - 12 jam,> 4 Kali,> 4 kali,Ya,Ya,Tidak,Tidak,Tidak,Tidak,Tidak,3-8 Jam,<2 Jam,3-8 Jam,3-8 Jam,3-8 Jam,9-12 Jam,TIdak,Tidak mempunyai kendaraan listrik,Rp. 500.000 - Rp. 1.000.000,"Juni, Juli, Agustus",4.0
197,Iya,Rumah,5,Panas,> 2200 VA,Tidak,16-20,1,1,1,Tidak ada,1,Tidak ada,Tidak ada,1,Tidak ada,1,Tidak ada,1,5,1,Tidak ada,1,< 2 jam,< 2 jam,4 - 8 jam,> 12 jam,< 2 jam,2 - 4 jam,> 4 Kali,1 kali,Tidak,Ya,Ya,Tidak,Tidak,Tidak,Ya,3-8 Jam,3-8 Jam,3-8 Jam,<2 Jam,9-12 Jam,9-12 Jam,TIdak,1-2 Jam,Rp. 1.000.001 - Rp 1.500.000,Tidak Ada perbedaan signifikan,3.0
198,Iya,Rumah,4,Sejuk,> 2200 VA,Tidak,10-15,1,Tidak ada,2,Tidak ada,Tidak ada,Tidak ada,1,1,Tidak ada,2,1,1,1,Tidak ada,2,1,< 2 jam,< 2 jam,4 - 8 jam,4 - 8 jam,4 - 8 jam,8 - 12 jam,4 kali,2 kali,Ya,Ya,Tidak,Ya,Ya,Ya,Ya,> 12 Jam,> 12 Jam,3-8 Jam,3-8 Jam,> 12 Jam,9-12 Jam,Ya,Tidak mempunyai kendaraan listrik,Rp. 500.000 - Rp. 1.000.000,Tidak Ada perbedaan signifikan,4.0
199,Iya,Rumah,5,Panas,2200 VA,Tidak,6-10,1,Tidak ada,1,Tidak ada,Tidak ada,Tidak ada,Tidak ada,Tidak ada,Tidak ada,1,Tidak ada,1,2,Tidak ada,1,1,< 2 jam,< 2 jam,> 8 jam,8 - 12 jam,2 - 4 jam,< 2 jam,> 4 Kali,> 4 kali,Tidak,Ya,Tidak,Tidak,Ya,Tidak,Tidak,9-12 Jam,3-8 Jam,9-12 Jam,9-12 Jam,> 12 Jam,9-12 Jam,TIdak,Tidak mempunyai kendaraan listrik,Rp. 500.000 - Rp. 1.000.000,"Januari, Juli, Agustus, Desember",4.0
200,Iya,Rumah,5,Panas,> 2200 VA,Tidak,lebih dari 20,1,1,1,1,1,Tidak ada,3,1,Tidak ada,2,Tidak ada,2,4,Tidak ada,2,1,4 - 8 jam,4 - 8 jam,> 8 jam,< 2 jam,4 - 8 jam,< 2 jam,> 4 Kali,> 4 kali,Tidak,Ya,Tidak,Tidak,Tidak,Tidak,Tidak,3-8 Jam,<2 Jam,<2 Jam,3-8 Jam,<2 Jam,9-12 Jam,Ya,Tidak mempunyai kendaraan listrik,> Rp 2.000.000,Tidak Ada perbedaan signifikan,4.0
201,Iya,Apartemen,1,Sejuk,2200 VA,Ya,6-10,Tidak ada,Tidak ada,1,1,Tidak ada,1,Tidak ada,Tidak ada,Tidak ada,Tidak ada,Tidak ada,2,Tidak ada,Tidak ada,1,Tidak ada,Tidak punya TV,Tidak punya TV,> 8 jam,> 12 jam,Tidak punya komputer,Tidak punya komputer,Tidak punya mesin cuci,2 kali,Tidak,Ya,Tidak,Tidak,Tidak,Tidak,Ya,3-8 Jam,> 12 Jam,<2 Jam,<2 Jam,<2 Jam,<2 Jam,Ya,Tidak mempunyai kendaraan listrik,< Rp. 500.000,Tidak Ada perbedaan signifikan,4.0
202,Iya,Rumah,5,Sejuk,1300 VA,Tidak,6-10,1,Tidak ada,1,Tidak ada,Tidak ada,Tidak ada,Tidak ada,1,Tidak ada,Tidak ada,Tidak ada,1,Tidak ada,Tidak ada,1,1,Tidak punya TV,Tidak punya TV,2 - 4 jam,2 - 4 jam,Tidak punya komputer,Tidak punya komputer,2 kali,2 kali,Ya,Tidak,Tidak,Ya,Ya,Ya,Ya,9-12 Jam,9-12 Jam,<2 Jam,3-8 Jam,9-12 Jam,3-8 Jam,Ya,Tidak mempunyai kendaraan listrik,< Rp. 500.000,Juli,4.0
203,Iya,Rumah,4,Sejuk,1300 VA,Tidak,16-20,1,Tidak ada,1,Tidak ada,1,Tidak ada,Tidak ada,2,Tidak ada,1,Tidak ada,1,Tidak ada,Tidak ada,1,1,> 8 jam,2 - 4 jam,2 - 4 jam,4 - 8 jam,Tidak punya komputer,Tidak punya komputer,> 4 Kali,4 kali,Tidak,Ya,Tidak,Tidak,Tidak,Tidak,Ya,3-8 Jam,9-12 Jam,3-8 Jam,3-8 Jam,3-8 Jam,9-12 Jam,Ya,Tidak mempunyai kendaraan listrik,< Rp. 500.000,Tidak Ada perbedaan signifikan,3.0
204,Iya,Rumah,5,Panas,1300 VA,Tidak,6-10,1,Tidak ada,1,Tidak ada,Tidak ada,Tidak ada,Tidak ada,1,Tidak ada,Tidak ada,Tidak ada,1,Tidak ada,Tidak ada,1,1,Tidak punya TV,Tidak punya TV,< 2 jam,< 2 jam,Tidak punya komputer,Tidak punya komputer,3 kali,3 kali,Ya,Ya,Tidak,Tidak,Ya,Ya,Ya,> 12 Jam,> 12 Jam,3-8 Jam,3-8 Jam,3-8 Jam,3-8 Jam,Ya,Tidak mempunyai kendaraan listrik,< Rp. 500.000,Tidak Ada perbedaan signifikan,4.0
205,Iya,Rumah,4,Panas,2200 VA,Ya,16-20,1,1,1,1,1,Tidak ada,Tidak ada,1,Tidak ada,3,Tidak ada,2,3,Tidak ada,3,1,< 2 jam,< 2 jam,> 8 jam,> 12 jam,< 2 jam,< 2 jam,> 4 Kali,> 4 kali,Tidak,Ya,Tidak,Tidak,Ya,Tidak,Tidak,> 12 Jam,3-8 Jam,3-8 Jam,3-8 Jam,3-8 Jam,9-12 Jam,TIdak,Tidak mempunyai kendaraan listrik,Rp. 1.000.001 - Rp 1.500.000,Tidak Ada perbedaan signifikan,4.0
206,Iya,Rumah,5,Sejuk,900 VA,Tidak,6-10,1,Tidak ada,1,Tidak ada,Tidak ada,Tidak ada,1,Tidak ada,Tidak ada,2,Tidak ada,2,Tidak ada,Tidak ada,1,1,2 - 4 jam,4 - 8 jam,2 - 4 jam,2 - 4 jam,< 2 jam,< 2 jam,4 kali,1 kali,Tidak,Ya,Tidak,Ya,Ya,Tidak,Ya,3-8 Jam,3-8 Jam,<2 Jam,3-8 Jam,3-8 Jam,3-8 Jam,Ya,Tidak mempunyai kendaraan listrik,< Rp. 500.000,Tidak Ada perbedaan signifikan,4.0
207,Iya,Rumah,> 5,Sejuk,2200 VA,Ya,lebih dari 20,1,1,1,Tidak ada,1,Tidak ada,1,2,Tidak ada,3,1,3,1,Tidak ada,2,1,2 - 4 jam,8 - 12 jam,2 - 4 jam,2 - 4 jam,< 2 jam,2 - 4 jam,> 4 Kali,4 kali,Tidak,Ya,Tidak,Ya,Tidak,Tidak,Tidak,9-12 Jam,3-8 Jam,<2 Jam,> 12 Jam,9-12 Jam,3-8 Jam,Ya,1-2 Jam,Rp. 500.000 - Rp. 1.000.000,Tidak Ada perbedaan signifikan,4.0
208,Iya,Rumah,> 5,Sejuk,2200 VA,Tidak,16-20,2,Tidak ada,2,1,Tidak ada,1,1,Tidak ada,Tidak ada,4,1,1,Tidak ada,Tidak ada,1,1,4 - 8 jam,4 - 8 jam,Tidak punya AC/kipas angin,< 2 jam,2 - 4 jam,2 - 4 jam,2 kali,2 kali,Tidak,Ya,Tidak,Tidak,Tidak,Tidak,Tidak,<2 Jam,<2 Jam,<2 Jam,<2 Jam,3-8 Jam,3-8 Jam,Ya,Tidak mempunyai kendaraan listrik,Rp. 500.000 - Rp. 1.000.000,Tidak Ada perbedaan signifikan,4.0
209,Iya,Rumah,3,Sejuk,> 2200 VA,Tidak,6-10,2,1,1,1,1,Tidak ada,1,Tidak ada,2,2,1,3,2,Tidak ada,2,1,> 8 jam,4 - 8 jam,> 8 jam,8 - 12 jam,4 - 8 jam,2 - 4 jam,2 kali,1 kali,Tidak,Ya,Tidak,Tidak,Tidak,Tidak,Ya,9-12 Jam,> 12 Jam,<2 Jam,<2 Jam,9-12 Jam,> 12 Jam,Ya,Tidak mempunyai kendaraan listrik,Rp. 1.000.001 - Rp 1.500.000,Juni,3.0
210,Iya,Rumah,5,Panas,2200 VA,Ya,lebih dari 20,2,Tidak ada,1,Tidak ada,1,Tidak ada,Tidak ada,Tidak ada,Tidak ada,2,Tidak ada,2,3,Tidak ada,2,1,> 8 jam,4 - 8 jam,4 - 8 jam,8 - 12 jam,Tidak punya komputer,Tidak punya komputer,3 kali,1 kali,Tidak,Ya,Tidak,Ya,Ya,Tidak,Ya,3-8 Jam,<2 Jam,<2 Jam,9-12 Jam,3-8 Jam,3-8 Jam,Ya,Tidak mempunyai kendaraan listrik,Rp. 1.000.001 - Rp 1.500.000,Tidak Ada perbedaan signifikan,4.0
211,Iya,Rumah,5,Sejuk,900 VA,Tidak,6-10,1,Tidak ada,1,Tidak ada,Tidak ada,Tidak ada,1,Tidak ada,Tidak ada,2,Tidak ada,1,Tidak ada,1,2,1,2 - 4 jam,< 2 jam,< 2 jam,< 2 jam,2 - 4 jam,4 - 8 jam,4 kali,2 kali,Tidak,Ya,Tidak,Tidak,Tidak,Tidak,Ya,9-12 Jam,3-8 Jam,9-12 Jam,3-8 Jam,3-8 Jam,3-8 Jam,Ya,>4 Jam,< Rp. 500.000,"April, Tidak Ada perbedaan signifikan",4.0
212,Iya,Rumah,> 5,Panas,> 2200 VA,Tidak,6-10,2,Tidak ada,1,Tidak ada,2,Tidak ada,Tidak ada,Tidak ada,Tidak ada,2,2,2,2,Tidak ada,2,1,> 8 jam,> 12 jam,> 8 jam,> 12 jam,4 - 8 jam,< 2 jam,> 4 Kali,2 kali,Tidak,Ya,Tidak,Tidak,Ya,Tidak,Tidak,9-12 Jam,3-8 Jam,<2 Jam,<2 Jam,<2 Jam,9-12 Jam,Ya,Tidak mempunyai kendaraan listrik,Rp. 1.000.001 - Rp 1.500.000,Tidak Ada perbedaan signifikan,4.0
213,Iya,Rumah,4,Panas,2200 VA,Tidak,10-15,1,Tidak ada,Tidak ada,Tidak ada,Tidak ada,Tidak ada,Tidak ada,Tidak ada,Tidak ada,2,Tidak ada,1,4,Tidak ada,3,1,2 - 4 jam,4 - 8 jam,4 - 8 jam,4 - 8 jam,Tidak punya komputer,Tidak punya komputer,4 kali,4 kali,Tidak,Ya,Tidak,Tidak,Tidak,Tidak,Tidak,<2 Jam,3-8 Jam,3-8 Jam,3-8 Jam,3-8 Jam,9-12 Jam,TIdak,Tidak mempunyai kendaraan listrik,Rp. 500.000 - Rp. 1.000.000,Tidak Ada perbedaan signifikan,3.0
214,Iya,Rumah,5,Panas,> 2200 VA,Ya,lebih dari 20,1,Tidak ada,Tidak ada,Tidak ada,Tidak ada,Tidak ada,Tidak ada,1,Tidak ada,3,Tidak ada,1,4,Tidak ada,3,1,2 - 4 jam,2 - 4 jam,> 8 jam,8 - 12 jam,Tidak punya komputer,Tidak punya komputer,> 4 Kali,> 4 kali,Ya,Ya,Tidak,Tidak,Tidak,Ya,Tidak,9-12 Jam,<2 Jam,3-8 Jam,<2 Jam,3-8 Jam,> 12 Jam,TIdak,Tidak mempunyai kendaraan listrik,Rp. 500.000 - Rp. 1.000.000,"Juni, Juli, Agustus, September",2.0
215,Iya,Rumah,4,Panas,2200 VA,Ya,10-15,1,Tidak ada,Tidak ada,Tidak ada,1,Tidak ada,Tidak ada,Tidak ada,Tidak ada,2,Tidak ada,1,3,Tidak ada,2,1,2 - 4 jam,2 - 4 jam,> 8 jam,8 - 12 jam,Tidak punya komputer,Tidak punya komputer,> 4 Kali,> 4 kali,Tidak,Ya,Tidak,Tidak,Tidak,Tidak,Tidak,3-8 Jam,<2 Jam,3-8 Jam,<2 Jam,3-8 Jam,> 12 Jam,Ya,Tidak mempunyai kendaraan listrik,Rp. 500.000 - Rp. 1.000.000,Tidak Ada perbedaan signifikan,3.0
216,Iya,Kos,1,Panas,1300 VA,Tidak,1-5,Tidak ada,Tidak ada,Tidak ada,Tidak ada,Tidak ada,Tidak ada,Tidak ada,Tidak ada,1,Tidak ada,1,Tidak ada,1,Tidak ada,1,Tidak ada,Tidak punya TV,Tidak punya TV,4 - 8 jam,4 - 8 jam,Tidak punya komputer,Tidak punya komputer,Tidak punya mesin cuci,Tidak punya setrika,Tidak,Tidak,Tidak,Tidak,Tidak,Tidak,Tidak,3-8 Jam,<2 Jam,<2 Jam,<2 Jam,<2 Jam,<2 Jam,TIdak,Tidak mempunyai kendaraan listrik,< Rp. 500.000,Tidak Ada perbedaan signifikan,1.0
217,Iya,Kos,1,Sejuk,1300 VA,Tidak,1-5,Tidak ada,Tidak ada,Tidak ada,Tidak ada,Tidak ada,Tidak ada,Tidak ada,Tidak ada,Tidak ada,Tidak ada,Tidak ada,Tidak ada,1,Tidak ada,1,Tidak ada,Tidak punya TV,Tidak punya TV,Tidak punya AC/kipas angin,Tidak punya AC/kipas angin,Tidak punya komputer,Tidak punya komputer,Tidak punya mesin cuci,Tidak punya setrika,Tidak,Tidak,Tidak,Tidak,Tidak,Tidak,Tidak,3-8 Jam,<2 Jam,<2 Jam,<2 Jam,<2 Jam,<2 Jam,TIdak,Tidak mempunyai kendaraan listrik,< Rp. 500.000,Tidak Ada perbedaan signifikan,2.0
218,Iya,Kos,1,Panas,1300 VA,Tidak,1-5,Tidak ada,Tidak ada,Tidak ada,Tidak ada,Tidak ada,Tidak ada,Tidak ada,Tidak ada,1,1,Tidak ada,Tidak ada,1,Tidak ada,1,Tidak ada,2 - 4 jam,2 - 4 jam,4 - 8 jam,4 - 8 jam,Tidak punya komputer,Tidak punya komputer,Tidak punya mesin cuci,Tidak punya setrika,Tidak,Tidak,Tidak,Tidak,Tidak,Tidak,Tidak,9-12 Jam,<2 Jam,<2 Jam,<2 Jam,<2 Jam,<2 Jam,TIdak,Tidak mempunyai kendaraan listrik,< Rp. 500.000,Tidak Ada perbedaan signifikan,1.0
219,Iya,Rumah,4,Sejuk,2200 VA,Ya,16-20,1,1,1,1,Tidak ada,1,1,1,Tidak ada,1,2,1,3,Tidak ada,2,1,2 - 4 jam,2 - 4 jam,4 - 8 jam,8 - 12 jam,2 - 4 jam,2 - 4 jam,3 kali,2 kali,Ya,Ya,Tidak,Tidak,Tidak,Tidak,Ya,3-8 Jam,9-12 Jam,3-8 Jam,3-8 Jam,3-8 Jam,9-12 Jam,Ya,Tidak mempunyai kendaraan listrik,Rp. 1.000.001 - Rp 1.500.000,"Januari, Agustus, September",4.0
220,Iya,Rumah,3,Sejuk,2200 VA,Ya,10-15,1,1,1,1,1,1,1,1,Tidak ada,1,2,1,3,1,2,1,2 - 4 jam,2 - 4 jam,4 - 8 jam,8 - 12 jam,2 - 4 jam,4 - 8 jam,2 kali,1 kali,Ya,Ya,Tidak,Tidak,Ya,Tidak,Ya,3-8 Jam,9-12 Jam,<2 Jam,3-8 Jam,9-12 Jam,9-12 Jam,Ya,Tidak mempunyai kendaraan listrik,Rp. 1.000.001 - Rp 1.500.000,"Maret, April, November, Desember",4.0
221,Iya,Rumah,3,Sejuk,1300 VA,Ya,10-15,1,Tidak ada,1,Tidak ada,Tidak ada,Tidak ada,1,1,Tidak ada,1,1,1,2,Tidak ada,2,Tidak ada,< 2 jam,2 - 4 jam,4 - 8 jam,8 - 12 jam,< 2 jam,2 - 4 jam,Tidak punya mesin cuci,2 kali,Ya,Ya,Tidak,Tidak,Tidak,Tidak,Ya,3-8 Jam,9-12 Jam,<2 Jam,3-8 Jam,3-8 Jam,9-12 Jam,Ya,Tidak mempunyai kendaraan listrik,Rp. 500.000 - Rp. 1.000.000,"Februari, Maret, Juni, Juli, Desember",4.0
222,Iya,Rumah,4,Sejuk,2200 VA,Ya,16-20,1,Tidak ada,1,2,Tidak ada,1,1,1,Tidak ada,1,1,1,3,Tidak ada,2,1,< 2 jam,2 - 4 jam,4 - 8 jam,4 - 8 jam,2 - 4 jam,8 - 12 jam,1 kali,2 kali,Ya,Ya,Tidak,Tidak,Tidak,Tidak,Ya,3-8 Jam,9-12 Jam,<2 Jam,3-8 Jam,3-8 Jam,9-12 Jam,Ya,Tidak mempunyai kendaraan listrik,Rp. 500.000 - Rp. 1.000.000,"April, Juni, Juli",4.0
223,Iya,Rumah,4,Panas,2200 VA,Ya,lebih dari 20,2,Tidak ada,Tidak ada,Tidak ada,Tidak ada,Tidak ada,Tidak ada,1,Tidak ada,1,Tidak ada,1,4,Tidak ada,1,Tidak ada,2 - 4 jam,2 - 4 jam,4 - 8 jam,4 - 8 jam,8 - 12 jam,4 - 8 jam,3 kali,2 kali,Ya,Ya,Tidak,Tidak,Tidak,Tidak,Ya,9-12 Jam,3-8 Jam,3-8 Jam,3-8 Jam,3-8 Jam,> 12 Jam,Ya,1-2 Jam,Rp. 1.000.001 - Rp 1.500.000,"Januari, Juli, Agustus, Oktober",4.0
224,Iya,Rumah,4,Sejuk,> 2200 VA,Ya,10-15,1,1,1,1,1,1,2,1,Tidak ada,2,3,1,3,1,2,1,< 2 jam,2 - 4 jam,4 - 8 jam,8 - 12 jam,2 - 4 jam,2 - 4 jam,2 kali,2 kali,Ya,Ya,Tidak,Tidak,Tidak,Tidak,Ya,3-8 Jam,3-8 Jam,<2 Jam,3-8 Jam,9-12 Jam,9-12 Jam,Ya,<1 Jam,Rp. 1.000.001 - Rp 1.500.000,Tidak Ada perbedaan signifikan,4.0
225,Iya,Rumah,5,Sejuk,2200 VA,Ya,10-15,1,1,1,1,Tidak ada,1,1,1,Tidak ada,1,2,1,3,1,2,1,< 2 jam,2 - 4 jam,4 - 8 jam,8 - 12 jam,4 - 8 jam,2 - 4 jam,3 kali,2 kali,Ya,Ya,Tidak,Tidak,Tidak,Tidak,Ya,3-8 Jam,9-12 Jam,<2 Jam,3-8 Jam,3-8 Jam,9-12 Jam,Ya,Tidak mempunyai kendaraan listrik,Rp. 1.000.001 - Rp 1.500.000,Tidak Ada perbedaan signifikan,4.0
226,Iya,Rumah,> 5,Sejuk,> 2200 VA,Tidak,lebih dari 20,1,1,1,1,1,1,2,1,Tidak ada,2,2,1,4,1,2,1,2 - 4 jam,2 - 4 jam,4 - 8 jam,4 - 8 jam,2 - 4 jam,2 - 4 jam,3 kali,2 kali,Ya,Ya,Tidak,Tidak,Ya,Tidak,Ya,3-8 Jam,9-12 Jam,3-8 Jam,3-8 Jam,9-12 Jam,> 12 Jam,Ya,<1 Jam,Rp. 1.500.001 - Rp 2.000.000,Tidak Ada perbedaan signifikan,4.0
227,Iya,Rumah,4,Sejuk,2200 VA,Ya,16-20,1,1,1,1,1,1,1,1,Tidak ada,1,1,1,3,1,2,1,2 - 4 jam,2 - 4 jam,4 - 8 jam,4 - 8 jam,2 - 4 jam,2 - 4 jam,2 kali,2 kali,Ya,Ya,Tidak,Tidak,Tidak,Tidak,Ya,3-8 Jam,9-12 Jam,3-8 Jam,3-8 Jam,3-8 Jam,9-12 Jam,Ya,Tidak mempunyai kendaraan listrik,Rp. 1.000.001 - Rp 1.500.000,Tidak Ada perbedaan signifikan,4.0
228,Iya,Rumah,4,Sejuk,2200 VA,Ya,10-15,1,Tidak ada,1,1,Tidak ada,1,2,1,Tidak ada,1,2,1,3,1,2,1,2 - 4 jam,2 - 4 jam,4 - 8 jam,4 - 8 jam,2 - 4 jam,4 - 8 jam,2 kali,2 kali,Ya,Ya,Tidak,Tidak,Tidak,Tidak,Ya,3-8 Jam,9-12 Jam,3-8 Jam,3-8 Jam,3-8 Jam,9-12 Jam,Ya,<1 Jam,Rp. 1.000.001 - Rp 1.500.000,Tidak Ada perbedaan signifikan,4.0
229,Iya,Rumah,4,Sejuk,2200 VA,Ya,16-20,1,Tidak ada,1,1,1,1,1,1,Tidak ada,1,1,1,3,1,2,1,< 2 jam,2 - 4 jam,4 - 8 jam,4 - 8 jam,2 - 4 jam,2 - 4 jam,2 kali,2 kali,Ya,Ya,Tidak,Tidak,Ya,Tidak,Ya,3-8 Jam,9-12 Jam,<2 Jam,3-8 Jam,9-12 Jam,> 12 Jam,Ya,1-2 Jam,Rp. 1.000.001 - Rp 1.500.000,Tidak Ada perbedaan signifikan,4.0
230,Iya,Rumah,5,Sejuk,2200 VA,Ya,10-15,1,1,2,Tidak ada,1,1,1,1,Tidak ada,2,1,1,4,1,2,1,< 2 jam,2 - 4 jam,4 - 8 jam,8 - 12 jam,2 - 4 jam,2 - 4 jam,3 kali,2 kali,Ya,Ya,Tidak,Tidak,Tidak,Tidak,Ya,3-8 Jam,9-12 Jam,<2 Jam,3-8 Jam,3-8 Jam,9-12 Jam,Ya,1-2 Jam,Rp. 1.000.001 - Rp 1.500.000,Tidak Ada perbedaan signifikan,3.0
231,Iya,Rumah,5,Sejuk,2200 VA,Tidak,16-20,1,1,1,1,Tidak ada,1,1,1,Tidak ada,1,2,1,3,1,2,1,< 2 jam,2 - 4 jam,4 - 8 jam,4 - 8 jam,2 - 4 jam,2 - 4 jam,2 kali,2 kali,Ya,Ya,Tidak,Tidak,Ya,Tidak,Ya,3-8 Jam,9-12 Jam,<2 Jam,3-8 Jam,9-12 Jam,> 12 Jam,Ya,1-2 Jam,Rp. 1.000.001 - Rp 1.500.000,Tidak Ada perbedaan signifikan,3.0
232,Iya,Rumah,4,Sejuk,2200 VA,Tidak,10-15,1,1,1,1,1,1,2,1,Tidak ada,1,2,1,3,Tidak ada,2,1,2 - 4 jam,< 2 jam,4 - 8 jam,4 - 8 jam,2 - 4 jam,4 - 8 jam,2 kali,3 kali,Ya,Ya,Tidak,Tidak,Tidak,Tidak,Ya,3-8 Jam,9-12 Jam,<2 Jam,<2 Jam,3-8 Jam,> 12 Jam,Ya,Tidak mempunyai kendaraan listrik,Rp. 1.000.001 - Rp 1.500.000,Tidak Ada perbedaan signifikan,4.0
233,Iya,Rumah,4,Sejuk,1300 VA,Tidak,6-10,1,1,1,Tidak ada,Tidak ada,Tidak ada,Tidak ada,1,Tidak ada,1,Tidak ada,1,2,Tidak ada,2,1,2 - 4 jam,2 - 4 jam,4 - 8 jam,4 - 8 jam,Tidak punya komputer,Tidak punya komputer,2 kali,2 kali,Ya,Ya,Tidak,Tidak,Ya,Tidak,Tidak,3-8 Jam,3-8 Jam,<2 Jam,3-8 Jam,9-12 Jam,> 12 Jam,Ya,Tidak mempunyai kendaraan listrik,Rp. 500.000 - Rp. 1.000.000,Tidak Ada perbedaan signifikan,4.0
234,Iya,Rumah,3,Sejuk,1300 VA,Tidak,10-15,1,Tidak ada,1,1,1,Tidak ada,Tidak ada,1,Tidak ada,1,Tidak ada,1,2,1,2,Tidak ada,2 - 4 jam,2 - 4 jam,4 - 8 jam,8 - 12 jam,Tidak punya komputer,Tidak punya komputer,Tidak punya mesin cuci,2 kali,Ya,Ya,Tidak,Tidak,Tidak,Tidak,Ya,3-8 Jam,9-12 Jam,3-8 Jam,3-8 Jam,3-8 Jam,> 12 Jam,Ya,1-2 Jam,Rp. 500.000 - Rp. 1.000.000,Tidak Ada perbedaan signifikan,3.0
235,Iya,Kontrakan,4,Sejuk,1300 VA,Tidak,10-15,1,Tidak ada,1,1,Tidak ada,Tidak ada,Tidak ada,1,Tidak ada,1,Tidak ada,1,2,Tidak ada,2,1,< 2 jam,2 - 4 jam,4 - 8 jam,4 - 8 jam,Tidak punya komputer,Tidak punya komputer,2 kali,2 kali,Ya,Ya,Tidak,Tidak,Tidak,Tidak,Ya,3-8 Jam,9-12 Jam,3-8 Jam,3-8 Jam,3-8 Jam,> 12 Jam,Ya,Tidak mempunyai kendaraan listrik,Rp. 500.000 - Rp. 1.000.000,Tidak Ada perbedaan signifikan,3.0
236,Iya,Rumah,4,Sejuk,1300 VA,Tidak,10-15,1,Tidak ada,Tidak ada,1,Tidak ada,Tidak ada,1,1,Tidak ada,1,1,1,2,1,1,Tidak ada,2 - 4 jam,2 - 4 jam,4 - 8 jam,4 - 8 jam,2 - 4 jam,2 - 4 jam,Tidak punya mesin cuci,3 kali,Tidak,Ya,Tidak,Tidak,Tidak,Tidak,Ya,3-8 Jam,9-12 Jam,<2 Jam,3-8 Jam,3-8 Jam,> 12 Jam,Ya,1-2 Jam,Rp. 500.000 - Rp. 1.000.000,Tidak Ada perbedaan signifikan,3.0
237,Iya,Rumah,4,Sejuk,1300 VA,Tidak,10-15,1,Tidak ada,Tidak ada,Tidak ada,Tidak ada,Tidak ada,Tidak ada,1,Tidak ada,1,Tidak ada,1,2,1,2,Tidak ada,2 - 4 jam,2 - 4 jam,4 - 8 jam,4 - 8 jam,Tidak punya komputer,Tidak punya komputer,Tidak punya mesin cuci,3 kali,Ya,Ya,Tidak,Tidak,Ya,Tidak,Ya,3-8 Jam,9-12 Jam,<2 Jam,3-8 Jam,9-12 Jam,> 12 Jam,Ya,1-2 Jam,Rp. 500.000 - Rp. 1.000.000,Tidak Ada perbedaan signifikan,4.0
238,Iya,Rumah,4,Panas,2200 VA,Ya,lebih dari 20,1,1,Tidak ada,Tidak ada,1,Tidak ada,1,1,Tidak ada,3,Tidak ada,3,Tidak ada,Tidak ada,2,1,4 - 8 jam,8 - 12 jam,4 - 8 jam,4 - 8 jam,2 - 4 jam,< 2 jam,> 4 Kali,> 4 kali,Tidak,Ya,Tidak,Tidak,Tidak,Tidak,Ya,3-8 Jam,> 12 Jam,3-8 Jam,9-12 Jam,3-8 Jam,3-8 Jam,Ya,Tidak mempunyai kendaraan listrik,Rp. 500.000 - Rp. 1.000.000,Tidak Ada perbedaan signifikan,4.0
239,Iya,Rumah,5,Sejuk,900 VA,Ya,16-20,1,1,1,1,1,Tidak ada,1,1,1,1,1,1,1,Tidak ada,1,1,< 2 jam,2 - 4 jam,> 8 jam,> 12 jam,4 - 8 jam,2 - 4 jam,> 4 Kali,> 4 kali,Tidak,Ya,Tidak,Tidak,Tidak,Tidak,Ya,<2 Jam,> 12 Jam,<2 Jam,9-12 Jam,9-12 Jam,> 12 Jam,Ya,Tidak mempunyai kendaraan listrik,> Rp 2.000.000,Tidak Ada perbedaan signifikan,4.0
240,Iya,Rumah,5,Sejuk,> 2200 VA,Ya,16-20,1,1,1,1,1,1,2,1,Tidak ada,1,3,1,4,Tidak ada,2,1,< 2 jam,2 - 4 jam,4 - 8 jam,8 - 12 jam,4 - 8 jam,4 - 8 jam,3 kali,2 kali,Ya,Ya,Tidak,Tidak,Tidak,Tidak,Ya,3-8 Jam,9-12 Jam,<2 Jam,3-8 Jam,3-8 Jam,> 12 Jam,Ya,Tidak mempunyai kendaraan listrik,Rp. 1.500.001 - Rp 2.000.000,"Januari, Juni, Agustus, Desember, Tidak Ada perbedaan signifikan",4.0
241,Iya,Rumah,4,Sejuk,2200 VA,Tidak,10-15,1,Tidak ada,1,1,1,Tidak ada,1,1,Tidak ada,1,2,1,3,Tidak ada,2,1,2 - 4 jam,2 - 4 jam,4 - 8 jam,8 - 12 jam,2 - 4 jam,4 - 8 jam,3 kali,2 kali,Ya,Ya,Tidak,Tidak,Tidak,Tidak,Ya,3-8 Jam,9-12 Jam,3-8 Jam,3-8 Jam,3-8 Jam,> 12 Jam,Ya,Tidak mempunyai kendaraan listrik,Rp. 1.000.001 - Rp 1.500.000,Tidak Ada perbedaan signifikan,4.0
242,Iya,Rumah,4,Sejuk,2200 VA,Tidak,10-15,1,1,1,1,Tidak ada,1,2,1,Tidak ada,1,2,1,3,Tidak ada,2,1,< 2 jam,< 2 jam,4 - 8 jam,4 - 8 jam,2 - 4 jam,2 - 4 jam,2 kali,2 kali,Tidak,Ya,Tidak,Tidak,Tidak,Tidak,Ya,3-8 Jam,9-12 Jam,<2 Jam,<2 Jam,3-8 Jam,> 12 Jam,Ya,Tidak mempunyai kendaraan listrik,Rp. 500.000 - Rp. 1.000.000,Tidak Ada perbedaan signifikan,3.0
243,Iya,Rumah,5,Sejuk,2200 VA,Ya,16-20,1,Tidak ada,1,1,Tidak ada,1,2,1,Tidak ada,1,2,1,4,Tidak ada,2,1,2 - 4 jam,2 - 4 jam,4 - 8 jam,8 - 12 jam,2 - 4 jam,4 - 8 jam,3 kali,2 kali,Ya,Ya,Tidak,Tidak,Ya,Tidak,Ya,3-8 Jam,9-12 Jam,3-8 Jam,3-8 Jam,9-12 Jam,> 12 Jam,Ya,Tidak mempunyai kendaraan listrik,Rp. 1.000.001 - Rp 1.500.000,Tidak Ada perbedaan signifikan,3.0
244,Iya,Rumah,3,Sejuk,2200 VA,Ya,10-15,1,Tidak ada,1,1,1,Tidak ada,Tidak ada,1,Tidak ada,1,3,1,2,1,2,1,2 - 4 jam,2 - 4 jam,4 - 8 jam,8 - 12 jam,8 - 12 jam,4 - 8 jam,2 kali,2 kali,Ya,Ya,Tidak,Tidak,Tidak,Tidak,Ya,3-8 Jam,9-12 Jam,3-8 Jam,3-8 Jam,3-8 Jam,> 12 Jam,Ya,Tidak mempunyai kendaraan listrik,Rp. 1.000.001 - Rp 1.500.000,Tidak Ada perbedaan signifikan,3.0
245,Iya,Rumah,3,Sejuk,2200 VA,Ya,10-15,1,1,1,1,Tidak ada,Tidak ada,1,1,Tidak ada,1,2,1,3,Tidak ada,1,1,2 - 4 jam,2 - 4 jam,4 - 8 jam,8 - 12 jam,4 - 8 jam,4 - 8 jam,2 kali,2 kali,Ya,Ya,Tidak,Tidak,Tidak,Tidak,Ya,3-8 Jam,9-12 Jam,3-8 Jam,3-8 Jam,3-8 Jam,9-12 Jam,TIdak,Tidak mempunyai kendaraan listrik,Rp. 500.000 - Rp. 1.000.000,Tidak Ada perbedaan signifikan,4.0
246,Iya,Kos,4,Panas,900 VA,Tidak,1-5,Tidak ada,Tidak ada,Tidak ada,Tidak ada,Tidak ada,Tidak ada,Tidak ada,Tidak ada,Tidak ada,1,Tidak ada,1,Tidak ada,Tidak ada,Tidak ada,1,4 - 8 jam,8 - 12 jam,Tidak punya AC/kipas angin,Tidak punya AC/kipas angin,Tidak punya komputer,Tidak punya komputer,2 kali,2 kali,Tidak,Ya,Tidak,Tidak,Ya,Tidak,Ya,<2 Jam,> 12 Jam,<2 Jam,<2 Jam,3-8 Jam,3-8 Jam,Ya,Tidak mempunyai kendaraan listrik,< Rp. 500.000,Januari,3.0
247,Iya,Rumah,> 5,Panas,900 VA,Tidak,6-10,1,Tidak ada,Tidak ada,Tidak ada,Tidak ada,Tidak ada,Tidak ada,1,Tidak ada,1,Tidak ada,1,Tidak ada,Tidak ada,1,Tidak ada,4 - 8 jam,4 - 8 jam,4 - 8 jam,2 - 4 jam,Tidak punya komputer,Tidak punya komputer,Tidak punya mesin cuci,2 kali,Tidak,Ya,Tidak,Tidak,Ya,Ya,Ya,3-8 Jam,9-12 Jam,3-8 Jam,3-8 Jam,3-8 Jam,3-8 Jam,Ya,Tidak mempunyai kendaraan listrik,< Rp. 500.000,Tidak Ada perbedaan signifikan,4.0
248,Iya,Rumah,5,Sejuk,2200 VA,Ya,16-20,2,Tidak ada,1,Tidak ada,1,Tidak ada,1,1,Tidak ada,1,Tidak ada,1,1,Tidak ada,1,Tidak ada,< 2 jam,2 - 4 jam,< 2 jam,< 2 jam,Tidak punya komputer,Tidak punya komputer,Tidak punya mesin cuci,> 4 kali,Tidak,Ya,Tidak,Ya,Tidak,Tidak,Tidak,3-8 Jam,<2 Jam,3-8 Jam,3-8 Jam,3-8 Jam,> 12 Jam,TIdak,Tidak mempunyai kendaraan listrik,> Rp 2.000.000,Tidak Ada perbedaan signifikan,2.0
249,Iya,Rumah,> 5,Sejuk,2200 VA,Tidak,6-10,1,Tidak ada,2,Tidak ada,1,Tidak ada,2,1,Tidak ada,1,Tidak ada,1,1,Tidak ada,1,Tidak ada,2 - 4 jam,4 - 8 jam,< 2 jam,< 2 jam,< 2 jam,< 2 jam,Tidak punya mesin cuci,3 kali,Ya,Ya,Ya,Ya,Ya,Ya,Ya,> 12 Jam,> 12 Jam,9-12 Jam,> 12 Jam,> 12 Jam,3-8 Jam,TIdak,Tidak mempunyai kendaraan listrik,< Rp. 500.000,September,3.0
250,Iya,Rumah,4,Sejuk,1300 VA,Tidak,10-15,1,1,1,1,1,1,1,1,Tidak ada,1,1,1,1,Tidak ada,1,1,< 2 jam,< 2 jam,4 - 8 jam,4 - 8 jam,2 - 4 jam,2 - 4 jam,1 kali,> 4 kali,Tidak,Ya,Tidak,Tidak,Ya,Tidak,Tidak,3-8 Jam,<2 Jam,<2 Jam,3-8 Jam,3-8 Jam,3-8 Jam,Ya,Tidak mempunyai kendaraan listrik,Rp. 500.000 - Rp. 1.000.000,Tidak Ada perbedaan signifikan,4.0
251,Iya,Rumah,3,Sejuk,1300 VA,Tidak,6-10,1,Tidak ada,1,Tidak ada,1,Tidak ada,1,1,Tidak ada,1,1,1,1,Tidak ada,1,1,4 - 8 jam,4 - 8 jam,4 - 8 jam,2 - 4 jam,2 - 4 jam,2 - 4 jam,3 kali,2 kali,Tidak,Ya,Ya,Tidak,Ya,Tidak,Ya,<2 Jam,3-8 Jam,3-8 Jam,<2 Jam,<2 Jam,3-8 Jam,TIdak,Tidak mempunyai kendaraan listrik,Rp. 500.000 - Rp. 1.000.000,Tidak Ada perbedaan signifikan,3.0
252,Iya,Rumah,5,Sejuk,1300 VA,Tidak,10-15,1,1,1,Tidak ada,Tidak ada,Tidak ada,1,1,Tidak ada,1,Tidak ada,1,Tidak ada,Tidak ada,1,1,> 8 jam,8 - 12 jam,2 - 4 jam,4 - 8 jam,< 2 jam,< 2 jam,3 kali,3 kali,Tidak,Ya,Tidak,Tidak,Tidak,Tidak,Ya,3-8 Jam,3-8 Jam,3-8 Jam,3-8 Jam,<2 Jam,3-8 Jam,Ya,<1 Jam,< Rp. 500.000,Tidak Ada perbedaan signifikan,4.0
253,Iya,Rumah,5,Sejuk,> 2200 VA,Ya,6-10,1,Tidak ada,1,Tidak ada,Tidak ada,Tidak ada,1,1,Tidak ada,1,Tidak ada,2,Tidak ada,Tidak ada,2,2,4 - 8 jam,2 - 4 jam,4 - 8 jam,4 - 8 jam,Tidak punya komputer,Tidak punya komputer,> 4 Kali,3 kali,Tidak,Ya,Tidak,Tidak,Tidak,Ya,Tidak,3-8 Jam,<2 Jam,<2 Jam,3-8 Jam,<2 Jam,3-8 Jam,Ya,Tidak mempunyai kendaraan listrik,Rp. 500.000 - Rp. 1.000.000,Juli,3.0
254,Iya,Rumah,4,Sejuk,2200 VA,Ya,lebih dari 20,1,Tidak ada,1,1,1,1,1,1,Tidak ada,1,1,1,1,Tidak ada,3,1,2 - 4 jam,4 - 8 jam,4 - 8 jam,4 - 8 jam,< 2 jam,2 - 4 jam,4 kali,4 kali,Tidak,Ya,Tidak,Tidak,Tidak,Tidak,Tidak,3-8 Jam,3-8 Jam,9-12 Jam,9-12 Jam,3-8 Jam,9-12 Jam,Ya,Tidak mempunyai kendaraan listrik,Rp. 500.000 - Rp. 1.000.000,Tidak Ada perbedaan signifikan,3.0
255,Iya,Rumah,3,Sejuk,2200 VA,Ya,16-20,1,Tidak ada,1,Tidak ada,1,Tidak ada,Tidak ada,1,1,1,Tidak ada,1,Tidak ada,Tidak ada,1,1,2 - 4 jam,4 - 8 jam,4 - 8 jam,8 - 12 jam,4 - 8 jam,2 - 4 jam,2 kali,3 kali,Tidak,Ya,Tidak,Tidak,Ya,Tidak,Tidak,3-8 Jam,<2 Jam,<2 Jam,3-8 Jam,3-8 Jam,3-8 Jam,Ya,Tidak mempunyai kendaraan listrik,< Rp. 500.000,Tidak Ada perbedaan signifikan,4.0
256,Iya,Gudang,5,Panas,2200 VA,Tidak,16-20,1,Tidak ada,1,Tidak ada,Tidak ada,Tidak ada,1,1,Tidak ada,1,Tidak ada,1,Tidak ada,Tidak ada,1,1,4 - 8 jam,8 - 12 jam,2 - 4 jam,2 - 4 jam,2 - 4 jam,< 2 jam,1 kali,1 kali,Ya,Ya,Tidak,Tidak,Ya,Ya,Tidak,3-8 Jam,<2 Jam,<2 Jam,<2 Jam,3-8 Jam,3-8 Jam,TIdak,Tidak mempunyai kendaraan listrik,< Rp. 500.000,Tidak Ada perbedaan signifikan,4.0
257,Iya,Rumah,4,Sejuk,900 VA,Tidak,1-5,1,Tidak ada,1,Tidak ada,Tidak ada,Tidak ada,Tidak ada,1,Tidak ada,1,Tidak ada,1,Tidak ada,Tidak ada,Tidak ada,1,2 - 4 jam,4 - 8 jam,Tidak punya AC/kipas angin,Tidak punya AC/kipas angin,Tidak punya komputer,Tidak punya komputer,3 kali,> 4 kali,Ya,Ya,Tidak,Tidak,Ya,Ya,Ya,9-12 Jam,> 12 Jam,<2 Jam,3-8 Jam,9-12 Jam,3-8 Jam,Ya,Tidak mempunyai kendaraan listrik,< Rp. 500.000,Tidak Ada perbedaan signifikan,4.0
258,Iya,Rumah,> 5,Sejuk,2200 VA,Tidak,10-15,1,Tidak ada,1,Tidak ada,Tidak ada,Tidak ada,3,1,Tidak ada,3,3,1,Tidak ada,Tidak ada,1,1,< 2 jam,< 2 jam,< 2 jam,< 2 jam,8 - 12 jam,2 - 4 jam,> 4 Kali,3 kali,Tidak,Ya,Tidak,Tidak,Tidak,Tidak,Tidak,<2 Jam,<2 Jam,<2 Jam,<2 Jam,3-8 Jam,3-8 Jam,Ya,Tidak mempunyai kendaraan listrik,Rp. 500.000 - Rp. 1.000.000,Tidak Ada perbedaan signifikan,4.0
259,Iya,Rumah,4,Sejuk,1300 VA,Tidak,6-10,1,Tidak ada,1,Tidak ada,Tidak ada,Tidak ada,Tidak ada,1,Tidak ada,1,Tidak ada,1,Tidak ada,Tidak ada,Tidak ada,1,2 - 4 jam,4 - 8 jam,Tidak punya AC/kipas angin,Tidak punya AC/kipas angin,Tidak punya komputer,Tidak punya komputer,> 4 Kali,> 4 kali,Ya,Ya,Tidak,Ya,Ya,Ya,Ya,> 12 Jam,<2 Jam,<2 Jam,<2 Jam,3-8 Jam,9-12 Jam,TIdak,Tidak mempunyai kendaraan listrik,< Rp. 500.000,Tidak Ada perbedaan signifikan,4.0
260,Iya,Rumah,> 5,Panas,1300 VA,Tidak,6-10,1,Tidak ada,Tidak ada,Tidak ada,Tidak ada,Tidak ada,Tidak ada,Tidak ada,Tidak ada,1,Tidak ada,1,Tidak ada,Tidak ada,2,1,2 - 4 jam,2 - 4 jam,< 2 jam,< 2 jam,Tidak punya komputer,Tidak punya komputer,2 kali,2 kali,Tidak,Ya,Tidak,Tidak,Tidak,Tidak,Tidak,3-8 Jam,<2 Jam,<2 Jam,<2 Jam,<2 Jam,3-8 Jam,Ya,Tidak mempunyai kendaraan listrik,< Rp. 500.000,Tidak Ada perbedaan signifikan,4.0
261,Iya,Rumah,3,Sejuk,900 VA,Tidak,1-5,1,Tidak ada,Tidak ada,Tidak ada,Tidak ada,Tidak ada,Tidak ada,Tidak ada,Tidak ada,Tidak ada,Tidak ada,2,Tidak ada,Tidak ada,Tidak ada,Tidak ada,Tidak punya TV,Tidak punya TV,Tidak punya AC/kipas angin,< 2 jam,Tidak punya komputer,Tidak punya komputer,Tidak punya mesin cuci,Tidak punya setrika,Ya,Ya,Tidak,Tidak,Ya,Ya,Ya,> 12 Jam,> 12 Jam,<2 Jam,<2 Jam,<2 Jam,> 12 Jam,Ya,Tidak mempunyai kendaraan listrik,< Rp. 500.000,Tidak Ada perbedaan signifikan,4.0
262,Iya,Rumah,4,Panas,1300 VA,Tidak,6-10,1,Tidak ada,1,Tidak ada,1,Tidak ada,Tidak ada,1,1,1,Tidak ada,1,1,Tidak ada,1,1,> 8 jam,> 12 jam,< 2 jam,< 2 jam,< 2 jam,< 2 jam,4 kali,> 4 kali,Ya,Ya,Tidak,Tidak,Tidak,Ya,Tidak,3-8 Jam,3-8 Jam,3-8 Jam,3-8 Jam,3-8 Jam,3-8 Jam,TIdak,Tidak mempunyai kendaraan listrik,< Rp. 500.000,September,4.0
263,Iya,Rumah,3,Panas,1300 VA,Tidak,10-15,1,Tidak ada,Tidak ada,Tidak ada,Tidak ada,Tidak ada,Tidak ada,1,Tidak ada,1,Tidak ada,1,Tidak ada,Tidak ada,1,1,< 2 jam,< 2 jam,< 2 jam,2 - 4 jam,Tidak punya komputer,Tidak punya komputer,3 kali,3 kali,Tidak,Ya,Tidak,Tidak,Ya,Tidak,Ya,3-8 Jam,> 12 Jam,3-8 Jam,3-8 Jam,> 12 Jam,9-12 Jam,TIdak,Tidak mempunyai kendaraan listrik,< Rp. 500.000,Tidak Ada perbedaan signifikan,3.0
264,Iya,Rumah,> 5,Sejuk,1300 VA,Tidak,6-10,2,Tidak ada,1,Tidak ada,Tidak ada,Tidak ada,Tidak ada,Tidak ada,Tidak ada,1,Tidak ada,2,Tidak ada,Tidak ada,1,1,2 - 4 jam,4 - 8 jam,Tidak punya AC/kipas angin,Tidak punya AC/kipas angin,Tidak punya komputer,Tidak punya komputer,1 kali,1 kali,Ya,Ya,Tidak,Ya,Tidak,Ya,Tidak,3-8 Jam,<2 Jam,<2 Jam,3-8 Jam,3-8 Jam,3-8 Jam,Ya,Tidak mempunyai kendaraan listrik,< Rp. 500.000,Tidak Ada perbedaan signifikan,3.0
265,Iya,Rumah,> 5,Panas,1300 VA,Tidak,10-15,2,Tidak ada,1,Tidak ada,1,Tidak ada,Tidak ada,Tidak ada,Tidak ada,2,1,3,Tidak ada,Tidak ada,2,2,2 - 4 jam,4 - 8 jam,4 - 8 jam,> 12 jam,< 2 jam,< 2 jam,2 kali,1 kali,Tidak,Ya,Tidak,Ya,Ya,Tidak,Ya,9-12 Jam,> 12 Jam,3-8 Jam,9-12 Jam,> 12 Jam,3-8 Jam,Ya,Tidak mempunyai kendaraan listrik,< Rp. 500.000,Tidak Ada perbedaan signifikan,4.0
266,Iya,Rumah,3,Sejuk,> 2200 VA,Tidak,1-5,1,Tidak ada,1,Tidak ada,1,Tidak ada,1,1,Tidak ada,1,Tidak ada,1,Tidak ada,Tidak ada,1,1,> 8 jam,8 - 12 jam,< 2 jam,< 2 jam,< 2 jam,< 2 jam,2 kali,1 kali,Ya,Ya,Tidak,Tidak,Ya,Ya,Ya,3-8 Jam,> 12 Jam,<2 Jam,<2 Jam,3-8 Jam,3-8 Jam,Ya,Tidak mempunyai kendaraan listrik,< Rp. 500.000,Tidak Ada perbedaan signifikan,4.0
267,Iya,Rumah,4,Sejuk,2200 VA,Ya,10-15,1,1,1,Tidak ada,Tidak ada,Tidak ada,Tidak ada,1,Tidak ada,2,Tidak ada,1,2,Tidak ada,2,1,4 - 8 jam,8 - 12 jam,4 - 8 jam,4 - 8 jam,< 2 jam,< 2 jam,4 kali,2 kali,Tidak,Ya,Tidak,Tidak,Ya,Tidak,Ya,3-8 Jam,9-12 Jam,3-8 Jam,3-8 Jam,3-8 Jam,3-8 Jam,Ya,Tidak mempunyai kendaraan listrik,< Rp. 500.000,Tidak Ada perbedaan signifikan,4.0
268,Iya,Rumah,5,Sejuk,2200 VA,Ya,lebih dari 20,1,1,1,Tidak ada,1,Tidak ada,1,1,Tidak ada,1,Tidak ada,1,1,Tidak ada,1,1,> 8 jam,8 - 12 jam,> 8 jam,8 - 12 jam,4 - 8 jam,4 - 8 jam,4 kali,> 4 kali,Tidak,Ya,Tidak,Tidak,Tidak,Tidak,Tidak,<2 Jam,3-8 Jam,<2 Jam,<2 Jam,3-8 Jam,3-8 Jam,TIdak,Tidak mempunyai kendaraan listrik,Rp. 500.000 - Rp. 1.000.000,Tidak Ada perbedaan signifikan,3.0
269,Iya,Rumah,> 5,Sejuk,1300 VA,Tidak,10-15,1,1,1,Tidak ada,Tidak ada,Tidak ada,Tidak ada,1,Tidak ada,1,Tidak ada,1,Tidak ada,Tidak ada,Tidak ada,Tidak ada,4 - 8 jam,8 - 12 jam,Tidak punya AC/kipas angin,Tidak punya AC/kipas angin,Tidak punya komputer,Tidak punya komputer,Tidak punya mesin cuci,3 kali,Tidak,Ya,Ya,Tidak,Ya,Tidak,Ya,3-8 Jam,> 12 Jam,> 12 Jam,9-12 Jam,> 12 Jam,9-12 Jam,Ya,Tidak mempunyai kendaraan listrik,< Rp. 500.000,Tidak Ada perbedaan signifikan,3.0
270,Iya,Rumah,3,Panas,> 2200 VA,Ya,10-15,1,1,1,Tidak ada,1,Tidak ada,Tidak ada,Tidak ada,1,2,Tidak ada,1,3,Tidak ada,1,1,4 - 8 jam,8 - 12 jam,4 - 8 jam,8 - 12 jam,< 2 jam,< 2 jam,> 4 Kali,> 4 kali,Ya,Ya,Tidak,Tidak,Ya,Ya,Ya,3-8 Jam,> 12 Jam,3-8 Jam,3-8 Jam,3-8 Jam,3-8 Jam,Ya,Tidak mempunyai kendaraan listrik,Rp. 1.000.001 - Rp 1.500.000,Juni,3.0
271,Iya,Rumah,3,Panas,1300 VA,Ya,6-10,1,1,1,1,1,Tidak ada,1,1,Tidak ada,2,1,1,1,Tidak ada,3,1,2 - 4 jam,4 - 8 jam,4 - 8 jam,4 - 8 jam,2 - 4 jam,2 - 4 jam,> 4 Kali,4 kali,Tidak,Ya,Tidak,Ya,Tidak,Tidak,Ya,<2 Jam,9-12 Jam,3-8 Jam,9-12 Jam,3-8 Jam,3-8 Jam,Ya,Tidak mempunyai kendaraan listrik,< Rp. 500.000,Tidak Ada perbedaan signifikan,4.0
272,Iya,Rumah,4,Panas,1300 VA,Tidak,6-10,2,1,1,Tidak ada,1,Tidak ada,1,1,Tidak ada,1,Tidak ada,1,Tidak ada,Tidak ada,2,1,2 - 4 jam,4 - 8 jam,4 - 8 jam,8 - 12 jam,4 - 8 jam,2 - 4 jam,> 4 Kali,> 4 kali,Tidak,Ya,Tidak,Tidak,Ya,Tidak,Tidak,<2 Jam,<2 Jam,3-8 Jam,3-8 Jam,3-8 Jam,9-12 Jam,Ya,Tidak mempunyai kendaraan listrik,< Rp. 500.000,Tidak Ada perbedaan signifikan,4.0
273,Iya,Rumah,4,Panas,900 VA,Tidak,6-10,1,Tidak ada,1,Tidak ada,Tidak ada,Tidak ada,Tidak ada,1,Tidak ada,1,Tidak ada,1,Tidak ada,Tidak ada,1,1,2 - 4 jam,4 - 8 jam,Tidak punya AC/kipas angin,Tidak punya AC/kipas angin,Tidak punya komputer,Tidak punya komputer,3 kali,> 4 kali,Tidak,Ya,Tidak,Tidak,Ya,Tidak,Ya,> 12 Jam,> 12 Jam,3-8 Jam,3-8 Jam,> 12 Jam,3-8 Jam,Ya,Tidak mempunyai kendaraan listrik,< Rp. 500.000,April,4.0
274,Iya,Rumah,3,Panas,1300 VA,Tidak,6-10,1,Tidak ada,1,Tidak ada,Tidak ada,Tidak ada,1,Tidak ada,Tidak ada,1,Tidak ada,1,2,Tidak ada,1,1,4 - 8 jam,8 - 12 jam,4 - 8 jam,4 - 8 jam,8 - 12 jam,< 2 jam,1 kali,1 kali,Ya,Ya,Tidak,Tidak,Ya,Ya,Tidak,> 12 Jam,<2 Jam,9-12 Jam,9-12 Jam,> 12 Jam,3-8 Jam,Ya,Tidak mempunyai kendaraan listrik,< Rp. 500.000,Tidak Ada perbedaan signifikan,4.0
275,Iya,Rumah,5,Sejuk,2200 VA,Ya,10-15,1,Tidak ada,1,Tidak ada,1,Tidak ada,1,1,1,1,1,1,Tidak ada,Tidak ada,1,1,4 - 8 jam,2 - 4 jam,< 2 jam,< 2 jam,< 2 jam,< 2 jam,3 kali,3 kali,Tidak,Ya,Tidak,Ya,Ya,Tidak,Tidak,3-8 Jam,<2 Jam,3-8 Jam,9-12 Jam,3-8 Jam,3-8 Jam,Ya,Tidak mempunyai kendaraan listrik,Rp. 500.000 - Rp. 1.000.000,Juni,3.0
276,Iya,Rumah,5,Sejuk,900 VA,Tidak,10-15,1,Tidak ada,1,Tidak ada,Tidak ada,Tidak ada,Tidak ada,1,Tidak ada,1,1,1,Tidak ada,1,1,1,4 - 8 jam,8 - 12 jam,< 2 jam,< 2 jam,2 - 4 jam,2 - 4 jam,4 kali,1 kali,Tidak,Ya,Tidak,Tidak,Ya,Tidak,Ya,<2 Jam,> 12 Jam,3-8 Jam,3-8 Jam,3-8 Jam,9-12 Jam,Ya,1-2 Jam,< Rp. 500.000,Tidak Ada perbedaan signifikan,4.0
277,Iya,Rumah,5,Sejuk,1300 VA,Tidak,10-15,2,1,1,Tidak ada,1,Tidak ada,1,2,2,2,Tidak ada,1,Tidak ada,Tidak ada,2,1,4 - 8 jam,8 - 12 jam,2 - 4 jam,4 - 8 jam,4 - 8 jam,8 - 12 jam,> 4 Kali,> 4 kali,Ya,Ya,Tidak,Tidak,Tidak,Ya,Ya,> 12 Jam,> 12 Jam,9-12 Jam,9-12 Jam,3-8 Jam,<2 Jam,Ya,Tidak mempunyai kendaraan listrik,< Rp. 500.000,Tidak Ada perbedaan signifikan,2.0
278,Iya,Rumah,3,Panas,900 VA,Tidak,6-10,1,Tidak ada,Tidak ada,Tidak ada,Tidak ada,Tidak ada,1,Tidak ada,Tidak ada,Tidak ada,Tidak ada,Tidak ada,Tidak ada,Tidak ada,Tidak ada,Tidak ada,Tidak punya TV,Tidak punya TV,Tidak punya AC/kipas angin,Tidak punya AC/kipas angin,Tidak punya komputer,2 - 4 jam,Tidak punya mesin cuci,> 4 kali,Tidak,Ya,Tidak,Tidak,Ya,Tidak,Ya,9-12 Jam,9-12 Jam,3-8 Jam,<2 Jam,9-12 Jam,9-12 Jam,Ya,Tidak mempunyai kendaraan listrik,< Rp. 500.000,Agustus,3.0
279,Iya,Rumah,4,Sejuk,1300 VA,Tidak,6-10,1,Tidak ada,Tidak ada,Tidak ada,Tidak ada,Tidak ada,Tidak ada,Tidak ada,Tidak ada,1,Tidak ada,Tidak ada,Tidak ada,1,1,1,< 2 jam,< 2 jam,< 2 jam,< 2 jam,Tidak punya komputer,Tidak punya komputer,3 kali,4 kali,Ya,Ya,Tidak,Ya,Tidak,Tidak,Ya,3-8 Jam,> 12 Jam,<2 Jam,3-8 Jam,3-8 Jam,3-8 Jam,Ya,Tidak mempunyai kendaraan listrik,< Rp. 500.000,Tidak Ada perbedaan signifikan,4.0
280,Iya,Kontrakan,3,Sejuk,1300 VA,Tidak,6-10,1,Tidak ada,Tidak ada,Tidak ada,Tidak ada,Tidak ada,Tidak ada,1,Tidak ada,1,Tidak ada,1,1,Tidak ada,1,Tidak ada,2 - 4 jam,2 - 4 jam,4 - 8 jam,4 - 8 jam,Tidak punya komputer,Tidak punya komputer,Tidak punya mesin cuci,2 kali,Ya,Ya,Tidak,Tidak,Tidak,Tidak,Ya,3-8 Jam,9-12 Jam,<2 Jam,3-8 Jam,3-8 Jam,9-12 Jam,Ya,Tidak mempunyai kendaraan listrik,< Rp. 500.000,Tidak Ada perbedaan signifikan,4.0
281,Iya,Rumah,4,Sejuk,2200 VA,Tidak,16-20,1,Tidak ada,1,1,1,1,1,1,Tidak ada,1,1,1,3,Tidak ada,2,1,2 - 4 jam,2 - 4 jam,4 - 8 jam,8 - 12 jam,2 - 4 jam,2 - 4 jam,2 kali,2 kali,Ya,Ya,Tidak,Tidak,Ya,Tidak,Ya,3-8 Jam,9-12 Jam,<2 Jam,3-8 Jam,9-12 Jam,> 12 Jam,Ya,Tidak mempunyai kendaraan listrik,Rp. 500.000 - Rp. 1.000.000,Tidak Ada perbedaan signifikan,4.0
282,Iya,Rumah,4,Sejuk,> 2200 VA,Ya,lebih dari 20,1,1,1,1,1,1,2,1,Tidak ada,1,2,1,3,Tidak ada,1,1,2 - 4 jam,2 - 4 jam,4 - 8 jam,8 - 12 jam,2 - 4 jam,4 - 8 jam,3 kali,2 kali,Ya,Ya,Tidak,Tidak,Ya,Tidak,Ya,3-8 Jam,9-12 Jam,<2 Jam,3-8 Jam,9-12 Jam,> 12 Jam,Ya,Tidak mempunyai kendaraan listrik,Rp. 1.500.001 - Rp 2.000.000,Tidak Ada perbedaan signifikan,4.0
283,Iya,Rumah,5,Sejuk,1300 VA,Tidak,10-15,1,Tidak ada,1,Tidak ada,1,Tidak ada,2,2,Tidak ada,1,Tidak ada,1,Tidak ada,Tidak ada,2,Tidak ada,2 - 4 jam,< 2 jam,4 - 8 jam,8 - 12 jam,2 - 4 jam,2 - 4 jam,> 4 Kali,> 4 kali,Tidak,Ya,Tidak,Tidak,Tidak,Tidak,Tidak,3-8 Jam,9-12 Jam,<2 Jam,3-8 Jam,9-12 Jam,3-8 Jam,Ya,Tidak mempunyai kendaraan listrik,Rp. 500.000 - Rp. 1.000.000,Juli,4.0
284,Iya,Rumah,4,Panas,450 VA,Tidak,6-10,Tidak ada,Tidak ada,1,Tidak ada,Tidak ada,Tidak ada,Tidak ada,2,Tidak ada,2,Tidak ada,1,Tidak ada,Tidak ada,1,Tidak ada,2 - 4 jam,8 - 12 jam,2 - 4 jam,8 - 12 jam,Tidak punya komputer,Tidak punya komputer,Tidak punya mesin cuci,2 kali,Ya,Tidak,Ya,Ya,Ya,Tidak,Ya,9-12 Jam,> 12 Jam,> 12 Jam,> 12 Jam,> 12 Jam,9-12 Jam,Ya,Tidak mempunyai kendaraan listrik,< Rp. 500.000,Tidak Ada perbedaan signifikan,4.0
285,Iya,Rumah,5,Panas,900 VA,Tidak,6-10,1,Tidak ada,1,1,Tidak ada,Tidak ada,Tidak ada,2,Tidak ada,1,Tidak ada,1,Tidak ada,Tidak ada,1,1,4 - 8 jam,4 - 8 jam,< 2 jam,< 2 jam,Tidak punya komputer,Tidak punya komputer,3 kali,3 kali,Ya,Ya,Ya,Ya,Ya,Ya,Ya,9-12 Jam,> 12 Jam,9-12 Jam,<2 Jam,<2 Jam,<2 Jam,Ya,Tidak mempunyai kendaraan listrik,< Rp. 500.000,Tidak Ada perbedaan signifikan,4.0
